ISO-10303-21;
HEADER;
/* Generated by software containing ST-Developer
 * from STEP Tools, Inc. (www.steptools.com) 
 */

FILE_DESCRIPTION(
/* description */ (''),
/* implementation_level */ '2;1');

FILE_NAME(
/* name */ '',
/* time_stamp */ '2026-09-23T21:52:26+08:00',
/* author */ (''),
/* organization */ (''),
/* preprocessor_version */ 'ST-DEVELOPER v20.2',
/* originating_system */ 'Autodesk Translation Framework v15.15.0.0',
/* authorisation */ '');

FILE_SCHEMA (('AUTOMOTIVE_DESIGN { 1 0 10303 214 3 1 1 }'));
ENDSEC;

DATA;
#10=MECHANICAL_DESIGN_GEOMETRIC_PRESENTATION_REPRESENTATION('',(#13),#10891);
#11=SHAPE_REPRESENTATION_RELATIONSHIP('SRR','None',#10897,#12);
#12=ADVANCED_BREP_SHAPE_REPRESENTATION('',(#14),#10890);
#13=STYLED_ITEM('',(#10906),#14);
#14=MANIFOLD_SOLID_BREP('\X2\5B9E4F53\X0\35',#5041);
#15=B_SPLINE_SURFACE_WITH_KNOTS('',3,1,((#6117,#6118),(#6119,#6120),(#6121,
#6122),(#6123,#6124),(#6125,#6126)),.UNSPECIFIED.,.F.,.F.,.F.,(4,1,4),(2,
2),(-0.757041838365159,-0.358971279744394,0.),(0.,5.),.UNSPECIFIED.);
#16=B_SPLINE_SURFACE_WITH_KNOTS('',3,1,((#6145,#6146),(#6147,#6148),(#6149,
#6150),(#6151,#6152),(#6153,#6154)),.UNSPECIFIED.,.F.,.F.,.F.,(4,1,4),(2,
2),(-1.5785022401291,-0.752914306612508,0.),(0.,5.),.UNSPECIFIED.);
#17=B_SPLINE_SURFACE_WITH_KNOTS('',3,1,((#6169,#6170),(#6171,#6172),(#6173,
#6174),(#6175,#6176),(#6177,#6178)),.UNSPECIFIED.,.F.,.F.,.F.,(4,1,4),(2,
2),(-1.5785022401291,-0.752914306612508,0.),(0.,5.),.UNSPECIFIED.);
#18=B_SPLINE_SURFACE_WITH_KNOTS('',3,1,((#6210,#6211),(#6212,#6213),(#6214,
#6215),(#6216,#6217),(#6218,#6219)),.UNSPECIFIED.,.F.,.F.,.F.,(4,1,4),(2,
2),(-0.665064211933475,-0.369092571765444,0.),(0.,5.),.UNSPECIFIED.);
#19=B_SPLINE_SURFACE_WITH_KNOTS('',3,1,((#6255,#6256),(#6257,#6258),(#6259,
#6260),(#6261,#6262),(#6263,#6264)),.UNSPECIFIED.,.F.,.F.,.F.,(4,1,4),(2,
2),(-0.757041838365159,-0.358971279744394,0.),(0.,5.),.UNSPECIFIED.);
#20=B_SPLINE_SURFACE_WITH_KNOTS('',3,1,((#6283,#6284),(#6285,#6286),(#6287,
#6288),(#6289,#6290),(#6291,#6292)),.UNSPECIFIED.,.F.,.F.,.F.,(4,1,4),(2,
2),(-0.757041838365159,-0.358971279744394,0.),(0.,5.),.UNSPECIFIED.);
#21=B_SPLINE_SURFACE_WITH_KNOTS('',3,1,((#6302,#6303),(#6304,#6305),(#6306,
#6307),(#6308,#6309),(#6310,#6311)),.UNSPECIFIED.,.F.,.F.,.F.,(4,1,4),(2,
2),(-0.624937398954048,-0.29140169747048,0.),(0.,5.),.UNSPECIFIED.);
#22=B_SPLINE_SURFACE_WITH_KNOTS('',3,1,((#6319,#6320),(#6321,#6322),(#6323,
#6324),(#6325,#6326),(#6327,#6328)),.UNSPECIFIED.,.F.,.F.,.F.,(4,1,4),(2,
2),(-0.624937398954048,-0.29140169747048,0.),(0.,5.),.UNSPECIFIED.);
#23=B_SPLINE_SURFACE_WITH_KNOTS('',3,1,((#6393,#6394),(#6395,#6396),(#6397,
#6398),(#6399,#6400),(#6401,#6402)),.UNSPECIFIED.,.F.,.F.,.F.,(4,1,4),(2,
2),(-0.665064211933475,-0.369092571765444,0.),(0.,5.),.UNSPECIFIED.);
#24=B_SPLINE_SURFACE_WITH_KNOTS('',3,1,((#6407,#6408),(#6409,#6410),(#6411,
#6412),(#6413,#6414),(#6415,#6416)),.UNSPECIFIED.,.F.,.F.,.F.,(4,1,4),(2,
2),(-0.665064211933475,-0.369092571765444,0.),(0.,5.),.UNSPECIFIED.);
#25=B_SPLINE_SURFACE_WITH_KNOTS('',3,1,((#6425,#6426),(#6427,#6428),(#6429,
#6430),(#6431,#6432),(#6433,#6434)),.UNSPECIFIED.,.F.,.F.,.F.,(4,1,4),(2,
2),(-0.322490048694211,-0.112655954080311,0.),(0.,5.),.UNSPECIFIED.);
#26=B_SPLINE_SURFACE_WITH_KNOTS('',3,1,((#6503,#6504),(#6505,#6506),(#6507,
#6508),(#6509,#6510),(#6511,#6512)),.UNSPECIFIED.,.F.,.F.,.F.,(4,1,4),(2,
2),(-0.169679356430797,-0.0652719668083186,0.),(0.,5.),.UNSPECIFIED.);
#27=B_SPLINE_SURFACE_WITH_KNOTS('',3,1,((#6608,#6609),(#6610,#6611),(#6612,
#6613),(#6614,#6615),(#6616,#6617)),.UNSPECIFIED.,.F.,.F.,.F.,(4,1,4),(2,
2),(-1.67360549852778,-0.89324182896111,0.),(0.,5.),.UNSPECIFIED.);
#28=B_SPLINE_SURFACE_WITH_KNOTS('',3,1,((#6655,#6656),(#6657,#6658),(#6659,
#6660),(#6661,#6662),(#6663,#6664)),.UNSPECIFIED.,.F.,.F.,.F.,(4,1,4),(2,
2),(-1.65216949755293,-0.816864983459407,0.),(0.,5.),.UNSPECIFIED.);
#29=B_SPLINE_SURFACE_WITH_KNOTS('',3,1,((#6688,#6689),(#6690,#6691),(#6692,
#6693),(#6694,#6695),(#6696,#6697)),.UNSPECIFIED.,.F.,.F.,.F.,(4,1,4),(2,
2),(-0.87422043060315,-0.408479764772491,0.),(0.,5.),.UNSPECIFIED.);
#30=B_SPLINE_SURFACE_WITH_KNOTS('',3,1,((#6704,#6705),(#6706,#6707),(#6708,
#6709),(#6710,#6711),(#6712,#6713)),.UNSPECIFIED.,.F.,.F.,.F.,(4,1,4),(2,
2),(-0.691958092690996,-0.333922006955576,0.),(0.,5.),.UNSPECIFIED.);
#31=B_SPLINE_SURFACE_WITH_KNOTS('',3,1,((#6715,#6716),(#6717,#6718),(#6719,
#6720),(#6721,#6722),(#6723,#6724)),.UNSPECIFIED.,.F.,.F.,.F.,(4,1,4),(2,
2),(-0.790578169879784,-0.431401549863295,0.),(0.,5.),.UNSPECIFIED.);
#32=B_SPLINE_SURFACE_WITH_KNOTS('',3,1,((#6740,#6741),(#6742,#6743),(#6744,
#6745),(#6746,#6747),(#6748,#6749)),.UNSPECIFIED.,.F.,.F.,.F.,(4,1,4),(2,
2),(-1.26036395348079,-0.609125878038476,0.),(0.,5.),.UNSPECIFIED.);
#33=B_SPLINE_SURFACE_WITH_KNOTS('',3,1,((#6837,#6838),(#6839,#6840),(#6841,
#6842),(#6843,#6844),(#6845,#6846)),.UNSPECIFIED.,.F.,.F.,.F.,(4,1,4),(2,
2),(-0.665064211933475,-0.369092571765444,0.),(0.,5.),.UNSPECIFIED.);
#34=B_SPLINE_SURFACE_WITH_KNOTS('',3,1,((#6856,#6857),(#6858,#6859),(#6860,
#6861),(#6862,#6863),(#6864,#6865)),.UNSPECIFIED.,.F.,.F.,.F.,(4,1,4),(2,
2),(-0.691958092690996,-0.333922006955576,0.),(0.,5.),.UNSPECIFIED.);
#35=B_SPLINE_SURFACE_WITH_KNOTS('',3,1,((#6881,#6882),(#6883,#6884),(#6885,
#6886),(#6887,#6888),(#6889,#6890)),.UNSPECIFIED.,.F.,.F.,.F.,(4,1,4),(2,
2),(-0.766188925112349,-0.367877567850992,0.),(0.,5.),.UNSPECIFIED.);
#36=B_SPLINE_SURFACE_WITH_KNOTS('',3,1,((#6983,#6984),(#6985,#6986),(#6987,
#6988),(#6989,#6990),(#6991,#6992)),.UNSPECIFIED.,.F.,.F.,.F.,(4,1,4),(2,
2),(-1.02963719656186,-0.463249523289658,0.),(0.,5.),.UNSPECIFIED.);
#37=B_SPLINE_SURFACE_WITH_KNOTS('',3,1,((#7038,#7039),(#7040,#7041),(#7042,
#7043),(#7044,#7045),(#7046,#7047)),.UNSPECIFIED.,.F.,.F.,.F.,(4,1,4),(2,
2),(-0.790578169879784,-0.431401549863295,0.),(0.,5.),.UNSPECIFIED.);
#38=B_SPLINE_SURFACE_WITH_KNOTS('',3,1,((#7052,#7053),(#7054,#7055),(#7056,
#7057),(#7058,#7059),(#7060,#7061)),.UNSPECIFIED.,.F.,.F.,.F.,(4,1,4),(2,
2),(-0.76870519708672,-0.391025153259535,0.),(0.,5.),.UNSPECIFIED.);
#39=B_SPLINE_SURFACE_WITH_KNOTS('',3,1,((#7076,#7077),(#7078,#7079),(#7080,
#7081),(#7082,#7083),(#7084,#7085)),.UNSPECIFIED.,.F.,.F.,.F.,(4,1,4),(2,
2),(-0.54141759245142,-0.314578630594717,0.),(0.,5.),.UNSPECIFIED.);
#40=B_SPLINE_SURFACE_WITH_KNOTS('',3,1,((#7095,#7096),(#7097,#7098),(#7099,
#7100),(#7101,#7102),(#7103,#7104)),.UNSPECIFIED.,.F.,.F.,.F.,(4,1,4),(2,
2),(-1.35952034116211,-0.705399080484468,0.),(0.,5.),.UNSPECIFIED.);
#41=B_SPLINE_SURFACE_WITH_KNOTS('',3,1,((#7159,#7160),(#7161,#7162),(#7163,
#7164),(#7165,#7166),(#7167,#7168)),.UNSPECIFIED.,.F.,.F.,.F.,(4,1,4),(2,
2),(-0.757041838365159,-0.358971279744394,0.),(0.,5.),.UNSPECIFIED.);
#42=B_SPLINE_SURFACE_WITH_KNOTS('',3,1,((#7181,#7182),(#7183,#7184),(#7185,
#7186),(#7187,#7188),(#7189,#7190)),.UNSPECIFIED.,.F.,.F.,.F.,(4,1,4),(2,
2),(-0.757041838365159,-0.358971279744394,0.),(0.,5.),.UNSPECIFIED.);
#43=B_SPLINE_SURFACE_WITH_KNOTS('',3,1,((#7200,#7201),(#7202,#7203),(#7204,
#7205),(#7206,#7207),(#7208,#7209)),.UNSPECIFIED.,.F.,.F.,.F.,(4,1,4),(2,
2),(-0.962798261102053,-0.554257998214386,0.),(0.,5.),.UNSPECIFIED.);
#44=B_SPLINE_SURFACE_WITH_KNOTS('',3,1,((#7243,#7244),(#7245,#7246),(#7247,
#7248),(#7249,#7250),(#7251,#7252)),.UNSPECIFIED.,.F.,.F.,.F.,(4,1,4),(2,
2),(-0.679563654416422,-0.340696200422397,0.),(0.,5.),.UNSPECIFIED.);
#45=B_SPLINE_SURFACE_WITH_KNOTS('',3,1,((#7271,#7272),(#7273,#7274),(#7275,
#7276),(#7277,#7278),(#7279,#7280)),.UNSPECIFIED.,.F.,.F.,.F.,(4,1,4),(2,
2),(-1.26036395348079,-0.609125878038476,0.),(0.,5.),.UNSPECIFIED.);
#46=B_SPLINE_SURFACE_WITH_KNOTS('',3,1,((#7285,#7286),(#7287,#7288),(#7289,
#7290),(#7291,#7292),(#7293,#7294)),.UNSPECIFIED.,.F.,.F.,.F.,(4,1,4),(2,
2),(-1.25685326926765,-0.717271976551141,0.),(0.,5.),.UNSPECIFIED.);
#47=B_SPLINE_SURFACE_WITH_KNOTS('',3,1,((#7295,#7296),(#7297,#7298),(#7299,
#7300),(#7301,#7302),(#7303,#7304)),.UNSPECIFIED.,.F.,.F.,.F.,(4,1,4),(2,
2),(-1.17353434137425,-0.541270365606133,0.),(0.,5.),.UNSPECIFIED.);
#48=B_SPLINE_SURFACE_WITH_KNOTS('',3,1,((#7332,#7333),(#7334,#7335),(#7336,
#7337),(#7338,#7339),(#7340,#7341)),.UNSPECIFIED.,.F.,.F.,.F.,(4,1,4),(2,
2),(-0.223312727388794,-0.0816076693904661,0.),(0.,5.),.UNSPECIFIED.);
#49=B_SPLINE_SURFACE_WITH_KNOTS('',3,1,((#7361,#7362),(#7363,#7364),(#7365,
#7366),(#7367,#7368),(#7369,#7370)),.UNSPECIFIED.,.F.,.F.,.F.,(4,1,4),(2,
2),(-0.1623375392765,-0.0601536997752624,0.),(0.,5.),.UNSPECIFIED.);
#50=B_SPLINE_SURFACE_WITH_KNOTS('',3,1,((#7389,#7390),(#7391,#7392),(#7393,
#7394),(#7395,#7396),(#7397,#7398)),.UNSPECIFIED.,.F.,.F.,.F.,(4,1,4),(2,
2),(-0.166048892945763,-0.104553073196879,0.),(0.,5.),.UNSPECIFIED.);
#51=B_SPLINE_SURFACE_WITH_KNOTS('',3,1,((#7441,#7442),(#7443,#7444),(#7445,
#7446),(#7447,#7448),(#7449,#7450)),.UNSPECIFIED.,.F.,.F.,.F.,(4,1,4),(2,
2),(-1.00463684256299,-0.517187730119237,0.),(0.,5.),.UNSPECIFIED.);
#52=B_SPLINE_SURFACE_WITH_KNOTS('',3,1,((#7469,#7470),(#7471,#7472),(#7473,
#7474),(#7475,#7476),(#7477,#7478)),.UNSPECIFIED.,.F.,.F.,.F.,(4,1,4),(2,
2),(-0.757041838365159,-0.358971279744394,0.),(0.,5.),.UNSPECIFIED.);
#53=B_SPLINE_SURFACE_WITH_KNOTS('',3,1,((#7479,#7480),(#7481,#7482),(#7483,
#7484),(#7485,#7486),(#7487,#7488)),.UNSPECIFIED.,.F.,.F.,.F.,(4,1,4),(2,
2),(-0.790578169879784,-0.431401549863295,0.),(0.,5.),.UNSPECIFIED.);
#54=B_SPLINE_SURFACE_WITH_KNOTS('',3,1,((#7490,#7491),(#7492,#7493),(#7494,
#7495),(#7496,#7497),(#7498,#7499)),.UNSPECIFIED.,.F.,.F.,.F.,(4,1,4),(2,
2),(-0.691958092690996,-0.333922006955576,0.),(0.,5.),.UNSPECIFIED.);
#55=B_SPLINE_SURFACE_WITH_KNOTS('',3,1,((#7501,#7502),(#7503,#7504),(#7505,
#7506),(#7507,#7508),(#7509,#7510)),.UNSPECIFIED.,.F.,.F.,.F.,(4,1,4),(2,
2),(-2.56285749345149,-1.25301639879518,0.),(0.,5.),.UNSPECIFIED.);
#56=B_SPLINE_SURFACE_WITH_KNOTS('',3,1,((#7611,#7612),(#7613,#7614),(#7615,
#7616),(#7617,#7618),(#7619,#7620)),.UNSPECIFIED.,.F.,.F.,.F.,(4,1,4),(2,
2),(-0.815153622859814,-0.398397793736654,0.),(0.,5.),.UNSPECIFIED.);
#57=B_SPLINE_SURFACE_WITH_KNOTS('',3,1,((#7649,#7650),(#7651,#7652),(#7653,
#7654),(#7655,#7656),(#7657,#7658)),.UNSPECIFIED.,.F.,.F.,.F.,(4,1,4),(2,
2),(-0.982796274278653,-0.511747048208694,0.),(0.,5.),.UNSPECIFIED.);
#58=B_SPLINE_SURFACE_WITH_KNOTS('',3,1,((#7807,#7808),(#7809,#7810),(#7811,
#7812),(#7813,#7814),(#7815,#7816)),.UNSPECIFIED.,.F.,.F.,.F.,(4,1,4),(2,
2),(-1.00463684256299,-0.517187730119237,0.),(0.,5.),.UNSPECIFIED.);
#59=B_SPLINE_SURFACE_WITH_KNOTS('',3,1,((#7900,#7901),(#7902,#7903),(#7904,
#7905),(#7906,#7907),(#7908,#7909)),.UNSPECIFIED.,.F.,.F.,.F.,(4,1,4),(2,
2),(-0.807988561382216,-0.434857976146298,0.),(0.,5.),.UNSPECIFIED.);
#60=B_SPLINE_SURFACE_WITH_KNOTS('',3,1,((#7950,#7951),(#7952,#7953),(#7954,
#7955),(#7956,#7957),(#7958,#7959)),.UNSPECIFIED.,.F.,.F.,.F.,(4,1,4),(2,
2),(-0.809076739624379,-0.380541541422548,0.),(0.,5.),.UNSPECIFIED.);
#61=B_SPLINE_SURFACE_WITH_KNOTS('',3,1,((#8030,#8031),(#8032,#8033),(#8034,
#8035),(#8036,#8037),(#8038,#8039)),.UNSPECIFIED.,.F.,.F.,.F.,(4,1,4),(2,
2),(-1.06901857263763,-0.505758767042559,0.),(0.,5.),.UNSPECIFIED.);
#62=B_SPLINE_SURFACE_WITH_KNOTS('',3,1,((#8052,#8053),(#8054,#8055),(#8056,
#8057),(#8058,#8059),(#8060,#8061)),.UNSPECIFIED.,.F.,.F.,.F.,(4,1,4),(2,
2),(-0.634560351641013,-0.327866162815969,0.),(0.,5.),.UNSPECIFIED.);
#63=B_SPLINE_SURFACE_WITH_KNOTS('',3,1,((#8111,#8112),(#8113,#8114),(#8115,
#8116),(#8117,#8118),(#8119,#8120)),.UNSPECIFIED.,.F.,.F.,.F.,(4,1,4),(2,
2),(-0.989414977647346,-0.476660800614601,-0.0376334548904381),(0.,5.),
 .UNSPECIFIED.);
#64=B_SPLINE_SURFACE_WITH_KNOTS('',3,1,((#8141,#8142),(#8143,#8144),(#8145,
#8146),(#8147,#8148),(#8149,#8150)),.UNSPECIFIED.,.F.,.F.,.F.,(4,1,4),(2,
2),(-0.494558224641139,-0.256021697843057,0.),(0.,5.),.UNSPECIFIED.);
#65=B_SPLINE_SURFACE_WITH_KNOTS('',3,1,((#8196,#8197),(#8198,#8199),(#8200,
#8201),(#8202,#8203),(#8204,#8205)),.UNSPECIFIED.,.F.,.F.,.F.,(4,1,4),(2,
2),(-0.706378324418219,-0.324999320871862,0.),(0.,5.),.UNSPECIFIED.);
#66=B_SPLINE_SURFACE_WITH_KNOTS('',3,1,((#8330,#8331),(#8332,#8333),(#8334,
#8335),(#8336,#8337),(#8338,#8339)),.UNSPECIFIED.,.F.,.F.,.F.,(4,1,4),(2,
2),(-1.01460993793941,-0.55163481545834,0.),(0.,5.),.UNSPECIFIED.);
#67=B_SPLINE_SURFACE_WITH_KNOTS('',3,1,((#8403,#8404),(#8405,#8406),(#8407,
#8408),(#8409,#8410),(#8411,#8412)),.UNSPECIFIED.,.F.,.F.,.F.,(4,1,4),(2,
2),(-0.725434191073113,-0.332865079710619,0.),(0.,5.),.UNSPECIFIED.);
#68=B_SPLINE_SURFACE_WITH_KNOTS('',3,1,((#8443,#8444),(#8445,#8446),(#8447,
#8448),(#8449,#8450),(#8451,#8452)),.UNSPECIFIED.,.F.,.F.,.F.,(4,1,4),(2,
2),(-0.782583329377314,-0.368929381419316,0.),(0.,5.),.UNSPECIFIED.);
#69=B_SPLINE_SURFACE_WITH_KNOTS('',3,1,((#8473,#8474),(#8475,#8476),(#8477,
#8478),(#8479,#8480),(#8481,#8482)),.UNSPECIFIED.,.F.,.F.,.F.,(4,1,4),(2,
2),(-0.808337686358398,-0.410859450122106,0.),(0.,5.),.UNSPECIFIED.);
#70=B_SPLINE_SURFACE_WITH_KNOTS('',3,1,((#8514,#8515),(#8516,#8517),(#8518,
#8519),(#8520,#8521),(#8522,#8523)),.UNSPECIFIED.,.F.,.F.,.F.,(4,1,4),(2,
2),(-1.62826006594514,-0.894048595100473,0.),(0.,5.),.UNSPECIFIED.);
#71=B_SPLINE_SURFACE_WITH_KNOTS('',3,1,((#8544,#8545),(#8546,#8547),(#8548,
#8549),(#8550,#8551),(#8552,#8553)),.UNSPECIFIED.,.F.,.F.,.F.,(4,1,4),(2,
2),(-0.812895996897311,-0.399813438411808,0.),(0.,5.),.UNSPECIFIED.);
#72=B_SPLINE_SURFACE_WITH_KNOTS('',3,1,((#8602,#8603),(#8604,#8605),(#8606,
#8607),(#8608,#8609),(#8610,#8611)),.UNSPECIFIED.,.F.,.F.,.F.,(4,1,4),(2,
2),(-0.863545945711342,-0.543090792080125,0.),(0.,5.),.UNSPECIFIED.);
#73=B_SPLINE_SURFACE_WITH_KNOTS('',3,1,((#8718,#8719),(#8720,#8721),(#8722,
#8723),(#8724,#8725),(#8726,#8727)),.UNSPECIFIED.,.F.,.F.,.F.,(4,1,4),(2,
2),(-0.815153622859814,-0.398397793736654,0.),(0.,5.),.UNSPECIFIED.);
#74=B_SPLINE_SURFACE_WITH_KNOTS('',3,1,((#8747,#8748),(#8749,#8750),(#8751,
#8752),(#8753,#8754),(#8755,#8756)),.UNSPECIFIED.,.F.,.F.,.F.,(4,1,4),(2,
2),(-0.815153622859814,-0.398397793736654,0.),(0.,5.),.UNSPECIFIED.);
#75=B_SPLINE_SURFACE_WITH_KNOTS('',3,1,((#8793,#8794),(#8795,#8796),(#8797,
#8798),(#8799,#8800),(#8801,#8802)),.UNSPECIFIED.,.F.,.F.,.F.,(4,1,4),(2,
2),(-0.810959338023699,-0.414474705174454,0.),(0.,5.),.UNSPECIFIED.);
#76=B_SPLINE_SURFACE_WITH_KNOTS('',3,1,((#8829,#8830),(#8831,#8832),(#8833,
#8834),(#8835,#8836),(#8837,#8838)),.UNSPECIFIED.,.F.,.F.,.F.,(4,1,4),(2,
2),(-0.810959338023699,-0.414474705174454,0.),(0.,5.),.UNSPECIFIED.);
#77=B_SPLINE_SURFACE_WITH_KNOTS('',3,1,((#8865,#8866),(#8867,#8868),(#8869,
#8870),(#8871,#8872),(#8873,#8874)),.UNSPECIFIED.,.F.,.F.,.F.,(4,1,4),(2,
2),(-0.810959338023699,-0.414474705174454,0.),(0.,5.),.UNSPECIFIED.);
#78=B_SPLINE_SURFACE_WITH_KNOTS('',3,1,((#8939,#8940),(#8941,#8942),(#8943,
#8944),(#8945,#8946),(#8947,#8948)),.UNSPECIFIED.,.F.,.F.,.F.,(4,1,4),(2,
2),(-0.87422043060315,-0.408479764772491,0.),(0.,5.),.UNSPECIFIED.);
#79=B_SPLINE_SURFACE_WITH_KNOTS('',3,1,((#8985,#8986),(#8987,#8988),(#8989,
#8990),(#8991,#8992),(#8993,#8994)),.UNSPECIFIED.,.F.,.F.,.F.,(4,1,4),(2,
2),(-0.691958092690996,-0.333922006955576,0.),(0.,5.),.UNSPECIFIED.);
#80=B_SPLINE_SURFACE_WITH_KNOTS('',3,1,((#9025,#9026),(#9027,#9028),(#9029,
#9030),(#9031,#9032),(#9033,#9034)),.UNSPECIFIED.,.F.,.F.,.F.,(4,1,4),(2,
2),(-0.766188925112349,-0.367877567850992,0.),(0.,5.),.UNSPECIFIED.);
#81=B_SPLINE_SURFACE_WITH_KNOTS('',3,1,((#9046,#9047),(#9048,#9049),(#9050,
#9051),(#9052,#9053),(#9054,#9055)),.UNSPECIFIED.,.F.,.F.,.F.,(4,1,4),(2,
2),(-1.33419903332146,-0.728226955069079,0.),(0.,5.),.UNSPECIFIED.);
#82=B_SPLINE_SURFACE_WITH_KNOTS('',3,1,((#9094,#9095),(#9096,#9097),(#9098,
#9099),(#9100,#9101),(#9102,#9103)),.UNSPECIFIED.,.F.,.F.,.F.,(4,1,4),(2,
2),(-0.368185136413714,-0.159779522438555,0.),(0.,5.),.UNSPECIFIED.);
#83=B_SPLINE_SURFACE_WITH_KNOTS('',3,1,((#9121,#9122),(#9123,#9124),(#9125,
#9126),(#9127,#9128),(#9129,#9130)),.UNSPECIFIED.,.F.,.F.,.F.,(4,1,4),(2,
2),(-0.582192046369075,-0.286349550387094,0.),(0.,5.),.UNSPECIFIED.);
#84=B_SPLINE_SURFACE_WITH_KNOTS('',3,1,((#9162,#9163),(#9164,#9165),(#9166,
#9167),(#9168,#9169),(#9170,#9171)),.UNSPECIFIED.,.F.,.F.,.F.,(4,1,4),(2,
2),(-0.821854711341512,-0.423397878863548,0.),(0.,5.),.UNSPECIFIED.);
#85=B_SPLINE_SURFACE_WITH_KNOTS('',3,1,((#9247,#9248),(#9249,#9250),(#9251,
#9252),(#9253,#9254),(#9255,#9256)),.UNSPECIFIED.,.F.,.F.,.F.,(4,1,4),(2,
2),(-0.35828457890186,-0.256891228980903,0.),(0.,5.),.UNSPECIFIED.);
#86=B_SPLINE_SURFACE_WITH_KNOTS('',3,1,((#9333,#9334),(#9335,#9336),(#9337,
#9338),(#9339,#9340),(#9341,#9342)),.UNSPECIFIED.,.F.,.F.,.F.,(4,1,4),(2,
2),(-0.423086727936243,-0.239790724890995,0.),(0.,5.),.UNSPECIFIED.);
#87=B_SPLINE_SURFACE_WITH_KNOTS('',3,1,((#9401,#9402),(#9403,#9404),(#9405,
#9406),(#9407,#9408),(#9409,#9410)),.UNSPECIFIED.,.F.,.F.,.F.,(4,1,4),(2,
2),(-0.60074828760979,-0.350329612655016,0.),(0.,5.),.UNSPECIFIED.);
#88=B_SPLINE_SURFACE_WITH_KNOTS('',3,1,((#9490,#9491),(#9492,#9493),(#9494,
#9495),(#9496,#9497),(#9498,#9499)),.UNSPECIFIED.,.F.,.F.,.F.,(4,1,4),(2,
2),(-0.434989814422045,-0.192919961914855,0.),(0.,5.),.UNSPECIFIED.);
#89=B_SPLINE_SURFACE_WITH_KNOTS('',3,1,((#9573,#9574),(#9575,#9576),(#9577,
#9578),(#9579,#9580),(#9581,#9582)),.UNSPECIFIED.,.F.,.F.,.F.,(4,1,4),(2,
2),(-1.22766135016359,-0.572077754539218,0.),(0.,5.),.UNSPECIFIED.);
#90=B_SPLINE_SURFACE_WITH_KNOTS('',3,1,((#9645,#9646),(#9647,#9648),(#9649,
#9650),(#9651,#9652),(#9653,#9654)),.UNSPECIFIED.,.F.,.F.,.F.,(4,1,4),(2,
2),(-0.982796274278653,-0.511747048208694,0.),(0.,5.),.UNSPECIFIED.);
#91=B_SPLINE_SURFACE_WITH_KNOTS('',3,1,((#9659,#9660),(#9661,#9662),(#9663,
#9664),(#9665,#9666),(#9667,#9668)),.UNSPECIFIED.,.F.,.F.,.F.,(4,1,4),(2,
2),(-0.981888848063372,-0.462271970594841,0.),(0.,5.),.UNSPECIFIED.);
#92=B_SPLINE_SURFACE_WITH_KNOTS('',3,1,((#9725,#9726),(#9727,#9728),(#9729,
#9730),(#9731,#9732),(#9733,#9734)),.UNSPECIFIED.,.F.,.F.,.F.,(4,1,4),(2,
2),(-0.828275265167032,-0.417565210642356,0.),(0.,5.),.UNSPECIFIED.);
#93=B_SPLINE_SURFACE_WITH_KNOTS('',3,1,((#9785,#9786),(#9787,#9788),(#9789,
#9790),(#9791,#9792),(#9793,#9794)),.UNSPECIFIED.,.F.,.F.,.F.,(4,1,4),(2,
2),(-0.809076739624379,-0.380541541422548,0.),(0.,5.),.UNSPECIFIED.);
#94=B_SPLINE_SURFACE_WITH_KNOTS('',3,1,((#9799,#9800),(#9801,#9802),(#9803,
#9804),(#9805,#9806),(#9807,#9808)),.UNSPECIFIED.,.F.,.F.,.F.,(4,1,4),(2,
2),(-0.91698469886575,-0.473201098984711,0.),(0.,5.),.UNSPECIFIED.);
#95=B_SPLINE_SURFACE_WITH_KNOTS('',3,1,((#9813,#9814),(#9815,#9816),(#9817,
#9818),(#9819,#9820),(#9821,#9822)),.UNSPECIFIED.,.F.,.F.,.F.,(4,1,4),(2,
2),(-0.91698469886575,-0.473201098984711,0.),(0.,5.),.UNSPECIFIED.);
#96=B_SPLINE_SURFACE_WITH_KNOTS('',3,1,((#9915,#9916),(#9917,#9918),(#9919,
#9920),(#9921,#9922),(#9923,#9924)),.UNSPECIFIED.,.F.,.F.,.F.,(4,1,4),(2,
2),(-0.706735567993475,-0.37225721869308,0.),(0.,5.),.UNSPECIFIED.);
#97=B_SPLINE_SURFACE_WITH_KNOTS('',3,1,((#9992,#9993),(#9994,#9995),(#9996,
#9997),(#9998,#9999),(#10000,#10001)),.UNSPECIFIED.,.F.,.F.,.F.,(4,1,4),
(2,2),(-0.463466911011169,-0.274648314191121,0.),(0.,5.),.UNSPECIFIED.);
#98=B_SPLINE_SURFACE_WITH_KNOTS('',3,1,((#10042,#10043),(#10044,#10045),
(#10046,#10047),(#10048,#10049),(#10050,#10051)),.UNSPECIFIED.,.F.,.F.,
 .F.,(4,1,4),(2,2),(-0.725427520442337,-0.385807448177479,0.),(0.,5.),
 .UNSPECIFIED.);
#99=B_SPLINE_SURFACE_WITH_KNOTS('',3,1,((#10146,#10147),(#10148,#10149),
(#10150,#10151),(#10152,#10153),(#10154,#10155)),.UNSPECIFIED.,.F.,.F.,
 .F.,(4,1,4),(2,2),(-0.60121307938695,-0.289520423610459,0.),(0.,5.),
 .UNSPECIFIED.);
#100=B_SPLINE_SURFACE_WITH_KNOTS('',3,1,((#10176,#10177),(#10178,#10179),
(#10180,#10181),(#10182,#10183),(#10184,#10185)),.UNSPECIFIED.,.F.,.F.,
 .F.,(4,1,4),(2,2),(-1.06901857263763,-0.505758767042559,0.),(0.,5.),
 .UNSPECIFIED.);
#101=B_SPLINE_SURFACE_WITH_KNOTS('',3,1,((#10269,#10270),(#10271,#10272),
(#10273,#10274),(#10275,#10276),(#10277,#10278)),.UNSPECIFIED.,.F.,.F.,
 .F.,(4,1,4),(2,2),(-0.679575505323635,-0.31224910989886,0.),(0.,5.),
 .UNSPECIFIED.);
#102=B_SPLINE_SURFACE_WITH_KNOTS('',3,1,((#10279,#10280),(#10281,#10282),
(#10283,#10284),(#10285,#10286),(#10287,#10288)),.UNSPECIFIED.,.F.,.F.,
 .F.,(4,1,4),(2,2),(-2.29779971731438,-1.11962259965402,0.),(0.,5.),
 .UNSPECIFIED.);
#103=B_SPLINE_SURFACE_WITH_KNOTS('',3,1,((#10295,#10296),(#10297,#10298),
(#10299,#10300),(#10301,#10302),(#10303,#10304)),.UNSPECIFIED.,.F.,.F.,
 .F.,(4,1,4),(2,2),(-2.30837439450252,-1.2222637153486,0.),(0.,5.),
 .UNSPECIFIED.);
#104=B_SPLINE_SURFACE_WITH_KNOTS('',3,1,((#10306,#10307),(#10308,#10309),
(#10310,#10311),(#10312,#10313),(#10314,#10315)),.UNSPECIFIED.,.F.,.F.,
 .F.,(4,1,4),(2,2),(-2.53234208580895,-1.27664945685477,0.),(0.,5.),
 .UNSPECIFIED.);
#105=B_SPLINE_SURFACE_WITH_KNOTS('',3,1,((#10319,#10320),(#10321,#10322),
(#10323,#10324),(#10325,#10326),(#10327,#10328)),.UNSPECIFIED.,.F.,.F.,
 .F.,(4,1,4),(2,2),(-0.657337446484001,-0.341441575361329,0.),(0.,5.),
 .UNSPECIFIED.);
#106=B_SPLINE_SURFACE_WITH_KNOTS('',3,1,((#10332,#10333),(#10334,#10335),
(#10336,#10337),(#10338,#10339),(#10340,#10341)),.UNSPECIFIED.,.F.,.F.,
 .F.,(4,1,4),(2,2),(-0.684658565724364,-0.342814296719666,0.),(0.,5.),
 .UNSPECIFIED.);
#107=B_SPLINE_SURFACE_WITH_KNOTS('',3,1,((#10343,#10344),(#10345,#10346),
(#10347,#10348),(#10349,#10350),(#10351,#10352)),.UNSPECIFIED.,.F.,.F.,
 .F.,(4,1,4),(2,2),(-0.0388247199499917,-0.0251293568106415,0.),(0.,5.),
 .UNSPECIFIED.);
#108=B_SPLINE_SURFACE_WITH_KNOTS('',3,1,((#10355,#10356),(#10357,#10358),
(#10359,#10360),(#10361,#10362),(#10363,#10364)),.UNSPECIFIED.,.F.,.F.,
 .F.,(4,1,4),(2,2),(-0.158481855632283,-0.109451183022959,0.),(0.,5.),
 .UNSPECIFIED.);
#109=B_SPLINE_SURFACE_WITH_KNOTS('',3,1,((#10367,#10368),(#10369,#10370),
(#10371,#10372),(#10373,#10374),(#10375,#10376)),.UNSPECIFIED.,.F.,.F.,
 .F.,(4,1,4),(2,2),(-0.59522888300702,-0.26915661198656,0.),(0.,5.),
 .UNSPECIFIED.);
#110=B_SPLINE_SURFACE_WITH_KNOTS('',3,1,((#10381,#10382),(#10383,#10384),
(#10385,#10386),(#10387,#10388),(#10389,#10390)),.UNSPECIFIED.,.F.,.F.,
 .F.,(4,1,4),(2,2),(-0.606164336489808,-0.267687186485329,0.),(0.,5.),
 .UNSPECIFIED.);
#111=B_SPLINE_SURFACE_WITH_KNOTS('',3,1,((#10394,#10395),(#10396,#10397),
(#10398,#10399),(#10400,#10401),(#10402,#10403)),.UNSPECIFIED.,.F.,.F.,
 .F.,(4,1,4),(2,2),(-2.56285749345149,-1.25301639879518,0.),(0.,5.),
 .UNSPECIFIED.);
#112=B_SPLINE_SURFACE_WITH_KNOTS('',3,1,((#10404,#10405),(#10406,#10407),
(#10408,#10409),(#10410,#10411),(#10412,#10413)),.UNSPECIFIED.,.F.,.F.,
 .F.,(4,1,4),(2,2),(-2.56285749345149,-1.25301639879518,0.),(0.,5.),
 .UNSPECIFIED.);
#113=B_SPLINE_SURFACE_WITH_KNOTS('',3,1,((#10415,#10416),(#10417,#10418),
(#10419,#10420),(#10421,#10422),(#10423,#10424)),.UNSPECIFIED.,.F.,.F.,
 .F.,(4,1,4),(2,2),(-2.29779971731438,-1.11962259965402,0.),(0.,5.),
 .UNSPECIFIED.);
#114=B_SPLINE_SURFACE_WITH_KNOTS('',3,1,((#10430,#10431),(#10432,#10433),
(#10434,#10435),(#10436,#10437),(#10438,#10439)),.UNSPECIFIED.,.F.,.F.,
 .F.,(4,1,4),(2,2),(-2.29779971731438,-1.11962259965402,0.),(0.,5.),
 .UNSPECIFIED.);
#115=B_SPLINE_SURFACE_WITH_KNOTS('',3,1,((#10449,#10450),(#10451,#10452),
(#10453,#10454),(#10455,#10456),(#10457,#10458)),.UNSPECIFIED.,.F.,.F.,
 .F.,(4,1,4),(2,2),(-2.30837439450252,-1.2222637153486,0.),(0.,5.),
 .UNSPECIFIED.);
#116=B_SPLINE_SURFACE_WITH_KNOTS('',3,1,((#10460,#10461),(#10462,#10463),
(#10464,#10465),(#10466,#10467),(#10468,#10469)),.UNSPECIFIED.,.F.,.F.,
 .F.,(4,1,4),(2,2),(-2.30837439450252,-1.2222637153486,0.),(0.,5.),
 .UNSPECIFIED.);
#117=B_SPLINE_SURFACE_WITH_KNOTS('',3,1,((#10471,#10472),(#10473,#10474),
(#10475,#10476),(#10477,#10478),(#10479,#10480)),.UNSPECIFIED.,.F.,.F.,
 .F.,(4,1,4),(2,2),(-2.30837439450252,-1.2222637153486,0.),(0.,5.),
 .UNSPECIFIED.);
#118=B_SPLINE_SURFACE_WITH_KNOTS('',3,1,((#10486,#10487),(#10488,#10489),
(#10490,#10491),(#10492,#10493),(#10494,#10495)),.UNSPECIFIED.,.F.,.F.,
 .F.,(4,1,4),(2,2),(-0.680070716544963,-0.351070154664111,0.),(0.,5.),
 .UNSPECIFIED.);
#119=B_SPLINE_SURFACE_WITH_KNOTS('',3,1,((#10496,#10497),(#10498,#10499),
(#10500,#10501),(#10502,#10503),(#10504,#10505)),.UNSPECIFIED.,.F.,.F.,
 .F.,(4,1,4),(2,2),(-2.53234208580895,-1.27664945685477,0.),(0.,5.),
 .UNSPECIFIED.);
#120=B_SPLINE_SURFACE_WITH_KNOTS('',3,1,((#10507,#10508),(#10509,#10510),
(#10511,#10512),(#10513,#10514),(#10515,#10516)),.UNSPECIFIED.,.F.,.F.,
 .F.,(4,1,4),(2,2),(-2.53234208580895,-1.27664945685477,0.),(0.,5.),
 .UNSPECIFIED.);
#121=B_SPLINE_SURFACE_WITH_KNOTS('',3,1,((#10531,#10532),(#10533,#10534),
(#10535,#10536),(#10537,#10538),(#10539,#10540)),.UNSPECIFIED.,.F.,.F.,
 .F.,(4,1,4),(2,2),(-0.63837339070791,-0.388221118475392,0.),(0.,5.),
 .UNSPECIFIED.);
#122=B_SPLINE_SURFACE_WITH_KNOTS('',3,1,((#10541,#10542),(#10543,#10544),
(#10545,#10546),(#10547,#10548),(#10549,#10550)),.UNSPECIFIED.,.F.,.F.,
 .F.,(4,1,4),(2,2),(-0.63837339070791,-0.388221118475392,0.),(0.,5.),
 .UNSPECIFIED.);
#123=B_SPLINE_SURFACE_WITH_KNOTS('',3,1,((#10551,#10552),(#10553,#10554),
(#10555,#10556),(#10557,#10558),(#10559,#10560)),.UNSPECIFIED.,.F.,.F.,
 .F.,(4,1,4),(2,2),(-0.63837339070791,-0.388221118475392,0.),(0.,5.),
 .UNSPECIFIED.);
#124=B_SPLINE_SURFACE_WITH_KNOTS('',3,1,((#10561,#10562),(#10563,#10564),
(#10565,#10566),(#10567,#10568),(#10569,#10570)),.UNSPECIFIED.,.F.,.F.,
 .F.,(4,1,4),(2,2),(-0.304476221045062,-0.154455237433302,0.),(0.,5.),
 .UNSPECIFIED.);
#125=B_SPLINE_SURFACE_WITH_KNOTS('',3,1,((#10572,#10573),(#10574,#10575),
(#10576,#10577),(#10578,#10579),(#10580,#10581)),.UNSPECIFIED.,.F.,.F.,
 .F.,(4,1,4),(2,2),(-0.304476221045062,-0.154455237433302,0.),(0.,5.),
 .UNSPECIFIED.);
#126=B_SPLINE_SURFACE_WITH_KNOTS('',3,1,((#10587,#10588),(#10589,#10590),
(#10591,#10592),(#10593,#10594),(#10595,#10596)),.UNSPECIFIED.,.F.,.F.,
 .F.,(4,1,4),(2,2),(-0.606164336489808,-0.267687186485329,0.),(0.,5.),
 .UNSPECIFIED.);
#127=B_SPLINE_SURFACE_WITH_KNOTS('',3,1,((#10599,#10600),(#10601,#10602),
(#10603,#10604),(#10605,#10606),(#10607,#10608)),.UNSPECIFIED.,.F.,.F.,
 .F.,(4,1,4),(2,2),(-0.657337446484001,-0.341441575361329,0.),(0.,5.),
 .UNSPECIFIED.);
#128=B_SPLINE_SURFACE_WITH_KNOTS('',3,1,((#10616,#10617),(#10618,#10619),
(#10620,#10621),(#10622,#10623),(#10624,#10625)),.UNSPECIFIED.,.F.,.F.,
 .F.,(4,1,4),(2,2),(-0.322490048694211,-0.112655954080311,0.),(0.,5.),
 .UNSPECIFIED.);
#129=B_SPLINE_SURFACE_WITH_KNOTS('',3,1,((#10627,#10628),(#10629,#10630),
(#10631,#10632),(#10633,#10634),(#10635,#10636)),.UNSPECIFIED.,.F.,.F.,
 .F.,(4,1,4),(2,2),(-0.169679356430797,-0.0652719668083186,0.),(0.,5.),
 .UNSPECIFIED.);
#130=B_SPLINE_SURFACE_WITH_KNOTS('',3,1,((#10637,#10638),(#10639,#10640),
(#10641,#10642),(#10643,#10644),(#10645,#10646)),.UNSPECIFIED.,.F.,.F.,
 .F.,(4,1,4),(2,2),(-0.59522888300702,-0.26915661198656,0.),(0.,5.),
 .UNSPECIFIED.);
#131=B_SPLINE_SURFACE_WITH_KNOTS('',3,1,((#10648,#10649),(#10650,#10651),
(#10652,#10653),(#10654,#10655),(#10656,#10657)),.UNSPECIFIED.,.F.,.F.,
 .F.,(4,1,4),(2,2),(-0.59522888300702,-0.26915661198656,0.),(0.,5.),
 .UNSPECIFIED.);
#132=B_SPLINE_SURFACE_WITH_KNOTS('',3,1,((#10662,#10663),(#10664,#10665),
(#10666,#10667),(#10668,#10669),(#10670,#10671)),.UNSPECIFIED.,.F.,.F.,
 .F.,(4,1,4),(2,2),(-0.600250021903119,-0.350207880007063,0.),(0.,5.),
 .UNSPECIFIED.);
#133=B_SPLINE_SURFACE_WITH_KNOTS('',3,1,((#10688,#10689),(#10690,#10691),
(#10692,#10693),(#10694,#10695),(#10696,#10697)),.UNSPECIFIED.,.F.,.F.,
 .F.,(4,1,4),(2,2),(-1.22067395591779,-0.599178878738277,0.),(0.,5.),
 .UNSPECIFIED.);
#134=B_SPLINE_SURFACE_WITH_KNOTS('',3,1,((#10777,#10778),(#10779,#10780),
(#10781,#10782),(#10783,#10784),(#10785,#10786)),.UNSPECIFIED.,.F.,.F.,
 .F.,(4,1,4),(2,2),(-0.665064211933475,-0.369092571765444,0.),(0.,5.),
 .UNSPECIFIED.);
#135=B_SPLINE_SURFACE_WITH_KNOTS('',3,1,((#10796,#10797),(#10798,#10799),
(#10800,#10801),(#10802,#10803),(#10804,#10805)),.UNSPECIFIED.,.F.,.F.,
 .F.,(4,1,4),(2,2),(-0.691958092690996,-0.333922006955576,0.),(0.,5.),
 .UNSPECIFIED.);
#136=B_SPLINE_SURFACE_WITH_KNOTS('',3,1,((#10817,#10818),(#10819,#10820),
(#10821,#10822),(#10823,#10824),(#10825,#10826)),.UNSPECIFIED.,.F.,.F.,
 .F.,(4,1,4),(2,2),(-0.790578169879784,-0.431401549863295,0.),(0.,5.),
 .UNSPECIFIED.);
#137=B_SPLINE_SURFACE_WITH_KNOTS('',3,1,((#10849,#10850),(#10851,#10852),
(#10853,#10854),(#10855,#10856),(#10857,#10858)),.UNSPECIFIED.,.F.,.F.,
 .F.,(4,1,4),(2,2),(-0.757041838365159,-0.358971279744394,0.),(0.,5.),
 .UNSPECIFIED.);
#138=B_SPLINE_SURFACE_WITH_KNOTS('',3,1,((#10876,#10877),(#10878,#10879),
(#10880,#10881),(#10882,#10883),(#10884,#10885)),.UNSPECIFIED.,.F.,.F.,
 .F.,(4,1,4),(2,2),(-1.20944524392927,-0.630268890708497,0.),(0.,5.),
 .UNSPECIFIED.);
#139=FACE_BOUND('',#848,.T.);
#140=FACE_BOUND('',#849,.T.);
#141=FACE_BOUND('',#854,.T.);
#142=FACE_BOUND('',#858,.T.);
#143=FACE_BOUND('',#867,.T.);
#144=FACE_BOUND('',#870,.T.);
#145=FACE_BOUND('',#892,.T.);
#146=B_SPLINE_CURVE_WITH_KNOTS('',3,(#5813,#5814,#5815,#5816),
 .UNSPECIFIED.,.F.,.F.,(4,4),(0.0169063952535841,0.119425467517827),
 .UNSPECIFIED.);
#147=B_SPLINE_CURVE_WITH_KNOTS('',3,(#5820,#5821,#5822,#5823),
 .UNSPECIFIED.,.F.,.F.,(4,4),(0.542596339692522,0.654979787332684),
 .UNSPECIFIED.);
#148=B_SPLINE_CURVE_WITH_KNOTS('',3,(#5829,#5830,#5831,#5832,#5833,#5834,
#5835),.UNSPECIFIED.,.F.,.F.,(4,3,4),(-0.380178299576901,-0.276287682497042,
-0.140891718764485),.UNSPECIFIED.);
#149=B_SPLINE_CURVE_WITH_KNOTS('',3,(#5839,#5840,#5841,#5842),
 .UNSPECIFIED.,.F.,.F.,(4,4),(-0.0904429360139317,0.),.UNSPECIFIED.);
#150=B_SPLINE_CURVE_WITH_KNOTS('',3,(#5844,#5845,#5846,#5847,#5848,#5849,
#5850),.UNSPECIFIED.,.F.,.F.,(4,3,4),(-0.209593166166712,-0.12773240611871,
2.77555756156289E-17),.UNSPECIFIED.);
#151=B_SPLINE_CURVE_WITH_KNOTS('',3,(#5867,#5868,#5869,#5870),
 .UNSPECIFIED.,.F.,.F.,(4,4),(-0.0935988714163412,-0.0500000000000003),
 .UNSPECIFIED.);
#152=B_SPLINE_CURVE_WITH_KNOTS('',3,(#5872,#5873,#5874,#5875,#5876,#5877,
#5878),.UNSPECIFIED.,.F.,.F.,(4,3,4),(-0.138598913182164,-0.113195644087794,
-0.0852482819980232),.UNSPECIFIED.);
#153=B_SPLINE_CURVE_WITH_KNOTS('',3,(#5880,#5881,#5882,#5883),
 .UNSPECIFIED.,.F.,.F.,(4,4),(-0.0996157386164297,-0.0486127461344289),
 .UNSPECIFIED.);
#154=B_SPLINE_CURVE_WITH_KNOTS('',3,(#5885,#5886,#5887,#5888,#5889,#5890),
 .UNSPECIFIED.,.F.,.F.,(4,2,4),(-0.272921888455387,-0.136721319898586,-0.00249929638258398),
 .UNSPECIFIED.);
#155=B_SPLINE_CURVE_WITH_KNOTS('',3,(#5892,#5893,#5894,#5895),
 .UNSPECIFIED.,.F.,.F.,(4,4),(-0.250720266187389,-0.187979943038819),
 .UNSPECIFIED.);
#156=B_SPLINE_CURVE_WITH_KNOTS('',3,(#5896,#5897,#5898,#5899,#5900,#5901),
 .UNSPECIFIED.,.F.,.F.,(4,2,4),(-0.378197633326472,-0.224548285926086,-0.0394918478733979),
 .UNSPECIFIED.);
#157=B_SPLINE_CURVE_WITH_KNOTS('',3,(#5909,#5910,#5911,#5912),
 .UNSPECIFIED.,.F.,.F.,(4,4),(-0.0707319021778465,-0.0499999999999998),
 .UNSPECIFIED.);
#158=B_SPLINE_CURVE_WITH_KNOTS('',3,(#5914,#5915,#5916,#5917,#5918,#5919),
 .UNSPECIFIED.,.F.,.F.,(4,2,4),(-0.665904051166755,-0.34079064773635,-0.141254622763018),
 .UNSPECIFIED.);
#159=B_SPLINE_CURVE_WITH_KNOTS('',3,(#5920,#5921,#5922,#5923),
 .UNSPECIFIED.,.F.,.F.,(4,4),(-0.0418920516967765,-0.0211601495304725),
 .UNSPECIFIED.);
#160=B_SPLINE_CURVE_WITH_KNOTS('',3,(#5937,#5938,#5939,#5940),
 .UNSPECIFIED.,.F.,.F.,(4,4),(-2.32272862686021,-2.05325190257914),
 .UNSPECIFIED.);
#161=B_SPLINE_CURVE_WITH_KNOTS('',3,(#5942,#5943,#5944,#5945),
 .UNSPECIFIED.,.F.,.F.,(4,4),(-0.406944209337276,-0.2232128864038),
 .UNSPECIFIED.);
#162=B_SPLINE_CURVE_WITH_KNOTS('',3,(#5949,#5950,#5951,#5952),
 .UNSPECIFIED.,.F.,.F.,(4,4),(-1.40442043169601,-0.73351392857608),
 .UNSPECIFIED.);
#163=B_SPLINE_CURVE_WITH_KNOTS('',3,(#5984,#5985,#5986,#5987),
 .UNSPECIFIED.,.F.,.F.,(4,4),(-0.447939990608388,-0.161996695220881),
 .UNSPECIFIED.);
#164=B_SPLINE_CURVE_WITH_KNOTS('',3,(#5991,#5992,#5993,#5994),
 .UNSPECIFIED.,.F.,.F.,(4,4),(-1.2689307136977,-1.19789791563892),
 .UNSPECIFIED.);
#165=B_SPLINE_CURVE_WITH_KNOTS('',3,(#5996,#5997,#5998,#5999),
 .UNSPECIFIED.,.F.,.F.,(4,4),(-0.377546503261884,-0.298562654398068),
 .UNSPECIFIED.);
#166=B_SPLINE_CURVE_WITH_KNOTS('',3,(#6005,#6006,#6007,#6008),
 .UNSPECIFIED.,.F.,.F.,(4,4),(0.,0.0922413509337442),.UNSPECIFIED.);
#167=B_SPLINE_CURVE_WITH_KNOTS('',3,(#6012,#6013,#6014,#6015),
 .UNSPECIFIED.,.F.,.F.,(4,4),(0.601195578926281,0.698743543859513),
 .UNSPECIFIED.);
#168=B_SPLINE_CURVE_WITH_KNOTS('',3,(#6028,#6029,#6030,#6031),
 .UNSPECIFIED.,.F.,.F.,(4,4),(-0.636242855432396,-0.473063980267523),
 .UNSPECIFIED.);
#169=B_SPLINE_CURVE_WITH_KNOTS('',3,(#6032,#6033,#6034,#6035,#6036,#6037),
 .UNSPECIFIED.,.F.,.F.,(4,2,4),(-0.366685174063002,-0.241627499679626,-0.00136459886589457),
 .UNSPECIFIED.);
#170=B_SPLINE_CURVE_WITH_KNOTS('',3,(#6041,#6042,#6043,#6044,#6045,#6046),
 .UNSPECIFIED.,.F.,.F.,(4,2,4),(-0.448954669377375,-0.224548285926086,-0.070898938525699),
 .UNSPECIFIED.);
#171=B_SPLINE_CURVE_WITH_KNOTS('',3,(#6048,#6049,#6050,#6051),
 .UNSPECIFIED.,.F.,.F.,(4,4),(-0.104528420013469,-0.102268723975679),
 .UNSPECIFIED.);
#172=B_SPLINE_CURVE_WITH_KNOTS('',3,(#6053,#6054,#6055,#6056),
 .UNSPECIFIED.,.F.,.F.,(4,4),(-0.276943757007658,-0.00194985737110803),
 .UNSPECIFIED.);
#173=B_SPLINE_CURVE_WITH_KNOTS('',3,(#6062,#6063,#6064,#6065),
 .UNSPECIFIED.,.F.,.F.,(4,4),(-0.106534044539037,-0.0499999999999998),
 .UNSPECIFIED.);
#174=B_SPLINE_CURVE_WITH_KNOTS('',3,(#6067,#6068,#6069,#6070),
 .UNSPECIFIED.,.F.,.F.,(4,4),(-0.337643508195195,-0.0603157849864746),
 .UNSPECIFIED.);
#175=B_SPLINE_CURVE_WITH_KNOTS('',3,(#6072,#6073,#6074,#6075),
 .UNSPECIFIED.,.F.,.F.,(4,4),(-0.0909674327898741,-0.0414076979356652),
 .UNSPECIFIED.);
#176=B_SPLINE_CURVE_WITH_KNOTS('',3,(#6077,#6078,#6079,#6080),
 .UNSPECIFIED.,.F.,.F.,(4,4),(-0.376496502176596,-0.0533173830733341),
 .UNSPECIFIED.);
#177=B_SPLINE_CURVE_WITH_KNOTS('',3,(#6092,#6093,#6094,#6095),
 .UNSPECIFIED.,.F.,.F.,(4,4),(-0.186985398700992,0.),.UNSPECIFIED.);
#178=B_SPLINE_CURVE_WITH_KNOTS('',3,(#6099,#6100,#6101,#6102),
 .UNSPECIFIED.,.F.,.F.,(4,4),(-0.306820733940256,-0.107448951568245),
 .UNSPECIFIED.);
#179=B_SPLINE_CURVE_WITH_KNOTS('',3,(#6103,#6104,#6105,#6106),
 .UNSPECIFIED.,.F.,.F.,(4,4),(-0.104691429523896,-0.0411510977781848),
 .UNSPECIFIED.);
#180=B_SPLINE_CURVE_WITH_KNOTS('',3,(#6128,#6129,#6130,#6131),
 .UNSPECIFIED.,.F.,.F.,(4,4),(-0.538567906751986,-0.307656807442883),
 .UNSPECIFIED.);
#181=B_SPLINE_CURVE_WITH_KNOTS('',3,(#6135,#6136,#6137,#6138),
 .UNSPECIFIED.,.F.,.F.,(4,4),(-0.268107681048731,0.),.UNSPECIFIED.);
#182=B_SPLINE_CURVE_WITH_KNOTS('',3,(#6139,#6140,#6141,#6142,#6143,#6144),
 .UNSPECIFIED.,.F.,.F.,(4,2,4),(0.0320962136481849,0.370337782762448,0.463197985376177),
 .UNSPECIFIED.);
#183=B_SPLINE_CURVE_WITH_KNOTS('',3,(#6156,#6157,#6158,#6159),
 .UNSPECIFIED.,.F.,.F.,(4,4),(0.629507242081126,0.641041490564248),
 .UNSPECIFIED.);
#184=B_SPLINE_CURVE_WITH_KNOTS('',3,(#6161,#6162,#6163,#6164),
 .UNSPECIFIED.,.F.,.F.,(4,4),(0.100134340559218,0.465247247903808),
 .UNSPECIFIED.);
#185=B_SPLINE_CURVE_WITH_KNOTS('',3,(#6165,#6166,#6167,#6168),
 .UNSPECIFIED.,.F.,.F.,(4,4),(0.,0.018228571357123),.UNSPECIFIED.);
#186=B_SPLINE_CURVE_WITH_KNOTS('',3,(#6180,#6181,#6182,#6183),
 .UNSPECIFIED.,.F.,.F.,(4,4),(-0.116569825296248,-0.0456708867705488),
 .UNSPECIFIED.);
#187=B_SPLINE_CURVE_WITH_KNOTS('',3,(#6185,#6186,#6187,#6188),
 .UNSPECIFIED.,.F.,.F.,(4,4),(0.0977540989122365,0.323157269251448),
 .UNSPECIFIED.);
#188=B_SPLINE_CURVE_WITH_KNOTS('',3,(#6190,#6191,#6192,#6193,#6194,#6195),
 .UNSPECIFIED.,.F.,.F.,(4,2,4),(0.,0.343934061044658,0.407638307104646),
 .UNSPECIFIED.);
#189=B_SPLINE_CURVE_WITH_KNOTS('',3,(#6197,#6198,#6199,#6200),
 .UNSPECIFIED.,.F.,.F.,(4,4),(0.0397919286222376,1.52879068769733),
 .UNSPECIFIED.);
#190=B_SPLINE_CURVE_WITH_KNOTS('',3,(#6201,#6202,#6203,#6204),
 .UNSPECIFIED.,.F.,.F.,(4,4),(0.46571620252203,0.466261450095043),
 .UNSPECIFIED.);
#191=B_SPLINE_CURVE_WITH_KNOTS('',3,(#6206,#6207,#6208,#6209),
 .UNSPECIFIED.,.F.,.F.,(4,4),(-0.281746451761768,0.),.UNSPECIFIED.);
#192=B_SPLINE_CURVE_WITH_KNOTS('',3,(#6221,#6222,#6223,#6224,#6225,#6226),
 .UNSPECIFIED.,.F.,.F.,(4,2,4),(-0.448109208180373,-0.338839989222024,-0.0349568700405681),
 .UNSPECIFIED.);
#193=B_SPLINE_CURVE_WITH_KNOTS('',3,(#6227,#6228,#6229,#6230,#6231,#6232,
#6233,#6234,#6235,#6236,#6237,#6238,#6239,#6240,#6241,#6242,#6243,#6244,
#6245,#6246,#6247,#6248,#6249,#6250,#6251,#6252,#6253,#6254),
 .UNSPECIFIED.,.F.,.F.,(4,3,3,3,3,3,3,3,3,4),(-0.471519088267478,-0.433470133970861,
-0.396226175760771,-0.364587622282892,-0.35898221755068,-0.279608681017197,
-0.247605772776805,-0.208223949372174,-0.174914062720147,-0.142427983509044),
 .UNSPECIFIED.);
#194=B_SPLINE_CURVE_WITH_KNOTS('',3,(#6266,#6267,#6268,#6269,#6270,#6271),
 .UNSPECIFIED.,.F.,.F.,(4,2,4),(0.475361196331985,0.689996593583662,0.855625412238792),
 .UNSPECIFIED.);
#195=B_SPLINE_CURVE_WITH_KNOTS('',3,(#6273,#6274,#6275,#6276),
 .UNSPECIFIED.,.F.,.F.,(4,4),(-0.876227339489136,-0.553392048789166),
 .UNSPECIFIED.);
#196=B_SPLINE_CURVE_WITH_KNOTS('',3,(#6279,#6280,#6281,#6282),
 .UNSPECIFIED.,.F.,.F.,(4,4),(0.56920101342518,0.651059984735919),
 .UNSPECIFIED.);
#197=B_SPLINE_CURVE_WITH_KNOTS('',3,(#6294,#6295,#6296,#6297),
 .UNSPECIFIED.,.F.,.F.,(4,4),(0.,0.00723346274111836),.UNSPECIFIED.);
#198=B_SPLINE_CURVE_WITH_KNOTS('',3,(#6298,#6299,#6300,#6301),
 .UNSPECIFIED.,.F.,.F.,(4,4),(0.215031116162837,0.281759777992325),
 .UNSPECIFIED.);
#199=B_SPLINE_CURVE_WITH_KNOTS('',3,(#6312,#6313,#6314,#6315,#6316,#6317,
#6318),.UNSPECIFIED.,.F.,.F.,(4,3,4),(-0.461411578476793,-0.429361767446216,
-0.402541200845661),.UNSPECIFIED.);
#200=B_SPLINE_CURVE_WITH_KNOTS('',3,(#6330,#6331,#6332,#6333),
 .UNSPECIFIED.,.F.,.F.,(4,4),(-0.00755595844702558,0.),.UNSPECIFIED.);
#201=B_SPLINE_CURVE_WITH_KNOTS('',3,(#6334,#6335,#6336,#6337),
 .UNSPECIFIED.,.F.,.F.,(4,4),(0.164198594797422,0.437641234594595),
 .UNSPECIFIED.);
#202=B_SPLINE_CURVE_WITH_KNOTS('',3,(#6340,#6341,#6342,#6343),
 .UNSPECIFIED.,.F.,.F.,(4,4),(-0.702697168630808,-0.406944209337279),
 .UNSPECIFIED.);
#203=B_SPLINE_CURVE_WITH_KNOTS('',3,(#6345,#6346,#6347,#6348),
 .UNSPECIFIED.,.F.,.F.,(4,4),(-0.418909807191466,-0.252377290707916),
 .UNSPECIFIED.);
#204=B_SPLINE_CURVE_WITH_KNOTS('',3,(#6352,#6353,#6354,#6355),
 .UNSPECIFIED.,.F.,.F.,(4,4),(-1.09910773057508,-0.945237572388123),
 .UNSPECIFIED.);
#205=B_SPLINE_CURVE_WITH_KNOTS('',3,(#6357,#6358,#6359,#6360,#6361,#6362),
 .UNSPECIFIED.,.F.,.F.,(4,2,4),(-0.55811112317088,-0.28424739482538,-0.00813421862193725),
 .UNSPECIFIED.);
#206=B_SPLINE_CURVE_WITH_KNOTS('',3,(#6364,#6365,#6366,#6367),
 .UNSPECIFIED.,.F.,.F.,(4,4),(-0.225383918710512,-0.0809320273974577),
 .UNSPECIFIED.);
#207=B_SPLINE_CURVE_WITH_KNOTS('',3,(#6371,#6372,#6373,#6374),
 .UNSPECIFIED.,.F.,.F.,(4,4),(-1.2786896544489,-1.11617724929254),
 .UNSPECIFIED.);
#208=B_SPLINE_CURVE_WITH_KNOTS('',3,(#6376,#6377,#6378,#6379,#6380,#6381),
 .UNSPECIFIED.,.F.,.F.,(4,2,4),(-0.552405404183187,-0.277007460309164,-0.014988867940235),
 .UNSPECIFIED.);
#209=B_SPLINE_CURVE_WITH_KNOTS('',3,(#6383,#6384,#6385,#6386),
 .UNSPECIFIED.,.F.,.F.,(4,4),(-0.154105526737865,-0.00730243562553889),
 .UNSPECIFIED.);
#210=B_SPLINE_CURVE_WITH_KNOTS('',3,(#6389,#6390,#6391,#6392),
 .UNSPECIFIED.,.F.,.F.,(4,4),(-1.48643577621643,-1.30252132541293),
 .UNSPECIFIED.);
#211=B_SPLINE_CURVE_WITH_KNOTS('',3,(#6403,#6404,#6405,#6406),
 .UNSPECIFIED.,.F.,.F.,(4,4),(-0.460236948946905,0.),.UNSPECIFIED.);
#212=B_SPLINE_CURVE_WITH_KNOTS('',3,(#6417,#6418,#6419,#6420),
 .UNSPECIFIED.,.F.,.F.,(4,4),(0.273985090109575,0.404013578777338),
 .UNSPECIFIED.);
#213=B_SPLINE_CURVE_WITH_KNOTS('',3,(#6438,#6439,#6440,#6441),
 .UNSPECIFIED.,.F.,.F.,(4,4),(0.,0.00915957679276062),.UNSPECIFIED.);
#214=B_SPLINE_CURVE_WITH_KNOTS('',3,(#6443,#6444,#6445,#6446),
 .UNSPECIFIED.,.F.,.F.,(4,4),(0.0499999999999998,0.0986566489633294),
 .UNSPECIFIED.);
#215=B_SPLINE_CURVE_WITH_KNOTS('',3,(#6448,#6449,#6450,#6451,#6452,#6453,
#6454,#6455,#6456,#6457,#6458,#6459,#6460,#6461,#6462,#6463,#6464,#6465,
#6466,#6467,#6468,#6469,#6470,#6471,#6472,#6473,#6474,#6475,#6476,#6477,
#6478,#6479,#6480,#6481,#6482,#6483,#6484,#6485,#6486,#6487),
 .UNSPECIFIED.,.F.,.F.,(4,3,3,3,3,3,3,3,3,3,3,3,3,4),(0.,0.0722461023444288,
0.0885145489676411,0.102427324530389,0.108208366409949,0.120603232427125,
0.133474818710023,0.135077837860734,0.174462505941065,0.224523215868007,
0.271774263877042,0.311151065999587,0.345399244211211,0.350527868122132),
 .UNSPECIFIED.);
#216=B_SPLINE_CURVE_WITH_KNOTS('',3,(#6490,#6491,#6492,#6493,#6494,#6495,
#6496,#6497,#6498,#6499,#6500,#6501,#6502),.UNSPECIFIED.,.F.,.F.,(4,3,3,
3,4),(0.,0.0315962026018444,0.0676202053652601,0.126622624375322,0.146752478630287),
 .UNSPECIFIED.);
#217=B_SPLINE_CURVE_WITH_KNOTS('',3,(#6514,#6515,#6516,#6517),
 .UNSPECIFIED.,.F.,.F.,(4,4),(0.0918920516967765,0.498080681148329),
 .UNSPECIFIED.);
#218=B_SPLINE_CURVE_WITH_KNOTS('',3,(#6518,#6519,#6520,#6521),
 .UNSPECIFIED.,.F.,.F.,(4,4),(0.0635814944079739,0.156643034630293),
 .UNSPECIFIED.);
#219=B_SPLINE_CURVE_WITH_KNOTS('',3,(#6524,#6525,#6526,#6527),
 .UNSPECIFIED.,.F.,.F.,(4,4),(-0.0704919774454239,-0.05),.UNSPECIFIED.);
#220=B_SPLINE_CURVE_WITH_KNOTS('',3,(#6528,#6529,#6530,#6531),
 .UNSPECIFIED.,.F.,.F.,(4,4),(-0.230232100315883,-0.190691246032531),
 .UNSPECIFIED.);
#221=B_SPLINE_CURVE_WITH_KNOTS('',3,(#6533,#6534,#6535,#6536),
 .UNSPECIFIED.,.F.,.F.,(4,4),(-0.166569825296249,-0.0500000000000003),
 .UNSPECIFIED.);
#222=B_SPLINE_CURVE_WITH_KNOTS('',3,(#6550,#6551,#6552,#6553),
 .UNSPECIFIED.,.F.,.F.,(4,4),(-0.116569825296251,-0.0720579239384226),
 .UNSPECIFIED.);
#223=B_SPLINE_CURVE_WITH_KNOTS('',3,(#6560,#6561,#6562,#6563,#6564,#6565,
#6566),.UNSPECIFIED.,.F.,.F.,(4,3,4),(-0.093734618052161,-0.0479326905170677,
-1.38777878078145E-17),.UNSPECIFIED.);
#224=B_SPLINE_CURVE_WITH_KNOTS('',3,(#6567,#6568,#6569,#6570),
 .UNSPECIFIED.,.F.,.F.,(4,4),(-0.181762566014888,-0.0956929473430677),
 .UNSPECIFIED.);
#225=B_SPLINE_CURVE_WITH_KNOTS('',3,(#6573,#6574,#6575,#6576),
 .UNSPECIFIED.,.F.,.F.,(4,4),(-0.116569825296249,0.),.UNSPECIFIED.);
#226=B_SPLINE_CURVE_WITH_KNOTS('',3,(#6578,#6579,#6580,#6581),
 .UNSPECIFIED.,.F.,.F.,(4,4),(-0.166569825296249,-0.0500000000000003),
 .UNSPECIFIED.);
#227=B_SPLINE_CURVE_WITH_KNOTS('',3,(#6586,#6587,#6588,#6589),
 .UNSPECIFIED.,.F.,.F.,(4,4),(-0.116569825296249,0.),.UNSPECIFIED.);
#228=B_SPLINE_CURVE_WITH_KNOTS('',3,(#6591,#6592,#6593,#6594),
 .UNSPECIFIED.,.F.,.F.,(4,4),(-0.166569825296249,-0.0500000000000003),
 .UNSPECIFIED.);
#229=B_SPLINE_CURVE_WITH_KNOTS('',3,(#6597,#6598,#6599,#6600),
 .UNSPECIFIED.,.F.,.F.,(4,4),(-0.116569825296249,0.),.UNSPECIFIED.);
#230=B_SPLINE_CURVE_WITH_KNOTS('',3,(#6602,#6603,#6604,#6605),
 .UNSPECIFIED.,.F.,.F.,(4,4),(-0.166569825296249,-0.0500000000000003),
 .UNSPECIFIED.);
#231=B_SPLINE_CURVE_WITH_KNOTS('',3,(#6619,#6620,#6621,#6622),
 .UNSPECIFIED.,.F.,.F.,(4,4),(-0.841847598555234,-0.446732821593024),
 .UNSPECIFIED.);
#232=B_SPLINE_CURVE_WITH_KNOTS('',3,(#6624,#6625,#6626,#6627),
 .UNSPECIFIED.,.F.,.F.,(4,4),(0.,0.567880018914391),.UNSPECIFIED.);
#233=B_SPLINE_CURVE_WITH_KNOTS('',3,(#6629,#6630,#6631,#6632),
 .UNSPECIFIED.,.F.,.F.,(4,4),(-0.617109854896627,-0.096136063478443),
 .UNSPECIFIED.);
#234=B_SPLINE_CURVE_WITH_KNOTS('',3,(#6634,#6635,#6636,#6637,#6638,#6639,
#6640),.UNSPECIFIED.,.F.,.F.,(4,3,4),(0.0632576913684576,0.938695089907751,
1.55243704819915),.UNSPECIFIED.);
#235=B_SPLINE_CURVE_WITH_KNOTS('',3,(#6641,#6642,#6643,#6644),
 .UNSPECIFIED.,.F.,.F.,(4,4),(0.,0.0670176997975751),.UNSPECIFIED.);
#236=B_SPLINE_CURVE_WITH_KNOTS('',3,(#6647,#6648,#6649,#6650),
 .UNSPECIFIED.,.F.,.F.,(4,4),(-1.20449902316695,-1.09172792902347),
 .UNSPECIFIED.);
#237=B_SPLINE_CURVE_WITH_KNOTS('',3,(#6651,#6652,#6653,#6654),
 .UNSPECIFIED.,.F.,.F.,(4,4),(-1.15373290259798,-0.522809265919378),
 .UNSPECIFIED.);
#238=B_SPLINE_CURVE_WITH_KNOTS('',3,(#6666,#6667,#6668,#6669,#6670,#6671),
 .UNSPECIFIED.,.F.,.F.,(4,2,4),(0.123363668074517,0.621464046519477,1.28125227725623),
 .UNSPECIFIED.);
#239=B_SPLINE_CURVE_WITH_KNOTS('',3,(#6673,#6674,#6675,#6676),
 .UNSPECIFIED.,.F.,.F.,(4,4),(0.0866413516877392,0.10943047096295),
 .UNSPECIFIED.);
#240=B_SPLINE_CURVE_WITH_KNOTS('',3,(#6678,#6679,#6680,#6681,#6682,#6683),
 .UNSPECIFIED.,.F.,.F.,(4,2,4),(-0.437812273772552,-0.403239298254257,0.),
 .UNSPECIFIED.);
#241=B_SPLINE_CURVE_WITH_KNOTS('',3,(#6684,#6685,#6686,#6687),
 .UNSPECIFIED.,.F.,.F.,(4,4),(-0.50068841535986,0.),.UNSPECIFIED.);
#242=B_SPLINE_CURVE_WITH_KNOTS('',3,(#6700,#6701,#6702,#6703),
 .UNSPECIFIED.,.F.,.F.,(4,4),(0.0632044211588952,0.706169361372738),
 .UNSPECIFIED.);
#243=B_SPLINE_CURVE_WITH_KNOTS('',3,(#6727,#6728,#6729,#6730),
 .UNSPECIFIED.,.F.,.F.,(4,4),(-1.10652857142065,-0.754916357848709),
 .UNSPECIFIED.);
#244=B_SPLINE_CURVE_WITH_KNOTS('',3,(#6732,#6733,#6734,#6735),
 .UNSPECIFIED.,.F.,.F.,(4,4),(-0.802824054413728,-0.260107033144923),
 .UNSPECIFIED.);
#245=B_SPLINE_CURVE_WITH_KNOTS('',3,(#6736,#6737,#6738,#6739),
 .UNSPECIFIED.,.F.,.F.,(4,4),(-0.620742091365689,-0.267896712554657),
 .UNSPECIFIED.);
#246=B_SPLINE_CURVE_WITH_KNOTS('',3,(#6751,#6752,#6753,#6754),
 .UNSPECIFIED.,.F.,.F.,(4,4),(-0.013240440618847,0.),.UNSPECIFIED.);
#247=B_SPLINE_CURVE_WITH_KNOTS('',3,(#6758,#6759,#6760,#6761),
 .UNSPECIFIED.,.F.,.F.,(4,4),(-0.544919694378633,-0.504164561647475),
 .UNSPECIFIED.);
#248=B_SPLINE_CURVE_WITH_KNOTS('',3,(#6763,#6764,#6765,#6766,#6767,#6768,
#6769),.UNSPECIFIED.,.F.,.F.,(4,3,4),(0.0449787763889387,0.652484358213015,
1.17367344457274),.UNSPECIFIED.);
#249=B_SPLINE_CURVE_WITH_KNOTS('',3,(#6771,#6772,#6773,#6774,#6775,#6776,
#6777,#6778,#6779,#6780,#6781,#6782,#6783,#6784,#6785,#6786,#6787,#6788,
#6789),.UNSPECIFIED.,.F.,.F.,(4,3,3,3,3,3,4),(-0.396058962903327,-0.328627752157928,
-0.268328206313055,-0.261196541412529,-0.113924383412832,-0.00714635513327902,
0.),.UNSPECIFIED.);
#250=B_SPLINE_CURVE_WITH_KNOTS('',3,(#6790,#6791,#6792,#6793),
 .UNSPECIFIED.,.F.,.F.,(4,4),(0.,0.364131230388882),.UNSPECIFIED.);
#251=B_SPLINE_CURVE_WITH_KNOTS('',3,(#6797,#6798,#6799,#6800),
 .UNSPECIFIED.,.F.,.F.,(4,4),(1.56967206823706,1.63827959659616),
 .UNSPECIFIED.);
#252=B_SPLINE_CURVE_WITH_KNOTS('',3,(#6802,#6803,#6804,#6805),
 .UNSPECIFIED.,.F.,.F.,(4,4),(0.,0.374843468416188),.UNSPECIFIED.);
#253=B_SPLINE_CURVE_WITH_KNOTS('',3,(#6807,#6808,#6809,#6810,#6811,#6812,
#6813),.UNSPECIFIED.,.F.,.F.,(4,3,4),(0.,0.342297277033577,0.682757213580115),
 .UNSPECIFIED.);
#254=B_SPLINE_CURVE_WITH_KNOTS('',3,(#6815,#6816,#6817,#6818,#6819,#6820,
#6821),.UNSPECIFIED.,.F.,.F.,(4,3,4),(0.,0.568185610035427,0.986991832481814),
 .UNSPECIFIED.);
#255=B_SPLINE_CURVE_WITH_KNOTS('',3,(#6823,#6824,#6825,#6826),
 .UNSPECIFIED.,.F.,.F.,(4,4),(0.0513098000851806,0.159426853301978),
 .UNSPECIFIED.);
#256=B_SPLINE_CURVE_WITH_KNOTS('',3,(#6832,#6833,#6834,#6835),
 .UNSPECIFIED.,.F.,.F.,(4,4),(0.0731615871146655,0.124190844278062),
 .UNSPECIFIED.);
#257=B_SPLINE_CURVE_WITH_KNOTS('',3,(#6848,#6849,#6850,#6851),
 .UNSPECIFIED.,.F.,.F.,(4,4),(-0.31954049300865,-0.13889764263849),
 .UNSPECIFIED.);
#258=B_SPLINE_CURVE_WITH_KNOTS('',3,(#6852,#6853,#6854,#6855),
 .UNSPECIFIED.,.F.,.F.,(4,4),(-0.548523556831824,-0.0507091751812034),
 .UNSPECIFIED.);
#259=B_SPLINE_CURVE_WITH_KNOTS('',3,(#6866,#6867,#6868,#6869),
 .UNSPECIFIED.,.F.,.F.,(4,4),(1.12297148483815,1.37777786254883),
 .UNSPECIFIED.);
#260=B_SPLINE_CURVE_WITH_KNOTS('',3,(#6871,#6872,#6873,#6874),
 .UNSPECIFIED.,.F.,.F.,(4,4),(-0.572124564534793,-0.285046507995801),
 .UNSPECIFIED.);
#261=B_SPLINE_CURVE_WITH_KNOTS('',3,(#6876,#6877,#6878,#6879),
 .UNSPECIFIED.,.F.,.F.,(4,4),(-0.345591534767207,0.),.UNSPECIFIED.);
#262=B_SPLINE_CURVE_WITH_KNOTS('',3,(#6893,#6894,#6895,#6896),
 .UNSPECIFIED.,.F.,.F.,(4,4),(0.,0.228932723036815),.UNSPECIFIED.);
#263=B_SPLINE_CURVE_WITH_KNOTS('',3,(#6900,#6901,#6902,#6903),
 .UNSPECIFIED.,.F.,.F.,(4,4),(-0.344904294708147,0.),.UNSPECIFIED.);
#264=B_SPLINE_CURVE_WITH_KNOTS('',3,(#6904,#6905,#6906,#6907),
 .UNSPECIFIED.,.F.,.F.,(4,4),(0.154887158959843,0.282271570790492),
 .UNSPECIFIED.);
#265=B_SPLINE_CURVE_WITH_KNOTS('',3,(#6913,#6914,#6915,#6916),
 .UNSPECIFIED.,.F.,.F.,(4,4),(0.0534107325214377,0.178528008838006),
 .UNSPECIFIED.);
#266=B_SPLINE_CURVE_WITH_KNOTS('',3,(#6923,#6924,#6925,#6926),
 .UNSPECIFIED.,.F.,.F.,(4,4),(0.,0.434823258557456),.UNSPECIFIED.);
#267=B_SPLINE_CURVE_WITH_KNOTS('',3,(#6935,#6936,#6937,#6938),
 .UNSPECIFIED.,.F.,.F.,(4,4),(0.147260992489066,0.603179498690238),
 .UNSPECIFIED.);
#268=B_SPLINE_CURVE_WITH_KNOTS('',3,(#6939,#6940,#6941,#6942,#6943,#6944,
#6945),.UNSPECIFIED.,.F.,.F.,(4,3,4),(0.,0.391493514656974,0.450459958795157),
 .UNSPECIFIED.);
#269=B_SPLINE_CURVE_WITH_KNOTS('',3,(#6948,#6949,#6950,#6951,#6952,#6953,
#6954),.UNSPECIFIED.,.F.,.F.,(4,3,4),(0.0522259867261546,0.226420734950065,
0.873709795496813),.UNSPECIFIED.);
#270=B_SPLINE_CURVE_WITH_KNOTS('',3,(#6958,#6959,#6960,#6961,#6962,#6963,
#6964),.UNSPECIFIED.,.F.,.F.,(4,3,4),(0.,0.793254929894684,0.805283541376253),
 .UNSPECIFIED.);
#271=B_SPLINE_CURVE_WITH_KNOTS('',3,(#6965,#6966,#6967,#6968),
 .UNSPECIFIED.,.F.,.F.,(4,4),(0.319601773833376,0.552229445272762),
 .UNSPECIFIED.);
#272=B_SPLINE_CURVE_WITH_KNOTS('',3,(#6971,#6972,#6973,#6974,#6975,#6976,
#6977),.UNSPECIFIED.,.F.,.F.,(4,3,4),(0.0281630479609671,0.687317285356858,
0.700398324602716),.UNSPECIFIED.);
#273=B_SPLINE_CURVE_WITH_KNOTS('',3,(#6979,#6980,#6981,#6982),
 .UNSPECIFIED.,.F.,.F.,(4,4),(0.353588693572681,0.789583730697631),
 .UNSPECIFIED.);
#274=B_SPLINE_CURVE_WITH_KNOTS('',3,(#6994,#6995,#6996,#6997),
 .UNSPECIFIED.,.F.,.F.,(4,4),(0.735984127221732,1.05290285036898),
 .UNSPECIFIED.);
#275=B_SPLINE_CURVE_WITH_KNOTS('',3,(#6998,#6999,#7000,#7001),
 .UNSPECIFIED.,.F.,.F.,(4,4),(0.509976348897567,0.789583730697634),
 .UNSPECIFIED.);
#276=B_SPLINE_CURVE_WITH_KNOTS('',3,(#7003,#7004,#7005,#7006,#7007,#7008,
#7009,#7010,#7011,#7012,#7013,#7014,#7015,#7016,#7017,#7018,#7019,#7020,
#7021,#7022,#7023,#7024,#7025,#7026,#7027,#7028,#7029,#7030,#7031,#7032,
#7033),.UNSPECIFIED.,.F.,.F.,(4,3,3,3,3,3,3,3,3,3,4),(0.,0.0769919248561116,
0.1716242600053,0.243461661593974,0.305764318073984,0.362636853759427,0.428206386181989,
0.441911943904451,0.698279059141018,0.894210753905233,0.987403907464764),
 .UNSPECIFIED.);
#277=B_SPLINE_CURVE_WITH_KNOTS('',3,(#7034,#7035,#7036,#7037),
 .UNSPECIFIED.,.F.,.F.,(4,4),(-0.24959940591369,-0.0721603944706755),
 .UNSPECIFIED.);
#278=B_SPLINE_CURVE_WITH_KNOTS('',3,(#7048,#7049,#7050,#7051),
 .UNSPECIFIED.,.F.,.F.,(4,4),(0.,0.542876455844342),.UNSPECIFIED.);
#279=B_SPLINE_CURVE_WITH_KNOTS('',3,(#7062,#7063,#7064,#7065),
 .UNSPECIFIED.,.F.,.F.,(4,4),(0.,0.502316098945385),.UNSPECIFIED.);
#280=B_SPLINE_CURVE_WITH_KNOTS('',3,(#7068,#7069,#7070,#7071),
 .UNSPECIFIED.,.F.,.F.,(4,4),(0.196885020684751,0.39237926945635),
 .UNSPECIFIED.);
#281=B_SPLINE_CURVE_WITH_KNOTS('',3,(#7072,#7073,#7074,#7075),
 .UNSPECIFIED.,.F.,.F.,(4,4),(0.0955432374919921,0.633153661482542),
 .UNSPECIFIED.);
#282=B_SPLINE_CURVE_WITH_KNOTS('',3,(#7087,#7088,#7089,#7090,#7091,#7092,
#7093),.UNSPECIFIED.,.F.,.F.,(4,3,4),(0.,0.149461826253126,0.230880781029145),
 .UNSPECIFIED.);
#283=B_SPLINE_CURVE_WITH_KNOTS('',3,(#7106,#7107,#7108,#7109),
 .UNSPECIFIED.,.F.,.F.,(4,4),(-1.31971112104724,-0.740535501162232),
 .UNSPECIFIED.);
#284=B_SPLINE_CURVE_WITH_KNOTS('',3,(#7112,#7113,#7114,#7115,#7116,#7117,
#7118,#7119,#7120,#7121,#7122,#7123,#7124,#7125,#7126,#7127,#7128,#7129,
#7130,#7131,#7132,#7133,#7134,#7135,#7136,#7137,#7138,#7139,#7140,#7141,
#7142,#7143,#7144,#7145,#7146,#7147,#7148,#7149,#7150,#7151,#7152,#7153,
#7154),.UNSPECIFIED.,.F.,.F.,(4,3,3,3,3,3,3,3,3,3,3,3,3,3,4),(-1.32568599087899,
-1.18071747951555,-1.0554819454433,-0.948135200775253,-0.848742520331465,
-0.756823909121671,-0.679775343226543,-0.655448360622648,-0.579828678813315,
-0.498696031623964,-0.412933868485551,-0.320828570525656,-0.211104119045512,
-0.0198216420333724,0.),.UNSPECIFIED.);
#285=B_SPLINE_CURVE_WITH_KNOTS('',3,(#7155,#7156,#7157,#7158),
 .UNSPECIFIED.,.F.,.F.,(4,4),(0.0500000000000003,0.516961844756561),
 .UNSPECIFIED.);
#286=B_SPLINE_CURVE_WITH_KNOTS('',3,(#7170,#7171,#7172,#7173,#7174,#7175,
#7176,#7177,#7178,#7179),.UNSPECIFIED.,.F.,.F.,(4,3,3,4),(-0.841635873253089,
-0.72855173296081,-0.566919817927431,-0.451011980533283),.UNSPECIFIED.);
#287=B_SPLINE_CURVE_WITH_KNOTS('',3,(#7192,#7193,#7194,#7195),
 .UNSPECIFIED.,.F.,.F.,(4,4),(-0.184330346462091,0.),.UNSPECIFIED.);
#288=B_SPLINE_CURVE_WITH_KNOTS('',3,(#7196,#7197,#7198,#7199),
 .UNSPECIFIED.,.F.,.F.,(4,4),(-0.573993793680097,-0.050081078967051),
 .UNSPECIFIED.);
#289=B_SPLINE_CURVE_WITH_KNOTS('',3,(#7211,#7212,#7213,#7214,#7215,#7216,
#7217,#7218,#7219,#7220,#7221,#7222,#7223,#7224,#7225,#7226,#7227,#7228,
#7229,#7230,#7231,#7232,#7233,#7234,#7235,#7236,#7237,#7238,#7239,#7240,
#7241),.UNSPECIFIED.,.F.,.F.,(4,3,3,3,3,3,3,3,3,3,4),(-0.990751115574632,
-0.886071229603393,-0.776738017849848,-0.665276760286263,-0.547169554529308,
-0.458410961357648,-0.343808221018236,-0.235449485209216,-0.126992238018423,
-0.0166385659995323,0.),.UNSPECIFIED.);
#290=B_SPLINE_CURVE_WITH_KNOTS('',3,(#7253,#7254,#7255,#7256,#7257,#7258,
#7259,#7260),.UNSPECIFIED.,.F.,.F.,(4,2,2,4),(-0.966419765790715,-0.52750991330493,
-0.16509546580377,0.),.UNSPECIFIED.);
#291=B_SPLINE_CURVE_WITH_KNOTS('',3,(#7262,#7263,#7264,#7265,#7266,#7267,
#7268),.UNSPECIFIED.,.F.,.F.,(4,3,4),(0.0528233587518367,0.178299715855552,
0.647893606053093),.UNSPECIFIED.);
#292=B_SPLINE_CURVE_WITH_KNOTS('',3,(#7306,#7307,#7308,#7309),
 .UNSPECIFIED.,.F.,.F.,(4,4),(0.0155326260025852,0.618183659092898),
 .UNSPECIFIED.);
#293=B_SPLINE_CURVE_WITH_KNOTS('',3,(#7311,#7312,#7313,#7314),
 .UNSPECIFIED.,.F.,.F.,(4,4),(0.108261882120833,0.366250295404994),
 .UNSPECIFIED.);
#294=B_SPLINE_CURVE_WITH_KNOTS('',3,(#7318,#7319,#7320,#7321),
 .UNSPECIFIED.,.F.,.F.,(4,4),(-0.358290217973043,0.),.UNSPECIFIED.);
#295=B_SPLINE_CURVE_WITH_KNOTS('',3,(#7322,#7323,#7324,#7325,#7326),
 .UNSPECIFIED.,.F.,.F.,(4,1,4),(-0.704685461307554,-0.541270365606133,-0.31457928403107),
 .UNSPECIFIED.);
#296=B_SPLINE_CURVE_WITH_KNOTS('',3,(#7328,#7329,#7330,#7331),
 .UNSPECIFIED.,.F.,.F.,(4,4),(-0.977479781174645,-0.406944209337277),
 .UNSPECIFIED.);
#297=B_SPLINE_CURVE_WITH_KNOTS('',3,(#7343,#7344,#7345,#7346),
 .UNSPECIFIED.,.F.,.F.,(4,4),(0.,0.0826553079394581),.UNSPECIFIED.);
#298=B_SPLINE_CURVE_WITH_KNOTS('',3,(#7348,#7349,#7350,#7351,#7352,#7353,
#7354),.UNSPECIFIED.,.F.,.F.,(4,3,4),(0.,0.151690071267358,0.239048090526973),
 .UNSPECIFIED.);
#299=B_SPLINE_CURVE_WITH_KNOTS('',3,(#7357,#7358,#7359,#7360),
 .UNSPECIFIED.,.F.,.F.,(4,4),(0.,0.178049801746055),.UNSPECIFIED.);
#300=B_SPLINE_CURVE_WITH_KNOTS('',3,(#7372,#7373,#7374,#7375,#7376,#7377,
#7378),.UNSPECIFIED.,.F.,.F.,(4,3,4),(0.,0.113363059019011,0.18009775455521),
 .UNSPECIFIED.);
#301=B_SPLINE_CURVE_WITH_KNOTS('',3,(#7381,#7382,#7383,#7384,#7385,#7386,
#7387,#7388),.UNSPECIFIED.,.F.,.F.,(4,2,2,4),(0.,0.138662787183134,0.245497687452958,
0.379103383163311),.UNSPECIFIED.);
#302=B_SPLINE_CURVE_WITH_KNOTS('',3,(#7400,#7401,#7402,#7403,#7404,#7405,
#7406),.UNSPECIFIED.,.F.,.F.,(4,3,4),(0.,0.0701499932848662,0.0988308427832079),
 .UNSPECIFIED.);
#303=B_SPLINE_CURVE_WITH_KNOTS('',3,(#7407,#7408,#7409,#7410,#7411,#7412,
#7413,#7414,#7415,#7416,#7417,#7418,#7419,#7420,#7421,#7422,#7423,#7424,
#7425,#7426,#7427,#7428,#7429,#7430,#7431,#7432,#7433,#7434,#7435,#7436,
#7437,#7438,#7439,#7440),.UNSPECIFIED.,.F.,.F.,(4,3,3,3,3,3,3,3,3,3,3,4),
(0.0869855342802222,0.0908586990859417,0.100525735793162,0.109648718036149,
0.115476395171216,0.124182946777841,0.133888575214476,0.139292994254355,
0.155154871618432,0.171002720274823,0.183821266480387,0.186850568931213),
 .UNSPECIFIED.);
#304=B_SPLINE_CURVE_WITH_KNOTS('',3,(#7451,#7452,#7453,#7454),
 .UNSPECIFIED.,.F.,.F.,(4,4),(0.109507524286414,0.111674231738208),
 .UNSPECIFIED.);
#305=B_SPLINE_CURVE_WITH_KNOTS('',3,(#7456,#7457,#7458,#7459,#7460,#7461,
#7462),.UNSPECIFIED.,.F.,.F.,(4,3,4),(0.,0.164036024823778,0.322245230244618),
 .UNSPECIFIED.);
#306=B_SPLINE_CURVE_WITH_KNOTS('',3,(#7465,#7466,#7467,#7468),
 .UNSPECIFIED.,.F.,.F.,(4,4),(0.973184954317667,1.29062502384186),
 .UNSPECIFIED.);
#307=B_SPLINE_CURVE_WITH_KNOTS('',3,(#7512,#7513,#7514,#7515),
 .UNSPECIFIED.,.F.,.F.,(4,4),(0.454199375274954,0.770882560778092),
 .UNSPECIFIED.);
#308=B_SPLINE_CURVE_WITH_KNOTS('',3,(#7517,#7518,#7519,#7520,#7521),
 .UNSPECIFIED.,.F.,.F.,(4,1,4),(-1.81152771564808,-1.25301639879518,-0.860493326183641),
 .UNSPECIFIED.);
#309=B_SPLINE_CURVE_WITH_KNOTS('',3,(#7523,#7524,#7525,#7526),
 .UNSPECIFIED.,.F.,.F.,(4,4),(0.,0.509195404196159),.UNSPECIFIED.);
#310=B_SPLINE_CURVE_WITH_KNOTS('',3,(#7528,#7529,#7530,#7531,#7532,#7533,
#7534,#7535,#7536,#7537,#7538,#7539,#7540,#7541,#7542,#7543,#7544,#7545,
#7546,#7547,#7548,#7549,#7550,#7551,#7552,#7553,#7554,#7555,#7556,#7557,
#7558,#7559,#7560,#7561,#7562,#7563,#7564),.UNSPECIFIED.,.F.,.F.,(4,3,3,
3,3,3,3,3,3,3,3,3,4),(0.,0.103138845926742,0.195441165363307,0.28009702584115,
0.297612280040226,0.333072315452516,0.370257120566508,0.409858250974627,
0.460527483536153,0.475874928572639,0.504504209880546,0.53407972321292,
0.563655236545294),.UNSPECIFIED.);
#311=B_SPLINE_CURVE_WITH_KNOTS('',3,(#7566,#7567,#7568,#7569,#7570,#7571,
#7572),.UNSPECIFIED.,.F.,.F.,(4,3,4),(0.0794455263828558,0.263663872513586,
0.278253783825881),.UNSPECIFIED.);
#312=B_SPLINE_CURVE_WITH_KNOTS('',3,(#7574,#7575,#7576,#7577,#7578,#7579,
#7580,#7581,#7582,#7583,#7584,#7585,#7586,#7587,#7588,#7589,#7590,#7591,
#7592,#7593,#7594,#7595,#7596,#7597,#7598,#7599,#7600,#7601),
 .UNSPECIFIED.,.F.,.F.,(4,3,3,3,3,3,3,3,3,4),(0.,0.124193269831415,0.267544770069915,
0.451940516660008,0.55073702423816,0.650504664608751,0.762695470489162,
0.929342726378028,1.04868750202986,1.11398564339134),.UNSPECIFIED.);
#313=B_SPLINE_CURVE_WITH_KNOTS('',3,(#7603,#7604,#7605,#7606),
 .UNSPECIFIED.,.F.,.F.,(4,4),(0.050554551355515,0.385025378915008),
 .UNSPECIFIED.);
#314=B_SPLINE_CURVE_WITH_KNOTS('',3,(#7607,#7608,#7609,#7610),
 .UNSPECIFIED.,.F.,.F.,(4,4),(0.,0.246429751246201),.UNSPECIFIED.);
#315=B_SPLINE_CURVE_WITH_KNOTS('',3,(#7622,#7623,#7624,#7625),
 .UNSPECIFIED.,.F.,.F.,(4,4),(0.,0.374291372767403),.UNSPECIFIED.);
#316=B_SPLINE_CURVE_WITH_KNOTS('',3,(#7627,#7628,#7629,#7630),
 .UNSPECIFIED.,.F.,.F.,(4,4),(-1.53994870381139,-0.662330911603587),
 .UNSPECIFIED.);
#317=B_SPLINE_CURVE_WITH_KNOTS('',3,(#7632,#7633,#7634,#7635),
 .UNSPECIFIED.,.F.,.F.,(4,4),(0.,0.494644193660537),.UNSPECIFIED.);
#318=B_SPLINE_CURVE_WITH_KNOTS('',3,(#7638,#7639,#7640,#7641,#7642,#7643,
#7644),.UNSPECIFIED.,.F.,.F.,(4,3,4),(0.455559599598058,0.612564369212119,
0.670018581329859),.UNSPECIFIED.);
#319=B_SPLINE_CURVE_WITH_KNOTS('',3,(#7661,#7662,#7663,#7664),
 .UNSPECIFIED.,.F.,.F.,(4,4),(0.,0.23935144032415),.UNSPECIFIED.);
#320=B_SPLINE_CURVE_WITH_KNOTS('',3,(#7668,#7669,#7670,#7671,#7672,#7673,
#7674),.UNSPECIFIED.,.F.,.F.,(4,3,4),(-0.984627629781515,-0.512700644388632,
1.11022302462516E-16),.UNSPECIFIED.);
#321=B_SPLINE_CURVE_WITH_KNOTS('',3,(#7677,#7678,#7679,#7680,#7681,#7682,
#7683),.UNSPECIFIED.,.F.,.F.,(4,3,4),(-0.90485321826969,-0.573252929657908,
1.11022302462516E-16),.UNSPECIFIED.);
#322=B_SPLINE_CURVE_WITH_KNOTS('',3,(#7687,#7688,#7689,#7690),
 .UNSPECIFIED.,.F.,.F.,(4,4),(0.0742479512500923,0.645542461351509),
 .UNSPECIFIED.);
#323=B_SPLINE_CURVE_WITH_KNOTS('',3,(#7696,#7697,#7698,#7699),
 .UNSPECIFIED.,.F.,.F.,(4,4),(0.,0.484130357128121),.UNSPECIFIED.);
#324=B_SPLINE_CURVE_WITH_KNOTS('',3,(#7711,#7712,#7713,#7714,#7715,#7716,
#7717),.UNSPECIFIED.,.F.,.F.,(4,3,4),(0.,0.403262929837114,0.555350935771804),
 .UNSPECIFIED.);
#325=B_SPLINE_CURVE_WITH_KNOTS('',3,(#7721,#7722,#7723,#7724,#7725,#7726,
#7727),.UNSPECIFIED.,.F.,.F.,(4,3,4),(0.0519256638314928,0.215806406160345,
0.62032682547022),.UNSPECIFIED.);
#326=B_SPLINE_CURVE_WITH_KNOTS('',3,(#7739,#7740,#7741,#7742),
 .UNSPECIFIED.,.F.,.F.,(4,4),(0.,0.226140625600352),.UNSPECIFIED.);
#327=B_SPLINE_CURVE_WITH_KNOTS('',3,(#7746,#7747,#7748,#7749,#7750,#7751,
#7752),.UNSPECIFIED.,.F.,.F.,(4,3,4),(0.0525346263968559,0.315013436184897,
0.657375690905573),.UNSPECIFIED.);
#328=B_SPLINE_CURVE_WITH_KNOTS('',3,(#7754,#7755,#7756,#7757),
 .UNSPECIFIED.,.F.,.F.,(4,4),(0.0499999999999998,0.0955343819253887),
 .UNSPECIFIED.);
#329=B_SPLINE_CURVE_WITH_KNOTS('',3,(#7761,#7762,#7763,#7764),
 .UNSPECIFIED.,.F.,.F.,(4,4),(0.639811950922042,0.658680605888369),
 .UNSPECIFIED.);
#330=B_SPLINE_CURVE_WITH_KNOTS('',3,(#7769,#7770,#7771,#7772,#7773,#7774,
#7775),.UNSPECIFIED.,.F.,.F.,(4,3,4),(0.,0.220456952080286,0.377483885841283),
 .UNSPECIFIED.);
#331=B_SPLINE_CURVE_WITH_KNOTS('',3,(#7792,#7793,#7794,#7795,#7796,#7797,
#7798),.UNSPECIFIED.,.F.,.F.,(4,3,4),(0.,0.816454997178613,1.81065145443435),
 .UNSPECIFIED.);
#332=B_SPLINE_CURVE_WITH_KNOTS('',3,(#7800,#7801,#7802,#7803),
 .UNSPECIFIED.,.F.,.F.,(4,4),(0.175965813295232,0.294202753093463),
 .UNSPECIFIED.);
#333=B_SPLINE_CURVE_WITH_KNOTS('',3,(#7819,#7820,#7821,#7822),
 .UNSPECIFIED.,.F.,.F.,(4,4),(0.,0.514409354415513),.UNSPECIFIED.);
#334=B_SPLINE_CURVE_WITH_KNOTS('',3,(#7827,#7828,#7829,#7830),
 .UNSPECIFIED.,.F.,.F.,(4,4),(0.0749457390582497,0.616535527625071),
 .UNSPECIFIED.);
#335=B_SPLINE_CURVE_WITH_KNOTS('',3,(#7831,#7832,#7833,#7834,#7835,#7836),
 .UNSPECIFIED.,.F.,.F.,(4,2,4),(0.338887329246846,0.560190749337244,0.593364925276853),
 .UNSPECIFIED.);
#336=B_SPLINE_CURVE_WITH_KNOTS('',3,(#7840,#7841,#7842,#7843,#7844,#7845,
#7846),.UNSPECIFIED.,.F.,.F.,(4,3,4),(0.0714581132336675,0.738845497092517,
1.60746263036087),.UNSPECIFIED.);
#337=B_SPLINE_CURVE_WITH_KNOTS('',3,(#7848,#7849,#7850,#7851),
 .UNSPECIFIED.,.F.,.F.,(4,4),(0.371176910831981,1.10191951685225),
 .UNSPECIFIED.);
#338=B_SPLINE_CURVE_WITH_KNOTS('',3,(#7853,#7854,#7855,#7856,#7857,#7858,
#7859),.UNSPECIFIED.,.F.,.F.,(4,3,4),(0.0593099582725817,0.359424569432281,
0.50617952877024),.UNSPECIFIED.);
#339=B_SPLINE_CURVE_WITH_KNOTS('',3,(#7866,#7867,#7868,#7869,#7870,#7871,
#7872),.UNSPECIFIED.,.F.,.F.,(4,3,4),(0.539140690652607,0.901918341998233,
1.52542419434553),.UNSPECIFIED.);
#340=B_SPLINE_CURVE_WITH_KNOTS('',3,(#7874,#7875,#7876,#7877),
 .UNSPECIFIED.,.F.,.F.,(4,4),(0.843464959963224,1.31342241086874),
 .UNSPECIFIED.);
#341=B_SPLINE_CURVE_WITH_KNOTS('',3,(#7896,#7897,#7898,#7899),
 .UNSPECIFIED.,.F.,.F.,(4,4),(0.,0.401310861290741),.UNSPECIFIED.);
#342=B_SPLINE_CURVE_WITH_KNOTS('',3,(#7912,#7913,#7914,#7915,#7916,#7917,
#7918,#7919,#7920,#7921,#7922,#7923,#7924),.UNSPECIFIED.,.F.,.F.,(4,3,3,
3,4),(0.,0.00201234382921858,0.0955122972803443,0.201036046146113,0.320333642621151),
 .UNSPECIFIED.);
#343=B_SPLINE_CURVE_WITH_KNOTS('',3,(#7927,#7928,#7929,#7930,#7931,#7932,
#7933),.UNSPECIFIED.,.F.,.F.,(4,3,4),(-0.812153136167539,-0.437099342731436,
1.11022302462516E-16),.UNSPECIFIED.);
#344=B_SPLINE_CURVE_WITH_KNOTS('',3,(#7934,#7935,#7936,#7937,#7938,#7939,
#7940),.UNSPECIFIED.,.F.,.F.,(4,3,4),(-0.578188982316836,-0.440144630736818,
0.),.UNSPECIFIED.);
#345=B_SPLINE_CURVE_WITH_KNOTS('',3,(#7943,#7944,#7945,#7946),
 .UNSPECIFIED.,.F.,.F.,(4,4),(0.0499999999999998,0.640972423553464),
 .UNSPECIFIED.);
#346=B_SPLINE_CURVE_WITH_KNOTS('',3,(#7962,#7963,#7964,#7965,#7966,#7967,
#7968),.UNSPECIFIED.,.F.,.F.,(4,3,4),(-0.616011321063547,-0.178207547730593,
-0.0517622033140014),.UNSPECIFIED.);
#347=B_SPLINE_CURVE_WITH_KNOTS('',3,(#7971,#7972,#7973,#7974,#7975,#7976,
#7977),.UNSPECIFIED.,.F.,.F.,(4,3,4),(-0.878209271251058,-0.413057369475982,
0.),.UNSPECIFIED.);
#348=B_SPLINE_CURVE_WITH_KNOTS('',3,(#7978,#7979,#7980,#7981,#7982,#7983,
#7984,#7985,#7986,#7987,#7988,#7989,#7990),.UNSPECIFIED.,.F.,.F.,(4,3,3,
3,4),(0.,0.158267645860241,0.250735122941463,0.316535291720482,0.318537393439174),
 .UNSPECIFIED.);
#349=B_SPLINE_CURVE_WITH_KNOTS('',3,(#7994,#7995,#7996,#7997),
 .UNSPECIFIED.,.F.,.F.,(4,4),(0.0675601783043975,0.907377272097264),
 .UNSPECIFIED.);
#350=B_SPLINE_CURVE_WITH_KNOTS('',3,(#8003,#8004,#8005,#8006),
 .UNSPECIFIED.,.F.,.F.,(4,4),(0.,0.921664118156785),.UNSPECIFIED.);
#351=B_SPLINE_CURVE_WITH_KNOTS('',3,(#8016,#8017,#8018,#8019,#8020,#8021,
#8022),.UNSPECIFIED.,.F.,.F.,(4,3,4),(0.,0.316760399105722,0.432637521132091),
 .UNSPECIFIED.);
#352=B_SPLINE_CURVE_WITH_KNOTS('',3,(#8041,#8042,#8043,#8044),
 .UNSPECIFIED.,.F.,.F.,(4,4),(0.,0.915024004370412),.UNSPECIFIED.);
#353=B_SPLINE_CURVE_WITH_KNOTS('',3,(#8045,#8046,#8047,#8048,#8049,#8050,
#8051),.UNSPECIFIED.,.F.,.F.,(4,3,4),(-1.07187091490699,-0.564133291875772,
-0.34495497613303),.UNSPECIFIED.);
#354=B_SPLINE_CURVE_WITH_KNOTS('',3,(#8064,#8065,#8066,#8067),
 .UNSPECIFIED.,.F.,.F.,(4,4),(0.,0.532280078939653),.UNSPECIFIED.);
#355=B_SPLINE_CURVE_WITH_KNOTS('',3,(#8070,#8071,#8072,#8073),
 .UNSPECIFIED.,.F.,.F.,(4,4),(-2.16136110592755,-1.44164758855381),
 .UNSPECIFIED.);
#356=B_SPLINE_CURVE_WITH_KNOTS('',3,(#8075,#8076,#8077,#8078),
 .UNSPECIFIED.,.F.,.F.,(4,4),(0.,0.133760006490838),.UNSPECIFIED.);
#357=B_SPLINE_CURVE_WITH_KNOTS('',3,(#8080,#8081,#8082,#8083,#8084,#8085,
#8086),.UNSPECIFIED.,.F.,.F.,(4,3,4),(-0.198204150164426,-0.109755386309328,
-0.0832620037212595),.UNSPECIFIED.);
#358=B_SPLINE_CURVE_WITH_KNOTS('',3,(#8088,#8089,#8090,#8091,#8092,#8093),
 .UNSPECIFIED.,.F.,.F.,(4,2,4),(-2.74531891942029,-2.47449749875487,-2.22522857785229),
 .UNSPECIFIED.);
#359=B_SPLINE_CURVE_WITH_KNOTS('',3,(#8095,#8096,#8097,#8098,#8099,#8100,
#8101),.UNSPECIFIED.,.F.,.F.,(4,3,4),(-0.278345602478878,-0.157045494706688,
-0.0604910199743834),.UNSPECIFIED.);
#360=B_SPLINE_CURVE_WITH_KNOTS('',3,(#8103,#8104,#8105,#8106),
 .UNSPECIFIED.,.F.,.F.,(4,4),(-0.252507244077648,0.),.UNSPECIFIED.);
#361=B_SPLINE_CURVE_WITH_KNOTS('',3,(#8107,#8108,#8109,#8110),
 .UNSPECIFIED.,.F.,.F.,(4,4),(-3.5374001278352,-2.85395152753457),
 .UNSPECIFIED.);
#362=B_SPLINE_CURVE_WITH_KNOTS('',3,(#8123,#8124,#8125,#8126,#8127,#8128,
#8129),.UNSPECIFIED.,.F.,.F.,(4,3,4),(-1.06035196958506,-0.489107531097989,
0.),.UNSPECIFIED.);
#363=B_SPLINE_CURVE_WITH_KNOTS('',3,(#8133,#8134,#8135,#8136,#8137,#8138,
#8139),.UNSPECIFIED.,.F.,.F.,(4,3,4),(0.,0.512241297193678,0.950829507978514),
 .UNSPECIFIED.);
#364=B_SPLINE_CURVE_WITH_KNOTS('',3,(#8152,#8153,#8154,#8155,#8156,#8157,
#8158),.UNSPECIFIED.,.F.,.F.,(4,3,4),(-0.441169620179969,-0.170174471017831,
-0.0519881733976635),.UNSPECIFIED.);
#365=B_SPLINE_CURVE_WITH_KNOTS('',3,(#8160,#8161,#8162,#8163,#8164,#8165,
#8166),.UNSPECIFIED.,.F.,.F.,(4,3,4),(0.,0.227454385486177,0.471581600448579),
 .UNSPECIFIED.);
#366=B_SPLINE_CURVE_WITH_KNOTS('',3,(#8170,#8171,#8172,#8173),
 .UNSPECIFIED.,.F.,.F.,(4,4),(0.,0.223523599537283),.UNSPECIFIED.);
#367=B_SPLINE_CURVE_WITH_KNOTS('',3,(#8174,#8175,#8176,#8177),
 .UNSPECIFIED.,.F.,.F.,(4,4),(0.,0.0985661432674134),.UNSPECIFIED.);
#368=B_SPLINE_CURVE_WITH_KNOTS('',3,(#8186,#8187,#8188,#8189),
 .UNSPECIFIED.,.F.,.F.,(4,4),(0.0499999999999997,0.508868550335597),
 .UNSPECIFIED.);
#369=B_SPLINE_CURVE_WITH_KNOTS('',3,(#8192,#8193,#8194,#8195),
 .UNSPECIFIED.,.F.,.F.,(4,4),(0.101328517612651,0.549409198760981),
 .UNSPECIFIED.);
#370=B_SPLINE_CURVE_WITH_KNOTS('',3,(#8207,#8208,#8209,#8210,#8211,#8212),
 .UNSPECIFIED.,.F.,.F.,(4,2,4),(0.,0.296422685814475,1.23018211412966),
 .UNSPECIFIED.);
#371=B_SPLINE_CURVE_WITH_KNOTS('',3,(#8216,#8217,#8218,#8219,#8220,#8221,
#8222,#8223,#8224,#8225,#8226,#8227,#8228,#8229,#8230,#8231,#8232,#8233,
#8234,#8235,#8236,#8237,#8238,#8239,#8240,#8241,#8242,#8243,#8244,#8245,
#8246,#8247,#8248,#8249),.UNSPECIFIED.,.F.,.F.,(4,3,3,3,3,3,3,3,3,3,3,4),
(0.,0.212825154816822,0.359146898180748,0.487978386594104,0.602928051859627,
0.662743720537876,0.790487798076494,0.914394574532311,1.02288048051518,
1.14541021492454,1.27753897912457,1.38445450876754),.UNSPECIFIED.);
#372=B_SPLINE_CURVE_WITH_KNOTS('',3,(#8253,#8254,#8255,#8256,#8257,#8258,
#8259,#8260,#8261,#8262,#8263,#8264,#8265,#8266,#8267,#8268,#8269,#8270,
#8271,#8272,#8273,#8274,#8275,#8276,#8277,#8278,#8279,#8280),
 .UNSPECIFIED.,.F.,.F.,(4,3,3,3,3,3,3,3,3,4),(0.,0.206522860717011,0.303153157037983,
0.388127782772629,0.413045721434022,0.481419945256094,0.656459014702136,
0.788025387463949,0.89795192893931,0.939146711366233),.UNSPECIFIED.);
#373=B_SPLINE_CURVE_WITH_KNOTS('',3,(#8282,#8283,#8284,#8285,#8286,#8287,
#8288),.UNSPECIFIED.,.F.,.F.,(4,3,4),(-0.778422244187635,-0.356736099537359,
-0.0293323940835921),.UNSPECIFIED.);
#374=B_SPLINE_CURVE_WITH_KNOTS('',3,(#8292,#8293,#8294,#8295,#8296,#8297,
#8298),.UNSPECIFIED.,.F.,.F.,(4,3,4),(-0.630241068120698,-0.383947793620589,
0.),.UNSPECIFIED.);
#375=B_SPLINE_CURVE_WITH_KNOTS('',3,(#8299,#8300,#8301,#8302,#8303,#8304,
#8305,#8306,#8307,#8308,#8309,#8310,#8311,#8312,#8313,#8314,#8315,#8316,
#8317,#8318,#8319,#8320,#8321,#8322,#8323,#8324,#8325,#8326,#8327,#8328,
#8329),.UNSPECIFIED.,.F.,.F.,(4,3,3,3,3,3,3,3,3,3,4),(0.,0.119530687471877,
0.253371357838704,0.459383989400758,0.54523549368458,0.573613818927409,
0.647606121019413,0.729873917145715,0.840053829228824,0.936203229490216,
0.942626633801776),.UNSPECIFIED.);
#376=B_SPLINE_CURVE_WITH_KNOTS('',3,(#8341,#8342,#8343,#8344),
 .UNSPECIFIED.,.F.,.F.,(4,4),(0.957500851008846,1.02130857111459),
 .UNSPECIFIED.);
#377=B_SPLINE_CURVE_WITH_KNOTS('',3,(#8348,#8349,#8350,#8351,#8352,#8353,
#8354),.UNSPECIFIED.,.F.,.F.,(4,3,4),(0.,0.512253338444817,1.12260314364948),
 .UNSPECIFIED.);
#378=B_SPLINE_CURVE_WITH_KNOTS('',3,(#8358,#8359,#8360,#8361),
 .UNSPECIFIED.,.F.,.F.,(4,4),(0.,0.186900563051855),.UNSPECIFIED.);
#379=B_SPLINE_CURVE_WITH_KNOTS('',3,(#8363,#8364,#8365,#8366),
 .UNSPECIFIED.,.F.,.F.,(4,4),(-0.0678753554820883,0.),.UNSPECIFIED.);
#380=B_SPLINE_CURVE_WITH_KNOTS('',3,(#8367,#8368,#8369,#8370,#8371,#8372,
#8373),.UNSPECIFIED.,.F.,.F.,(4,3,4),(-0.455214277320693,-0.370780094812661,
-0.0493717423796566),.UNSPECIFIED.);
#381=B_SPLINE_CURVE_WITH_KNOTS('',3,(#8383,#8384,#8385,#8386,#8387,#8388,
#8389),.UNSPECIFIED.,.F.,.F.,(4,3,4),(-1.06463119616714,-0.501226958611066,
0.),.UNSPECIFIED.);
#382=B_SPLINE_CURVE_WITH_KNOTS('',3,(#8414,#8415,#8416,#8417),
 .UNSPECIFIED.,.F.,.F.,(4,4),(-0.257767656332416,0.),.UNSPECIFIED.);
#383=B_SPLINE_CURVE_WITH_KNOTS('',3,(#8418,#8419,#8420,#8421),
 .UNSPECIFIED.,.F.,.F.,(4,4),(0.63981195092204,0.658680605888369),
 .UNSPECIFIED.);
#384=B_SPLINE_CURVE_WITH_KNOTS('',3,(#8424,#8425,#8426,#8427,#8428,#8429,
#8430),.UNSPECIFIED.,.F.,.F.,(4,3,4),(-0.800450743076587,-0.36728638335129,
0.),.UNSPECIFIED.);
#385=B_SPLINE_CURVE_WITH_KNOTS('',3,(#8436,#8437,#8438,#8439,#8440,#8441,
#8442),.UNSPECIFIED.,.F.,.F.,(4,3,4),(0.,0.248661692663679,0.293208691990489),
 .UNSPECIFIED.);
#386=B_SPLINE_CURVE_WITH_KNOTS('',3,(#8455,#8456,#8457,#8458,#8459,#8460,
#8461),.UNSPECIFIED.,.F.,.F.,(4,3,4),(-0.848658377065714,-0.400078813761977,
1.11022302462516E-16),.UNSPECIFIED.);
#387=B_SPLINE_CURVE_WITH_KNOTS('',3,(#8465,#8466,#8467,#8468,#8469,#8470,
#8471),.UNSPECIFIED.,.F.,.F.,(4,3,4),(0.,0.415497528212355,0.78607116064437),
 .UNSPECIFIED.);
#388=B_SPLINE_CURVE_WITH_KNOTS('',3,(#8484,#8485,#8486,#8487,#8488,#8489,
#8490),.UNSPECIFIED.,.F.,.F.,(4,3,4),(-0.813164165245208,-0.413312638306854,
0.),.UNSPECIFIED.);
#389=B_SPLINE_CURVE_WITH_KNOTS('',3,(#8492,#8493,#8494,#8495,#8496,#8497,
#8498),.UNSPECIFIED.,.F.,.F.,(4,3,4),(0.,0.411733460140405,0.837328040190806),
 .UNSPECIFIED.);
#390=B_SPLINE_CURVE_WITH_KNOTS('',3,(#8506,#8507,#8508,#8509),
 .UNSPECIFIED.,.F.,.F.,(4,4),(0.,0.100100332463237),.UNSPECIFIED.);
#391=B_SPLINE_CURVE_WITH_KNOTS('',3,(#8526,#8527,#8528,#8529),
 .UNSPECIFIED.,.F.,.F.,(4,4),(-0.176188745968761,-0.0520060941047988),
 .UNSPECIFIED.);
#392=B_SPLINE_CURVE_WITH_KNOTS('',3,(#8532,#8533,#8534,#8535),
 .UNSPECIFIED.,.F.,.F.,(4,4),(-0.612961604643415,0.),.UNSPECIFIED.);
#393=B_SPLINE_CURVE_WITH_KNOTS('',3,(#8536,#8537,#8538,#8539),
 .UNSPECIFIED.,.F.,.F.,(4,4),(0.,0.100276449693265),.UNSPECIFIED.);
#394=B_SPLINE_CURVE_WITH_KNOTS('',3,(#8540,#8541,#8542,#8543),
 .UNSPECIFIED.,.F.,.F.,(4,4),(-0.0678753554820641,0.),.UNSPECIFIED.);
#395=B_SPLINE_CURVE_WITH_KNOTS('',3,(#8555,#8556,#8557,#8558,#8559,#8560,
#8561),.UNSPECIFIED.,.F.,.F.,(4,3,4),(-0.932356678554311,-0.394908015622604,
-0.0535267519168066),.UNSPECIFIED.);
#396=B_SPLINE_CURVE_WITH_KNOTS('',3,(#8563,#8564,#8565,#8566),
 .UNSPECIFIED.,.F.,.F.,(4,4),(0.,0.322891566995095),.UNSPECIFIED.);
#397=B_SPLINE_CURVE_WITH_KNOTS('',3,(#8568,#8569,#8570,#8571),
 .UNSPECIFIED.,.F.,.F.,(4,4),(0.0499999999999998,0.0688686549663169),
 .UNSPECIFIED.);
#398=B_SPLINE_CURVE_WITH_KNOTS('',3,(#8573,#8574,#8575,#8576),
 .UNSPECIFIED.,.F.,.F.,(4,4),(-0.784889139424006,-0.368145328848006),
 .UNSPECIFIED.);
#399=B_SPLINE_CURVE_WITH_KNOTS('',3,(#8578,#8579,#8580,#8581,#8582,#8583),
 .UNSPECIFIED.,.F.,.F.,(4,2,4),(0.424157569560694,0.440114831165999,0.866594151587001),
 .UNSPECIFIED.);
#400=B_SPLINE_CURVE_WITH_KNOTS('',3,(#8584,#8585,#8586,#8587),
 .UNSPECIFIED.,.F.,.F.,(4,4),(0.383357625046426,1.12747844015492),
 .UNSPECIFIED.);
#401=B_SPLINE_CURVE_WITH_KNOTS('',3,(#8588,#8589,#8590,#8591,#8592,#8593,
#8594,#8595),.UNSPECIFIED.,.F.,.F.,(4,2,2,4),(0.587846761921394,0.748284375727655,
1.18411378783842,1.62680256386346),.UNSPECIFIED.);
#402=B_SPLINE_CURVE_WITH_KNOTS('',3,(#8596,#8597,#8598,#8599,#8600,#8601),
 .UNSPECIFIED.,.F.,.F.,(4,2,4),(0.,0.576462913980659,0.650144096301731),
 .UNSPECIFIED.);
#403=B_SPLINE_CURVE_WITH_KNOTS('',3,(#8614,#8615,#8616,#8617),
 .UNSPECIFIED.,.F.,.F.,(4,4),(-0.289724927674949,-0.0521924746089795),
 .UNSPECIFIED.);
#404=B_SPLINE_CURVE_WITH_KNOTS('',3,(#8618,#8619,#8620,#8621),
 .UNSPECIFIED.,.F.,.F.,(4,4),(1.27175636887554,1.29062502384186),
 .UNSPECIFIED.);
#405=B_SPLINE_CURVE_WITH_KNOTS('',3,(#8623,#8624,#8625,#8626),
 .UNSPECIFIED.,.F.,.F.,(4,4),(-0.355776119503729,0.),.UNSPECIFIED.);
#406=B_SPLINE_CURVE_WITH_KNOTS('',3,(#8628,#8629,#8630,#8631,#8632,#8633),
 .UNSPECIFIED.,.F.,.F.,(4,2,4),(0.,0.180804966328242,0.370572461618176),
 .UNSPECIFIED.);
#407=B_SPLINE_CURVE_WITH_KNOTS('',3,(#8635,#8636,#8637,#8638,#8639,#8640,
#8641,#8642,#8643,#8644,#8645,#8646,#8647),.UNSPECIFIED.,.F.,.F.,(4,3,3,
3,4),(0.,0.075179806904285,0.10276991097448,0.181193866877582,0.1986080339748),
 .UNSPECIFIED.);
#408=B_SPLINE_CURVE_WITH_KNOTS('',3,(#8649,#8650,#8651,#8652,#8653,#8654,
#8655),.UNSPECIFIED.,.F.,.F.,(4,3,4),(0.,0.0202917021342447,0.0428911473334906),
 .UNSPECIFIED.);
#409=B_SPLINE_CURVE_WITH_KNOTS('',3,(#8657,#8658,#8659,#8660),
 .UNSPECIFIED.,.F.,.F.,(4,4),(0.,0.0155646599507342),.UNSPECIFIED.);
#410=B_SPLINE_CURVE_WITH_KNOTS('',3,(#8663,#8664,#8665,#8666,#8667,#8668,
#8669,#8670,#8671,#8672,#8673,#8674,#8675,#8676,#8677,#8678,#8679,#8680,
#8681),.UNSPECIFIED.,.F.,.F.,(4,3,3,3,3,3,4),(0.,0.102991189121481,0.195796945398738,
0.266550802272203,0.406186470160072,0.517062424113216,0.545822138047941),
 .UNSPECIFIED.);
#411=B_SPLINE_CURVE_WITH_KNOTS('',3,(#8685,#8686,#8687,#8688),
 .UNSPECIFIED.,.F.,.F.,(4,4),(0.0499999999999997,0.284805934422696),
 .UNSPECIFIED.);
#412=B_SPLINE_CURVE_WITH_KNOTS('',3,(#8690,#8691,#8692,#8693),
 .UNSPECIFIED.,.F.,.F.,(4,4),(-2.93740273010968,-2.84403261662834),
 .UNSPECIFIED.);
#413=B_SPLINE_CURVE_WITH_KNOTS('',3,(#8695,#8696,#8697,#8698),
 .UNSPECIFIED.,.F.,.F.,(4,4),(0.195849242363433,0.497005755774579),
 .UNSPECIFIED.);
#414=B_SPLINE_CURVE_WITH_KNOTS('',3,(#8699,#8700,#8701,#8702),
 .UNSPECIFIED.,.F.,.F.,(4,4),(-0.766802641208097,-0.652484124992555),
 .UNSPECIFIED.);
#415=B_SPLINE_CURVE_WITH_KNOTS('',3,(#8705,#8706,#8707,#8708),
 .UNSPECIFIED.,.F.,.F.,(4,4),(0.255613369786177,0.502334042672974),
 .UNSPECIFIED.);
#416=B_SPLINE_CURVE_WITH_KNOTS('',3,(#8710,#8711,#8712,#8713),
 .UNSPECIFIED.,.F.,.F.,(4,4),(0.,0.162892937912068),.UNSPECIFIED.);
#417=B_SPLINE_CURVE_WITH_KNOTS('',3,(#8714,#8715,#8716,#8717),
 .UNSPECIFIED.,.F.,.F.,(4,4),(0.685558980441782,0.690436761780968),
 .UNSPECIFIED.);
#418=B_SPLINE_CURVE_WITH_KNOTS('',3,(#8730,#8731,#8732,#8733),
 .UNSPECIFIED.,.F.,.F.,(4,4),(-0.373855095435602,0.),.UNSPECIFIED.);
#419=B_SPLINE_CURVE_WITH_KNOTS('',3,(#8735,#8736,#8737,#8738,#8739,#8740),
 .UNSPECIFIED.,.F.,.F.,(4,2,4),(-2.72376641965745,-2.47449749875487,-2.20367607808946),
 .UNSPECIFIED.);
#420=B_SPLINE_CURVE_WITH_KNOTS('',3,(#8742,#8743,#8744,#8745),
 .UNSPECIFIED.,.F.,.F.,(4,4),(-0.44520161966566,-0.108449033799011),
 .UNSPECIFIED.);
#421=B_SPLINE_CURVE_WITH_KNOTS('',3,(#8760,#8761,#8762,#8763),
 .UNSPECIFIED.,.F.,.F.,(4,4),(0.,0.51520652913341),.UNSPECIFIED.);
#422=B_SPLINE_CURVE_WITH_KNOTS('',3,(#8764,#8765,#8766,#8767),
 .UNSPECIFIED.,.F.,.F.,(4,4),(-4.26890607366536,-3.37945245726626),
 .UNSPECIFIED.);
#423=B_SPLINE_CURVE_WITH_KNOTS('',3,(#8771,#8772,#8773,#8774,#8775,#8776,
#8777),.UNSPECIFIED.,.F.,.F.,(4,3,4),(0.,0.283631073600322,0.378571948569563),
 .UNSPECIFIED.);
#424=B_SPLINE_CURVE_WITH_KNOTS('',3,(#8781,#8782,#8783,#8784),
 .UNSPECIFIED.,.F.,.F.,(4,4),(1.25432492657085,1.29062502384186),
 .UNSPECIFIED.);
#425=B_SPLINE_CURVE_WITH_KNOTS('',3,(#8786,#8787,#8788,#8789,#8790,#8791,
#8792),.UNSPECIFIED.,.F.,.F.,(4,3,4),(0.0596691074304854,0.578711347880614,
1.32652770589759),.UNSPECIFIED.);
#426=B_SPLINE_CURVE_WITH_KNOTS('',3,(#8804,#8805,#8806,#8807),
 .UNSPECIFIED.,.F.,.F.,(4,4),(0.,0.574270272605328),.UNSPECIFIED.);
#427=B_SPLINE_CURVE_WITH_KNOTS('',3,(#8808,#8809,#8810,#8811),
 .UNSPECIFIED.,.F.,.F.,(4,4),(0.,0.0915720263909537),.UNSPECIFIED.);
#428=B_SPLINE_CURVE_WITH_KNOTS('',3,(#8813,#8814,#8815,#8816,#8817,#8818),
 .UNSPECIFIED.,.F.,.F.,(4,2,4),(0.319275371489936,0.579585184971341,1.1445031470265),
 .UNSPECIFIED.);
#429=B_SPLINE_CURVE_WITH_KNOTS('',3,(#8819,#8820,#8821,#8822,#8823,#8824,
#8825,#8826,#8827,#8828),.UNSPECIFIED.,.F.,.F.,(4,3,3,4),(0.162741713133906,
0.309745139711247,0.40200141761025,0.491779546345491),.UNSPECIFIED.);
#430=B_SPLINE_CURVE_WITH_KNOTS('',3,(#8839,#8840,#8841,#8842),
 .UNSPECIFIED.,.F.,.F.,(4,4),(0.144873276093672,0.772322458373113),
 .UNSPECIFIED.);
#431=B_SPLINE_CURVE_WITH_KNOTS('',3,(#8843,#8844,#8845,#8846,#8847,#8848,
#8849,#8850,#8851,#8852,#8853,#8854,#8855,#8856,#8857,#8858,#8859,#8860,
#8861,#8862,#8863,#8864),.UNSPECIFIED.,.F.,.F.,(4,3,3,3,3,3,3,4),(0.,0.138778505563793,
0.290359641908361,0.497553003517417,0.573894896501896,0.657474090678845,
0.748666175894567,0.794016633084105),.UNSPECIFIED.);
#432=B_SPLINE_CURVE_WITH_KNOTS('',3,(#8877,#8878,#8879,#8880,#8881,#8882,
#8883,#8884,#8885,#8886,#8887,#8888,#8889,#8890,#8891,#8892,#8893,#8894,
#8895,#8896,#8897,#8898),.UNSPECIFIED.,.F.,.F.,(4,3,3,3,3,3,3,4),(-0.325207760714541,
-0.262307312306257,-0.183798885523881,-0.167171601244615,-0.129818835098252,
-0.0866961731719949,-0.0346428721596225,0.),.UNSPECIFIED.);
#433=B_SPLINE_CURVE_WITH_KNOTS('',3,(#8899,#8900,#8901,#8902,#8903,#8904,
#8905),.UNSPECIFIED.,.F.,.F.,(4,3,4),(-0.605148066408513,-0.157330715198306,
-0.0715493465949114),.UNSPECIFIED.);
#434=B_SPLINE_CURVE_WITH_KNOTS('',3,(#8907,#8908,#8909,#8910),
 .UNSPECIFIED.,.F.,.F.,(4,4),(-0.0499370808451687,0.),.UNSPECIFIED.);
#435=B_SPLINE_CURVE_WITH_KNOTS('',3,(#8911,#8912,#8913,#8914,#8915,#8916,
#8917,#8918,#8919,#8920,#8921,#8922,#8923,#8924,#8925,#8926,#8927,#8928,
#8929,#8930,#8931,#8932),.UNSPECIFIED.,.F.,.F.,(4,3,3,3,3,3,3,4),(-0.434269468689939,
-0.375585093020128,-0.316900717350317,-0.250262547970613,-0.190039001886488,
-0.111220081772657,-0.00835424110932638,0.),.UNSPECIFIED.);
#436=B_SPLINE_CURVE_WITH_KNOTS('',3,(#8934,#8935,#8936,#8937),
 .UNSPECIFIED.,.F.,.F.,(4,4),(0.0753958764594805,0.412903955189757),
 .UNSPECIFIED.);
#437=B_SPLINE_CURVE_WITH_KNOTS('',3,(#8949,#8950,#8951,#8952),
 .UNSPECIFIED.,.F.,.F.,(4,4),(0.0343304871425528,0.497587557049865),
 .UNSPECIFIED.);
#438=B_SPLINE_CURVE_WITH_KNOTS('',3,(#8953,#8954,#8955,#8956,#8957,#8958,
#8959),.UNSPECIFIED.,.F.,.F.,(4,3,4),(0.,0.177105338907753,0.195640503481359),
 .UNSPECIFIED.);
#439=B_SPLINE_CURVE_WITH_KNOTS('',3,(#8960,#8961,#8962,#8963,#8964,#8965,
#8966,#8967,#8968,#8969,#8970,#8971,#8972,#8973,#8974,#8975,#8976,#8977,
#8978,#8979,#8980,#8981,#8982,#8983,#8984),.UNSPECIFIED.,.F.,.F.,(4,3,3,
3,3,3,3,3,4),(0.,0.130631804978846,0.262636639155793,0.360870253268269,
0.430952578104241,0.444238543626597,0.661270932884293,0.774894908753273,
0.878303322141988),.UNSPECIFIED.);
#440=B_SPLINE_CURVE_WITH_KNOTS('',3,(#8997,#8998,#8999,#9000),
 .UNSPECIFIED.,.F.,.F.,(4,4),(-0.637810277938842,-0.114918249845468),
 .UNSPECIFIED.);
#441=B_SPLINE_CURVE_WITH_KNOTS('',3,(#9001,#9002,#9003,#9004),
 .UNSPECIFIED.,.F.,.F.,(4,4),(-0.100575771324805,0.),.UNSPECIFIED.);
#442=B_SPLINE_CURVE_WITH_KNOTS('',3,(#9005,#9006,#9007,#9008),
 .UNSPECIFIED.,.F.,.F.,(4,4),(0.,0.10528514318172),.UNSPECIFIED.);
#443=B_SPLINE_CURVE_WITH_KNOTS('',3,(#9012,#9013,#9014,#9015),
 .UNSPECIFIED.,.F.,.F.,(4,4),(0.0515140005368259,0.287443992206376),
 .UNSPECIFIED.);
#444=B_SPLINE_CURVE_WITH_KNOTS('',3,(#9017,#9018,#9019,#9020),
 .UNSPECIFIED.,.F.,.F.,(4,4),(0.,0.536416496733373),.UNSPECIFIED.);
#445=B_SPLINE_CURVE_WITH_KNOTS('',3,(#9021,#9022,#9023,#9024),
 .UNSPECIFIED.,.F.,.F.,(4,4),(0.478764670612659,0.72834269898449),
 .UNSPECIFIED.);
#446=B_SPLINE_CURVE_WITH_KNOTS('',3,(#9037,#9038,#9039,#9040),
 .UNSPECIFIED.,.F.,.F.,(4,4),(0.,0.208289764049787),.UNSPECIFIED.);
#447=B_SPLINE_CURVE_WITH_KNOTS('',3,(#9041,#9042,#9043,#9044),
 .UNSPECIFIED.,.F.,.F.,(4,4),(-0.572892028093367,-0.0499999999999967),
 .UNSPECIFIED.);
#448=B_SPLINE_CURVE_WITH_KNOTS('',3,(#9057,#9058,#9059,#9060,#9061,#9062,
#9063,#9064,#9065,#9066,#9067,#9068,#9069,#9070,#9071,#9072),
 .UNSPECIFIED.,.F.,.F.,(4,3,3,3,3,4),(-1.06613280237561,-0.961064213591494,
-0.841679278145734,-0.684967408915706,-0.624753441192271,-0.554262178425784),
 .UNSPECIFIED.);
#449=B_SPLINE_CURVE_WITH_KNOTS('',3,(#9074,#9075,#9076,#9077),
 .UNSPECIFIED.,.F.,.F.,(4,4),(0.621772690115242,0.658680605888369),
 .UNSPECIFIED.);
#450=B_SPLINE_CURVE_WITH_KNOTS('',3,(#9079,#9080,#9081,#9082),
 .UNSPECIFIED.,.F.,.F.,(4,4),(0.0506391011057354,0.314340223458109),
 .UNSPECIFIED.);
#451=B_SPLINE_CURVE_WITH_KNOTS('',3,(#9086,#9087,#9088,#9089),
 .UNSPECIFIED.,.F.,.F.,(4,4),(-0.212946369062362,0.),.UNSPECIFIED.);
#452=B_SPLINE_CURVE_WITH_KNOTS('',3,(#9090,#9091,#9092,#9093),
 .UNSPECIFIED.,.F.,.F.,(4,4),(0.,1.47514247350824),.UNSPECIFIED.);
#453=B_SPLINE_CURVE_WITH_KNOTS('',3,(#9105,#9106,#9107,#9108,#9109,#9110,
#9111),.UNSPECIFIED.,.F.,.F.,(4,3,4),(-0.413496551855989,-0.179443098189876,
0.),.UNSPECIFIED.);
#454=B_SPLINE_CURVE_WITH_KNOTS('',3,(#9113,#9114,#9115,#9116,#9117,#9118,
#9119),.UNSPECIFIED.,.F.,.F.,(4,3,4),(0.,0.211603369787077,0.373834533938912),
 .UNSPECIFIED.);
#455=B_SPLINE_CURVE_WITH_KNOTS('',3,(#9132,#9133,#9134,#9135,#9136,#9137,
#9138),.UNSPECIFIED.,.F.,.F.,(4,3,4),(-0.600272610598684,-0.295242425977172,
0.),.UNSPECIFIED.);
#456=B_SPLINE_CURVE_WITH_KNOTS('',3,(#9140,#9141,#9142,#9143,#9144,#9145,
#9146),.UNSPECIFIED.,.F.,.F.,(4,3,4),(0.,0.296292939307168,0.583078479267747),
 .UNSPECIFIED.);
#457=B_SPLINE_CURVE_WITH_KNOTS('',3,(#9153,#9154,#9155,#9156,#9157,#9158,
#9159),.UNSPECIFIED.,.F.,.F.,(4,3,4),(0.,0.154691635375542,0.304942230183451),
 .UNSPECIFIED.);
#458=B_SPLINE_CURVE_WITH_KNOTS('',3,(#9173,#9174,#9175,#9176,#9177,#9178,
#9179),.UNSPECIFIED.,.F.,.F.,(4,3,4),(-0.616951958443267,-0.418898663846888,
-0.052373440319715),.UNSPECIFIED.);
#459=B_SPLINE_CURVE_WITH_KNOTS('',3,(#9181,#9182,#9183,#9184,#9185,#9186,
#9187),.UNSPECIFIED.,.F.,.F.,(4,3,4),(-0.823801652702413,-0.424400891721054,
0.),.UNSPECIFIED.);
#460=B_SPLINE_CURVE_WITH_KNOTS('',3,(#9191,#9192,#9193,#9194),
 .UNSPECIFIED.,.F.,.F.,(4,4),(0.,0.0517737715659675),.UNSPECIFIED.);
#461=B_SPLINE_CURVE_WITH_KNOTS('',3,(#9195,#9196,#9197,#9198),
 .UNSPECIFIED.,.F.,.F.,(4,4),(0.0499999999999998,0.0688686549663293),
 .UNSPECIFIED.);
#462=B_SPLINE_CURVE_WITH_KNOTS('',3,(#9208,#9209,#9210,#9211,#9212,#9213,
#9214),.UNSPECIFIED.,.F.,.F.,(4,3,4),(0.,0.109995057867826,0.136136376794578),
 .UNSPECIFIED.);
#463=B_SPLINE_CURVE_WITH_KNOTS('',3,(#9219,#9220,#9221,#9222,#9223,#9224,
#9225),.UNSPECIFIED.,.F.,.F.,(4,3,4),(0.,0.417244729056576,0.841453684397488),
 .UNSPECIFIED.);
#464=B_SPLINE_CURVE_WITH_KNOTS('',3,(#9227,#9228,#9229,#9230),
 .UNSPECIFIED.,.F.,.F.,(4,4),(0.0537990788764884,0.30791982919023),
 .UNSPECIFIED.);
#465=B_SPLINE_CURVE_WITH_KNOTS('',3,(#9234,#9235,#9236,#9237),
 .UNSPECIFIED.,.F.,.F.,(4,4),(0.,0.12581374668662),.UNSPECIFIED.);
#466=B_SPLINE_CURVE_WITH_KNOTS('',3,(#9258,#9259,#9260,#9261),
 .UNSPECIFIED.,.F.,.F.,(4,4),(-0.356916779243723,-0.130700342253341),
 .UNSPECIFIED.);
#467=B_SPLINE_CURVE_WITH_KNOTS('',3,(#9263,#9264,#9265,#9266,#9267,#9268,
#9269),.UNSPECIFIED.,.F.,.F.,(4,3,4),(-0.370963603967856,-0.26598213192031,
-5.55111512312578E-17),.UNSPECIFIED.);
#468=B_SPLINE_CURVE_WITH_KNOTS('',3,(#9271,#9272,#9273,#9274),
 .UNSPECIFIED.,.F.,.F.,(4,4),(0.0499999999999999,0.0688686549663294),
 .UNSPECIFIED.);
#469=B_SPLINE_CURVE_WITH_KNOTS('',3,(#9278,#9279,#9280,#9281,#9282,#9283,
#9284),.UNSPECIFIED.,.F.,.F.,(4,3,4),(0.,0.154190716086194,0.253344131061929),
 .UNSPECIFIED.);
#470=B_SPLINE_CURVE_WITH_KNOTS('',3,(#9290,#9291,#9292,#9293),
 .UNSPECIFIED.,.F.,.F.,(4,4),(0.0499999999999999,0.362234031923561),
 .UNSPECIFIED.);
#471=B_SPLINE_CURVE_WITH_KNOTS('',3,(#9297,#9298,#9299,#9300),
 .UNSPECIFIED.,.F.,.F.,(4,4),(0.11772788220653,0.418344958779145),
 .UNSPECIFIED.);
#472=B_SPLINE_CURVE_WITH_KNOTS('',3,(#9303,#9304,#9305,#9306),
 .UNSPECIFIED.,.F.,.F.,(4,4),(-0.811938467400868,-0.417477498843822),
 .UNSPECIFIED.);
#473=B_SPLINE_CURVE_WITH_KNOTS('',3,(#9309,#9310,#9311,#9312),
 .UNSPECIFIED.,.F.,.F.,(4,4),(0.0499999999999999,0.350617076572614),
 .UNSPECIFIED.);
#474=B_SPLINE_CURVE_WITH_KNOTS('',3,(#9316,#9317,#9318,#9319),
 .UNSPECIFIED.,.F.,.F.,(4,4),(0.100548933478154,0.418344958779145),
 .UNSPECIFIED.);
#475=B_SPLINE_CURVE_WITH_KNOTS('',3,(#9320,#9321,#9322,#9323,#9324,#9325,
#9326),.UNSPECIFIED.,.F.,.F.,(4,3,4),(-0.633377962048643,-0.502679761407884,
0.),.UNSPECIFIED.);
#476=B_SPLINE_CURVE_WITH_KNOTS('',3,(#9345,#9346,#9347,#9348,#9349,#9350,
#9351,#9352,#9353,#9354,#9355,#9356,#9357,#9358,#9359,#9360,#9361,#9362,
#9363,#9364,#9365,#9366),.UNSPECIFIED.,.F.,.F.,(4,3,3,3,3,3,3,4),(0.,0.0522847427067316,
0.118646121661387,0.183159030212529,0.207834782307469,0.227584200455163,
0.262651521596858,0.284289958537013),.UNSPECIFIED.);
#477=B_SPLINE_CURVE_WITH_KNOTS('',3,(#9369,#9370,#9371,#9372,#9373,#9374,
#9375,#9376,#9377,#9378,#9379,#9380,#9381,#9382,#9383,#9384,#9385,#9386,
#9387,#9388,#9389,#9390,#9391,#9392,#9393,#9394,#9395,#9396),
 .UNSPECIFIED.,.F.,.F.,(4,3,3,3,3,3,3,3,3,4),(0.,0.0597369702056047,0.111746982259822,
0.158064890693077,0.179472497090376,0.199197946759049,0.242643669913734,
0.293148883605401,0.353576402985523,0.403994345336009),.UNSPECIFIED.);
#478=B_SPLINE_CURVE_WITH_KNOTS('',3,(#9397,#9398,#9399,#9400),
 .UNSPECIFIED.,.F.,.F.,(4,4),(0.0499999999999998,0.0963425576672675),
 .UNSPECIFIED.);
#479=B_SPLINE_CURVE_WITH_KNOTS('',3,(#9412,#9413,#9414,#9415,#9416,#9417),
 .UNSPECIFIED.,.F.,.F.,(4,2,4),(0.,0.227797437452208,0.981963762365757),
 .UNSPECIFIED.);
#480=B_SPLINE_CURVE_WITH_KNOTS('',3,(#9420,#9421,#9422,#9423,#9424,#9425,
#9426,#9427,#9428,#9429,#9430,#9431,#9432,#9433,#9434,#9435,#9436,#9437,
#9438,#9439,#9440,#9441,#9442,#9443,#9444,#9445,#9446,#9447),
 .UNSPECIFIED.,.F.,.F.,(4,3,3,3,3,3,3,3,3,4),(0.,0.112081044093924,0.226830285979952,
0.350197273177084,0.442612587871187,0.544827997811129,0.655479347688698,
0.666757613212945,0.775497560835653,0.892040226528071),.UNSPECIFIED.);
#481=B_SPLINE_CURVE_WITH_KNOTS('',3,(#9449,#9450,#9451,#9452),
 .UNSPECIFIED.,.F.,.F.,(4,4),(0.,0.658924345010541),.UNSPECIFIED.);
#482=B_SPLINE_CURVE_WITH_KNOTS('',3,(#9453,#9454,#9455,#9456,#9457,#9458,
#9459),.UNSPECIFIED.,.F.,.F.,(4,3,4),(-0.491869409653692,-0.104075326107989,
-0.0520649883577075),.UNSPECIFIED.);
#483=B_SPLINE_CURVE_WITH_KNOTS('',3,(#9461,#9462,#9463,#9464,#9465,#9466,
#9467),.UNSPECIFIED.,.F.,.F.,(4,3,4),(-0.589618950827499,-0.460253677950004,
0.),.UNSPECIFIED.);
#484=B_SPLINE_CURVE_WITH_KNOTS('',3,(#9468,#9469,#9470,#9471,#9472,#9473,
#9474,#9475,#9476,#9477,#9478,#9479,#9480,#9481,#9482,#9483,#9484,#9485,
#9486,#9487,#9488,#9489),.UNSPECIFIED.,.F.,.F.,(4,3,3,3,3,3,3,4),(0.,0.150047369071088,
0.31283138522243,0.383180849672953,0.445153311229679,0.499315955722197,
0.572658605420627,0.630441620347984),.UNSPECIFIED.);
#485=B_SPLINE_CURVE_WITH_KNOTS('',3,(#9501,#9502,#9503,#9504,#9505,#9506,
#9507,#9508,#9509,#9510),.UNSPECIFIED.,.F.,.F.,(4,3,3,4),(-0.13198444695183,
-0.0759963937871546,-0.00913568176493801,0.),.UNSPECIFIED.);
#486=B_SPLINE_CURVE_WITH_KNOTS('',3,(#9512,#9513,#9514,#9515),
 .UNSPECIFIED.,.F.,.F.,(4,4),(-0.637810277938843,-0.0499999999999972),
 .UNSPECIFIED.);
#487=B_SPLINE_CURVE_WITH_KNOTS('',3,(#9516,#9517,#9518,#9519,#9520,#9521,
#9522),.UNSPECIFIED.,.F.,.F.,(4,3,4),(-0.132636134033067,-0.0411169137761852,
0.),.UNSPECIFIED.);
#488=B_SPLINE_CURVE_WITH_KNOTS('',3,(#9527,#9528,#9529,#9530),
 .UNSPECIFIED.,.F.,.F.,(4,4),(0.0676213125244711,0.859825586400579),
 .UNSPECIFIED.);
#489=B_SPLINE_CURVE_WITH_KNOTS('',3,(#9533,#9534,#9535,#9536),
 .UNSPECIFIED.,.F.,.F.,(4,4),(0.0722456504185205,0.588718081261751),
 .UNSPECIFIED.);
#490=B_SPLINE_CURVE_WITH_KNOTS('',3,(#9541,#9542,#9543,#9544),
 .UNSPECIFIED.,.F.,.F.,(4,4),(1.14632929937558,1.3118055343628),
 .UNSPECIFIED.);
#491=B_SPLINE_CURVE_WITH_KNOTS('',3,(#9546,#9547,#9548,#9549),
 .UNSPECIFIED.,.F.,.F.,(4,4),(0.605812832249247,0.828410715242232),
 .UNSPECIFIED.);
#492=B_SPLINE_CURVE_WITH_KNOTS('',3,(#9551,#9552,#9553,#9554),
 .UNSPECIFIED.,.F.,.F.,(4,4),(0.0499999999999998,0.0824097478722026),
 .UNSPECIFIED.);
#493=B_SPLINE_CURVE_WITH_KNOTS('',3,(#9562,#9563,#9564,#9565,#9566,#9567,
#9568),.UNSPECIFIED.,.F.,.F.,(4,3,4),(0.0525490699412413,0.330113364833149,
0.676366372351673),.UNSPECIFIED.);
#494=B_SPLINE_CURVE_WITH_KNOTS('',3,(#9569,#9570,#9571,#9572),
 .UNSPECIFIED.,.F.,.F.,(4,4),(0.901270347833652,0.92013900279999),
 .UNSPECIFIED.);
#495=B_SPLINE_CURVE_WITH_KNOTS('',3,(#9584,#9585,#9586,#9587,#9588,#9589,
#9590),.UNSPECIFIED.,.F.,.F.,(4,3,4),(-0.816759836680146,-0.592135284345056,
0.),.UNSPECIFIED.);
#496=B_SPLINE_CURVE_WITH_KNOTS('',3,(#9592,#9593,#9594,#9595),
 .UNSPECIFIED.,.F.,.F.,(4,4),(1.09704234004019,1.62013378839296),
 .UNSPECIFIED.);
#497=B_SPLINE_CURVE_WITH_KNOTS('',3,(#9597,#9598,#9599,#9600),
 .UNSPECIFIED.,.F.,.F.,(4,4),(-0.283659369722669,-0.0459320003625254),
 .UNSPECIFIED.);
#498=B_SPLINE_CURVE_WITH_KNOTS('',3,(#9601,#9602,#9603,#9604),
 .UNSPECIFIED.,.F.,.F.,(4,4),(-0.481043634653075,-0.162013278971806),
 .UNSPECIFIED.);
#499=B_SPLINE_CURVE_WITH_KNOTS('',3,(#9609,#9610,#9611,#9612,#9613,#9614,
#9615),.UNSPECIFIED.,.F.,.F.,(4,3,4),(0.,0.15425019574829,0.313059650498246),
 .UNSPECIFIED.);
#500=B_SPLINE_CURVE_WITH_KNOTS('',3,(#9618,#9619,#9620,#9621,#9622,#9623,
#9624),.UNSPECIFIED.,.F.,.F.,(4,3,4),(0.0503546012689817,0.208423699717735,
0.565088332493189),.UNSPECIFIED.);
#501=B_SPLINE_CURVE_WITH_KNOTS('',3,(#9626,#9627,#9628,#9629),
 .UNSPECIFIED.,.F.,.F.,(4,4),(0.899315025028424,1.14447908401489),
 .UNSPECIFIED.);
#502=B_SPLINE_CURVE_WITH_KNOTS('',3,(#9632,#9633,#9634,#9635),
 .UNSPECIFIED.,.F.,.F.,(4,4),(0.0499999999999999,0.295164058986469),
 .UNSPECIFIED.);
#503=B_SPLINE_CURVE_WITH_KNOTS('',3,(#9640,#9641,#9642,#9643),
 .UNSPECIFIED.,.F.,.F.,(4,4),(0.0678608288267045,0.45641655072273),
 .UNSPECIFIED.);
#504=B_SPLINE_CURVE_WITH_KNOTS('',3,(#9655,#9656,#9657,#9658),
 .UNSPECIFIED.,.F.,.F.,(4,4),(0.,0.83235031012638),.UNSPECIFIED.);
#505=B_SPLINE_CURVE_WITH_KNOTS('',3,(#9671,#9672,#9673,#9674),
 .UNSPECIFIED.,.F.,.F.,(4,4),(0.,0.239049704458352),.UNSPECIFIED.);
#506=B_SPLINE_CURVE_WITH_KNOTS('',3,(#9675,#9676,#9677,#9678,#9679,#9680,
#9681),.UNSPECIFIED.,.F.,.F.,(4,3,4),(-1.0195817510407,-0.417345352642039,
-0.0515284661693405),.UNSPECIFIED.);
#507=B_SPLINE_CURVE_WITH_KNOTS('',3,(#9684,#9685,#9686,#9687),
 .UNSPECIFIED.,.F.,.F.,(4,4),(0.0499999999999989,0.640972423553466),
 .UNSPECIFIED.);
#508=B_SPLINE_CURVE_WITH_KNOTS('',3,(#9692,#9693,#9694,#9695),
 .UNSPECIFIED.,.F.,.F.,(4,4),(0.0938560876169996,0.549409198760986),
 .UNSPECIFIED.);
#509=B_SPLINE_CURVE_WITH_KNOTS('',3,(#9697,#9698,#9699,#9700,#9701,#9702,
#9703),.UNSPECIFIED.,.F.,.F.,(4,3,4),(-0.549833784639576,-0.467993531198559,
0.),.UNSPECIFIED.);
#510=B_SPLINE_CURVE_WITH_KNOTS('',3,(#9706,#9707,#9708,#9709),
 .UNSPECIFIED.,.F.,.F.,(4,4),(0.0499999999999998,0.498080681148335),
 .UNSPECIFIED.);
#511=B_SPLINE_CURVE_WITH_KNOTS('',3,(#9717,#9718,#9719,#9720,#9721,#9722,
#9723),.UNSPECIFIED.,.F.,.F.,(4,3,4),(0.,0.282885641455655,0.386329625481913),
 .UNSPECIFIED.);
#512=B_SPLINE_CURVE_WITH_KNOTS('',3,(#9736,#9737,#9738,#9739,#9740,#9741,
#9742),.UNSPECIFIED.,.F.,.F.,(4,3,4),(-0.875332946443293,-0.540413231696021,
0.),.UNSPECIFIED.);
#513=B_SPLINE_CURVE_WITH_KNOTS('',3,(#9743,#9744,#9745,#9746),
 .UNSPECIFIED.,.F.,.F.,(4,4),(0.,0.0985042457146515),.UNSPECIFIED.);
#514=B_SPLINE_CURVE_WITH_KNOTS('',3,(#9750,#9751,#9752,#9753),
 .UNSPECIFIED.,.F.,.F.,(4,4),(0.,1.12500914162444),.UNSPECIFIED.);
#515=B_SPLINE_CURVE_WITH_KNOTS('',3,(#9759,#9760,#9761,#9762),
 .UNSPECIFIED.,.F.,.F.,(4,4),(0.0760554349240847,0.933929194252449),
 .UNSPECIFIED.);
#516=B_SPLINE_CURVE_WITH_KNOTS('',3,(#9767,#9768,#9769,#9770),
 .UNSPECIFIED.,.F.,.F.,(4,4),(0.0500000000000007,0.440815913628837),
 .UNSPECIFIED.);
#517=B_SPLINE_CURVE_WITH_KNOTS('',3,(#9774,#9775,#9776,#9777),
 .UNSPECIFIED.,.F.,.F.,(4,4),(1.21015896938301,1.6381941318512),
 .UNSPECIFIED.);
#518=B_SPLINE_CURVE_WITH_KNOTS('',3,(#9778,#9779,#9780,#9781,#9782,#9783,
#9784),.UNSPECIFIED.,.F.,.F.,(4,3,4),(0.0812524733150553,0.244069959616127,
0.406331146924212),.UNSPECIFIED.);
#519=B_SPLINE_CURVE_WITH_KNOTS('',3,(#9795,#9796,#9797,#9798),
 .UNSPECIFIED.,.F.,.F.,(4,4),(0.,0.512492313075582),.UNSPECIFIED.);
#520=B_SPLINE_CURVE_WITH_KNOTS('',3,(#9809,#9810,#9811,#9812),
 .UNSPECIFIED.,.F.,.F.,(4,4),(0.,0.492564319838008),.UNSPECIFIED.);
#521=B_SPLINE_CURVE_WITH_KNOTS('',3,(#9824,#9825,#9826,#9827),
 .UNSPECIFIED.,.F.,.F.,(4,4),(-0.250490612323094,0.),.UNSPECIFIED.);
#522=B_SPLINE_CURVE_WITH_KNOTS('',3,(#9829,#9830,#9831,#9832,#9833,#9834,
#9835,#9836,#9837,#9838,#9839,#9840,#9841,#9842,#9843,#9844,#9845,#9846,
#9847,#9848,#9849,#9850,#9851,#9852,#9853),.UNSPECIFIED.,.F.,.F.,(4,3,3,
3,3,3,3,3,4),(0.,0.116041991104546,0.222714118093765,0.319673657267781,
0.391041110010283,0.456367481032402,0.526148433836342,0.606978359080226,
0.647807070520244),.UNSPECIFIED.);
#523=B_SPLINE_CURVE_WITH_KNOTS('',3,(#9855,#9856,#9857,#9858),
 .UNSPECIFIED.,.F.,.F.,(4,4),(-0.556546020507814,-0.0500000000000016),
 .UNSPECIFIED.);
#524=B_SPLINE_CURVE_WITH_KNOTS('',3,(#9860,#9861,#9862,#9863,#9864,#9865,
#9866,#9867,#9868,#9869,#9870,#9871,#9872,#9873,#9874,#9875,#9876,#9877,
#9878,#9879,#9880,#9881,#9882,#9883,#9884,#9885,#9886,#9887,#9888,#9889,
#9890,#9891,#9892,#9893,#9894,#9895,#9896,#9897,#9898,#9899,#9900,#9901,
#9902,#9903,#9904,#9905),.UNSPECIFIED.,.F.,.F.,(4,3,3,3,3,3,3,3,3,3,3,3,
3,3,3,4),(0.,0.0455912509098482,0.0963735444315259,0.159113524314215,0.256805140772991,
0.321781872918953,0.379554562207709,0.433737404209161,0.437327251496464,
0.4380286197806,0.509181824221132,0.585912430422142,0.675000652871217,0.803102260090554,
0.885806267451808,0.931203867309891),.UNSPECIFIED.);
#525=B_SPLINE_CURVE_WITH_KNOTS('',3,(#9906,#9907,#9908,#9909),
 .UNSPECIFIED.,.F.,.F.,(4,4),(-0.273383300096383,-0.0500030293654333),
 .UNSPECIFIED.);
#526=B_SPLINE_CURVE_WITH_KNOTS('',3,(#9911,#9912,#9913,#9914),
 .UNSPECIFIED.,.F.,.F.,(4,4),(0.101328517612653,0.507517147064204),
 .UNSPECIFIED.);
#527=B_SPLINE_CURVE_WITH_KNOTS('',3,(#9926,#9927,#9928,#9929),
 .UNSPECIFIED.,.F.,.F.,(4,4),(-0.401267554309607,-0.0513366116817508),
 .UNSPECIFIED.);
#528=B_SPLINE_CURVE_WITH_KNOTS('',3,(#9933,#9934,#9935,#9936),
 .UNSPECIFIED.,.F.,.F.,(4,4),(-0.390654634188431,0.),.UNSPECIFIED.);
#529=B_SPLINE_CURVE_WITH_KNOTS('',3,(#9937,#9938,#9939,#9940),
 .UNSPECIFIED.,.F.,.F.,(4,4),(0.237527055148268,0.380027734771524),
 .UNSPECIFIED.);
#530=B_SPLINE_CURVE_WITH_KNOTS('',3,(#9943,#9944,#9945,#9946,#9947,#9948,
#9949),.UNSPECIFIED.,.F.,.F.,(4,3,4),(0.,0.335870720373142,0.601195578926281),
 .UNSPECIFIED.);
#531=B_SPLINE_CURVE_WITH_KNOTS('',3,(#9952,#9953,#9954,#9955),
 .UNSPECIFIED.,.F.,.F.,(4,4),(0.0710905313625622,0.640599296551144),
 .UNSPECIFIED.);
#532=B_SPLINE_CURVE_WITH_KNOTS('',3,(#9957,#9958,#9959,#9960),
 .UNSPECIFIED.,.F.,.F.,(4,4),(0.,0.560838251430056),.UNSPECIFIED.);
#533=B_SPLINE_CURVE_WITH_KNOTS('',3,(#9963,#9964,#9965,#9966,#9967,#9968,
#9969),.UNSPECIFIED.,.F.,.F.,(4,3,4),(0.119425467517827,0.341778056540923,
0.613375961849913),.UNSPECIFIED.);
#534=B_SPLINE_CURVE_WITH_KNOTS('',3,(#9971,#9972,#9973,#9974,#9975,#9976,
#9977),.UNSPECIFIED.,.F.,.F.,(4,3,4),(0.,0.281980790254851,0.542596339692522),
 .UNSPECIFIED.);
#535=B_SPLINE_CURVE_WITH_KNOTS('',3,(#9985,#9986,#9987,#9988,#9989,#9990,
#9991),.UNSPECIFIED.,.F.,.F.,(4,3,4),(0.0922413509337442,0.34303013346394,
0.687194311756789),.UNSPECIFIED.);
#536=B_SPLINE_CURVE_WITH_KNOTS('',3,(#10004,#10005,#10006,#10007),
 .UNSPECIFIED.,.F.,.F.,(4,4),(-0.149720583945497,0.),.UNSPECIFIED.);
#537=B_SPLINE_CURVE_WITH_KNOTS('',3,(#10008,#10009,#10010,#10011,#10012,
#10013,#10014),.UNSPECIFIED.,.F.,.F.,(4,3,4),(0.,0.043621308613938,0.0511670426896484),
 .UNSPECIFIED.);
#538=B_SPLINE_CURVE_WITH_KNOTS('',3,(#10016,#10017,#10018,#10019,#10020,
#10021,#10022),.UNSPECIFIED.,.F.,.F.,(4,3,4),(0.,0.0447705141783141,0.0886610225562471),
 .UNSPECIFIED.);
#539=B_SPLINE_CURVE_WITH_KNOTS('',3,(#10024,#10025,#10026,#10027,#10028,
#10029),.UNSPECIFIED.,.F.,.F.,(4,2,4),(2.29409723281861,2.5,2.66299270169447),
 .UNSPECIFIED.);
#540=B_SPLINE_CURVE_WITH_KNOTS('',3,(#10032,#10033,#10034,#10035),
 .UNSPECIFIED.,.F.,.F.,(4,4),(1.20080819290562,1.46807317733765),
 .UNSPECIFIED.);
#541=B_SPLINE_CURVE_WITH_KNOTS('',3,(#10037,#10038,#10039,#10040),
 .UNSPECIFIED.,.F.,.F.,(4,4),(0.0499999999999998,1.46807317733765),
 .UNSPECIFIED.);
#542=B_SPLINE_CURVE_WITH_KNOTS('',3,(#10053,#10054,#10055,#10056),
 .UNSPECIFIED.,.F.,.F.,(4,4),(0.,0.115516602024624),.UNSPECIFIED.);
#543=B_SPLINE_CURVE_WITH_KNOTS('',3,(#10057,#10058,#10059,#10060,#10061,
#10062,#10063,#10064,#10065,#10066,#10067,#10068,#10069,#10070,#10071,#10072,
#10073,#10074,#10075,#10076,#10077,#10078,#10079,#10080,#10081,#10082,#10083,
#10084,#10085,#10086,#10087,#10088,#10089,#10090,#10091,#10092,#10093,#10094,
#10095,#10096),.UNSPECIFIED.,.F.,.F.,(4,3,3,3,3,3,3,3,3,3,3,3,3,4),(0.,
0.114915644495669,0.192570426337574,0.261928986971504,0.324578598176831,
0.338658911900342,0.370261423404363,0.407441478145068,0.446625831180302,
0.489117325156291,0.541820492878877,0.600990780952501,0.650211474457108,
0.699432167961715),.UNSPECIFIED.);
#544=B_SPLINE_CURVE_WITH_KNOTS('',3,(#10097,#10098,#10099,#10100),
 .UNSPECIFIED.,.F.,.F.,(4,4),(0.0499999999999999,0.078750336714922),
 .UNSPECIFIED.);
#545=B_SPLINE_CURVE_WITH_KNOTS('',3,(#10103,#10104,#10105,#10106,#10107,
#10108,#10109),.UNSPECIFIED.,.F.,.F.,(4,3,4),(0.,0.0509194677797501,0.112138073796351),
 .UNSPECIFIED.);
#546=B_SPLINE_CURVE_WITH_KNOTS('',3,(#10111,#10112,#10113,#10114,#10115,
#10116,#10117),.UNSPECIFIED.,.F.,.F.,(4,3,4),(0.,0.0145537522510115,0.0412581506322798),
 .UNSPECIFIED.);
#547=B_SPLINE_CURVE_WITH_KNOTS('',3,(#10119,#10120,#10121,#10122,#10123,
#10124,#10125),.UNSPECIFIED.,.F.,.F.,(4,3,4),(0.,0.111753830579974,0.181618543668712),
 .UNSPECIFIED.);
#548=B_SPLINE_CURVE_WITH_KNOTS('',3,(#10126,#10127,#10128,#10129),
 .UNSPECIFIED.,.F.,.F.,(4,4),(0.095343070770244,0.104114742342731),
 .UNSPECIFIED.);
#549=B_SPLINE_CURVE_WITH_KNOTS('',3,(#10133,#10134,#10135,#10136),
 .UNSPECIFIED.,.F.,.F.,(4,4),(0.050000000000034,0.118124431882701),
 .UNSPECIFIED.);
#550=B_SPLINE_CURVE_WITH_KNOTS('',3,(#10138,#10139,#10140,#10141,#10142,
#10143),.UNSPECIFIED.,.F.,.F.,(4,2,4),(2.33600229581526,2.5,2.76368376072175),
 .UNSPECIFIED.);
#551=B_SPLINE_CURVE_WITH_KNOTS('',3,(#10156,#10157,#10158,#10159,#10160,
#10161,#10162),.UNSPECIFIED.,.F.,.F.,(4,3,4),(0.,0.128723408760226,0.158393301206156),
 .UNSPECIFIED.);
#552=B_SPLINE_CURVE_WITH_KNOTS('',3,(#10164,#10165,#10166,#10167,#10168,
#10169,#10170,#10171),.UNSPECIFIED.,.F.,.F.,(4,2,2,4),(0.,0.071924124904055,
0.112187786830424,0.147055482021946),.UNSPECIFIED.);
#553=B_SPLINE_CURVE_WITH_KNOTS('',3,(#10172,#10173,#10174,#10175),
 .UNSPECIFIED.,.F.,.F.,(4,4),(-0.209318177603377,-0.0524465637343656),
 .UNSPECIFIED.);
#554=B_SPLINE_CURVE_WITH_KNOTS('',3,(#10188,#10189,#10190,#10191,#10192,
#10193,#10194,#10195,#10196,#10197,#10198,#10199,#10200,#10201,#10202,#10203,
#10204,#10205,#10206,#10207,#10208,#10209,#10210,#10211,#10212,#10213,#10214,
#10215),.UNSPECIFIED.,.F.,.F.,(4,3,3,3,3,3,3,3,3,4),(0.,0.0799046610195793,
0.134762717311964,0.18381614591651,0.227632545362598,0.267060278178215,
0.30045513074388,0.393354541698295,0.5303607068952,0.567508293132481),
 .UNSPECIFIED.);
#555=B_SPLINE_CURVE_WITH_KNOTS('',3,(#10216,#10217,#10218,#10219),
 .UNSPECIFIED.,.F.,.F.,(4,4),(-0.533735431055542,-0.0503729526679477),
 .UNSPECIFIED.);
#556=B_SPLINE_CURVE_WITH_KNOTS('',3,(#10221,#10222,#10223,#10224),
 .UNSPECIFIED.,.F.,.F.,(4,4),(-0.529385383556585,0.),.UNSPECIFIED.);
#557=B_SPLINE_CURVE_WITH_KNOTS('',3,(#10226,#10227,#10228,#10229,#10230,
#10231,#10232,#10233,#10234,#10235,#10236,#10237,#10238,#10239,#10240,#10241),
 .UNSPECIFIED.,.F.,.F.,(4,3,3,3,3,4),(0.,0.299368563125151,0.421200195005948,
0.514629483579942,0.57847162641694,0.598749496856508),.UNSPECIFIED.);
#558=B_SPLINE_CURVE_WITH_KNOTS('',3,(#10244,#10245,#10246,#10247),
 .UNSPECIFIED.,.F.,.F.,(4,4),(0.0499999999999999,0.47806353408413),
 .UNSPECIFIED.);
#559=B_SPLINE_CURVE_WITH_KNOTS('',3,(#10248,#10249,#10250,#10251),
 .UNSPECIFIED.,.F.,.F.,(4,4),(0.0919493245685995,0.520012858652729),
 .UNSPECIFIED.);
#560=B_SPLINE_CURVE_WITH_KNOTS('',3,(#10255,#10256,#10257,#10258),
 .UNSPECIFIED.,.F.,.F.,(4,4),(0.0503642792356365,0.274430474909705),
 .UNSPECIFIED.);
#561=B_SPLINE_CURVE_WITH_KNOTS('',3,(#10262,#10263,#10264,#10265,#10266,
#10267,#10268),.UNSPECIFIED.,.F.,.F.,(4,3,4),(0.0500569404620488,0.320126606162454,
0.586121299057151),.UNSPECIFIED.);
#562=B_SPLINE_CURVE_WITH_KNOTS('',3,(#10425,#10426,#10427,#10428),
 .UNSPECIFIED.,.F.,.F.,(4,4),(-0.894004768001221,-0.0890536020176358),
 .UNSPECIFIED.);
#563=B_SPLINE_CURVE_WITH_KNOTS('',3,(#10481,#10482,#10483,#10484),
 .UNSPECIFIED.,.F.,.F.,(4,4),(-2.15137084039927,-1.37230410934843),
 .UNSPECIFIED.);
#564=B_SPLINE_CURVE_WITH_KNOTS('',3,(#10517,#10518,#10519,#10520,#10521),
 .UNSPECIFIED.,.F.,.F.,(4,1,4),(-1.70976879452251,-1.27664945685477,-0.773618308186048),
 .UNSPECIFIED.);
#565=B_SPLINE_CURVE_WITH_KNOTS('',3,(#10674,#10675,#10676,#10677),
 .UNSPECIFIED.,.F.,.F.,(4,4),(-0.995635589393959,-0.649844619343716),
 .UNSPECIFIED.);
#566=B_SPLINE_CURVE_WITH_KNOTS('',3,(#10679,#10680,#10681,#10682),
 .UNSPECIFIED.,.F.,.F.,(4,4),(-0.742531425667119,-0.188896299564069),
 .UNSPECIFIED.);
#567=B_SPLINE_CURVE_WITH_KNOTS('',3,(#10683,#10684,#10685,#10686,#10687),
 .UNSPECIFIED.,.F.,.F.,(4,1,4),(-0.672372214258901,-0.630268890708497,-0.325597154506649),
 .UNSPECIFIED.);
#568=B_SPLINE_CURVE_WITH_KNOTS('',3,(#10699,#10700,#10701,#10702),
 .UNSPECIFIED.,.F.,.F.,(4,4),(-0.154913874371962,0.),.UNSPECIFIED.);
#569=B_SPLINE_CURVE_WITH_KNOTS('',3,(#10706,#10707,#10708,#10709,#10710,
#10711,#10712,#10713,#10714,#10715,#10716,#10717,#10718,#10719,#10720,#10721,
#10722,#10723,#10724),.UNSPECIFIED.,.F.,.F.,(4,3,3,3,3,3,4),(-0.636246717443031,
-0.519724865514751,-0.473150897487121,-0.404304324115419,-0.347052352935855,
-0.311683150198156,-0.301998412447071),.UNSPECIFIED.);
#570=B_SPLINE_CURVE_WITH_KNOTS('',3,(#10726,#10727,#10728,#10729),
 .UNSPECIFIED.,.F.,.F.,(4,4),(1.57194827821823,1.63827959659616),
 .UNSPECIFIED.);
#571=B_SPLINE_CURVE_WITH_KNOTS('',3,(#10731,#10732,#10733,#10734,#10735,
#10736,#10737),.UNSPECIFIED.,.F.,.F.,(4,3,4),(0.265040117296886,0.705690540168335,
1.53521336890284),.UNSPECIFIED.);
#572=B_SPLINE_CURVE_WITH_KNOTS('',3,(#10739,#10740,#10741,#10742),
 .UNSPECIFIED.,.F.,.F.,(4,4),(-0.384354467597336,0.),.UNSPECIFIED.);
#573=B_SPLINE_CURVE_WITH_KNOTS('',3,(#10743,#10744,#10745,#10746),
 .UNSPECIFIED.,.F.,.F.,(4,4),(0.,0.313148648682879),.UNSPECIFIED.);
#574=B_SPLINE_CURVE_WITH_KNOTS('',3,(#10749,#10750,#10751,#10752,#10753,
#10754,#10755),.UNSPECIFIED.,.F.,.F.,(4,3,4),(0.207858592924742,0.418981067123232,
0.511002528846826),.UNSPECIFIED.);
#575=B_SPLINE_CURVE_WITH_KNOTS('',3,(#10759,#10760,#10761,#10762),
 .UNSPECIFIED.,.F.,.F.,(4,4),(0.766410332219243,1.29062502384185),
 .UNSPECIFIED.);
#576=B_SPLINE_CURVE_WITH_KNOTS('',3,(#10764,#10765,#10766,#10767,#10768,
#10769,#10770),.UNSPECIFIED.,.F.,.F.,(4,3,4),(0.,0.69518198901529,1.18957249785044),
 .UNSPECIFIED.);
#577=B_SPLINE_CURVE_WITH_KNOTS('',3,(#10773,#10774,#10775,#10776),
 .UNSPECIFIED.,.F.,.F.,(4,4),(0.252632199167124,0.260467987820021),
 .UNSPECIFIED.);
#578=B_SPLINE_CURVE_WITH_KNOTS('',3,(#10788,#10789,#10790,#10791),
 .UNSPECIFIED.,.F.,.F.,(4,4),(-0.44457956908524,-0.14470932323771),
 .UNSPECIFIED.);
#579=B_SPLINE_CURVE_WITH_KNOTS('',3,(#10792,#10793,#10794,#10795),
 .UNSPECIFIED.,.F.,.F.,(4,4),(-0.564132023687166,-0.0503178691390761),
 .UNSPECIFIED.);
#580=B_SPLINE_CURVE_WITH_KNOTS('',3,(#10807,#10808,#10809,#10810),
 .UNSPECIFIED.,.F.,.F.,(4,4),(-0.632411073878239,-0.0590791592929457),
 .UNSPECIFIED.);
#581=B_SPLINE_CURVE_WITH_KNOTS('',3,(#10812,#10813,#10814,#10815),
 .UNSPECIFIED.,.F.,.F.,(4,4),(-0.229035868838258,0.),.UNSPECIFIED.);
#582=B_SPLINE_CURVE_WITH_KNOTS('',3,(#10827,#10828,#10829,#10830,#10831,
#10832,#10833,#10834,#10835,#10836,#10837,#10838,#10839,#10840,#10841,#10842,
#10843,#10844,#10845,#10846,#10847,#10848),.UNSPECIFIED.,.F.,.F.,(4,3,3,
3,3,3,3,4),(0.,0.0485000334505792,0.103609022402697,0.163354964822176,0.212792165641574,
0.302449124567556,0.415009861267214,0.435335430985329),.UNSPECIFIED.);
#583=B_SPLINE_CURVE_WITH_KNOTS('',3,(#10860,#10861,#10862,#10863),
 .UNSPECIFIED.,.F.,.F.,(4,4),(-0.598220200436936,-0.0500447693866924),
 .UNSPECIFIED.);
#584=B_SPLINE_CURVE_WITH_KNOTS('',3,(#10864,#10865,#10866,#10867,#10868,
#10869,#10870,#10871,#10872,#10873),.UNSPECIFIED.,.F.,.F.,(4,3,3,4),(-0.228153733911983,
-0.190275415744032,-0.0850729227207657,0.),.UNSPECIFIED.);
#585=FACE_OUTER_BOUND('',#843,.T.);
#586=FACE_OUTER_BOUND('',#844,.T.);
#587=FACE_OUTER_BOUND('',#845,.T.);
#588=FACE_OUTER_BOUND('',#846,.T.);
#589=FACE_OUTER_BOUND('',#847,.T.);
#590=FACE_OUTER_BOUND('',#850,.T.);
#591=FACE_OUTER_BOUND('',#851,.T.);
#592=FACE_OUTER_BOUND('',#852,.T.);
#593=FACE_OUTER_BOUND('',#853,.T.);
#594=FACE_OUTER_BOUND('',#855,.T.);
#595=FACE_OUTER_BOUND('',#856,.T.);
#596=FACE_OUTER_BOUND('',#857,.T.);
#597=FACE_OUTER_BOUND('',#859,.T.);
#598=FACE_OUTER_BOUND('',#860,.T.);
#599=FACE_OUTER_BOUND('',#861,.T.);
#600=FACE_OUTER_BOUND('',#862,.T.);
#601=FACE_OUTER_BOUND('',#863,.T.);
#602=FACE_OUTER_BOUND('',#864,.T.);
#603=FACE_OUTER_BOUND('',#865,.T.);
#604=FACE_OUTER_BOUND('',#866,.T.);
#605=FACE_OUTER_BOUND('',#868,.T.);
#606=FACE_OUTER_BOUND('',#869,.T.);
#607=FACE_OUTER_BOUND('',#871,.T.);
#608=FACE_OUTER_BOUND('',#872,.T.);
#609=FACE_OUTER_BOUND('',#873,.T.);
#610=FACE_OUTER_BOUND('',#874,.T.);
#611=FACE_OUTER_BOUND('',#875,.T.);
#612=FACE_OUTER_BOUND('',#876,.T.);
#613=FACE_OUTER_BOUND('',#877,.T.);
#614=FACE_OUTER_BOUND('',#878,.T.);
#615=FACE_OUTER_BOUND('',#879,.T.);
#616=FACE_OUTER_BOUND('',#880,.T.);
#617=FACE_OUTER_BOUND('',#881,.T.);
#618=FACE_OUTER_BOUND('',#882,.T.);
#619=FACE_OUTER_BOUND('',#883,.T.);
#620=FACE_OUTER_BOUND('',#884,.T.);
#621=FACE_OUTER_BOUND('',#885,.T.);
#622=FACE_OUTER_BOUND('',#886,.T.);
#623=FACE_OUTER_BOUND('',#887,.T.);
#624=FACE_OUTER_BOUND('',#888,.T.);
#625=FACE_OUTER_BOUND('',#889,.T.);
#626=FACE_OUTER_BOUND('',#890,.T.);
#627=FACE_OUTER_BOUND('',#891,.T.);
#628=FACE_OUTER_BOUND('',#893,.T.);
#629=FACE_OUTER_BOUND('',#894,.T.);
#630=FACE_OUTER_BOUND('',#895,.T.);
#631=FACE_OUTER_BOUND('',#896,.T.);
#632=FACE_OUTER_BOUND('',#897,.T.);
#633=FACE_OUTER_BOUND('',#898,.T.);
#634=FACE_OUTER_BOUND('',#899,.T.);
#635=FACE_OUTER_BOUND('',#900,.T.);
#636=FACE_OUTER_BOUND('',#901,.T.);
#637=FACE_OUTER_BOUND('',#902,.T.);
#638=FACE_OUTER_BOUND('',#903,.T.);
#639=FACE_OUTER_BOUND('',#904,.T.);
#640=FACE_OUTER_BOUND('',#905,.T.);
#641=FACE_OUTER_BOUND('',#906,.T.);
#642=FACE_OUTER_BOUND('',#907,.T.);
#643=FACE_OUTER_BOUND('',#908,.T.);
#644=FACE_OUTER_BOUND('',#909,.T.);
#645=FACE_OUTER_BOUND('',#910,.T.);
#646=FACE_OUTER_BOUND('',#911,.T.);
#647=FACE_OUTER_BOUND('',#912,.T.);
#648=FACE_OUTER_BOUND('',#913,.T.);
#649=FACE_OUTER_BOUND('',#914,.T.);
#650=FACE_OUTER_BOUND('',#915,.T.);
#651=FACE_OUTER_BOUND('',#916,.T.);
#652=FACE_OUTER_BOUND('',#917,.T.);
#653=FACE_OUTER_BOUND('',#918,.T.);
#654=FACE_OUTER_BOUND('',#919,.T.);
#655=FACE_OUTER_BOUND('',#920,.T.);
#656=FACE_OUTER_BOUND('',#921,.T.);
#657=FACE_OUTER_BOUND('',#922,.T.);
#658=FACE_OUTER_BOUND('',#923,.T.);
#659=FACE_OUTER_BOUND('',#924,.T.);
#660=FACE_OUTER_BOUND('',#925,.T.);
#661=FACE_OUTER_BOUND('',#926,.T.);
#662=FACE_OUTER_BOUND('',#927,.T.);
#663=FACE_OUTER_BOUND('',#928,.T.);
#664=FACE_OUTER_BOUND('',#929,.T.);
#665=FACE_OUTER_BOUND('',#930,.T.);
#666=FACE_OUTER_BOUND('',#931,.T.);
#667=FACE_OUTER_BOUND('',#932,.T.);
#668=FACE_OUTER_BOUND('',#933,.T.);
#669=FACE_OUTER_BOUND('',#934,.T.);
#670=FACE_OUTER_BOUND('',#935,.T.);
#671=FACE_OUTER_BOUND('',#936,.T.);
#672=FACE_OUTER_BOUND('',#937,.T.);
#673=FACE_OUTER_BOUND('',#938,.T.);
#674=FACE_OUTER_BOUND('',#939,.T.);
#675=FACE_OUTER_BOUND('',#940,.T.);
#676=FACE_OUTER_BOUND('',#941,.T.);
#677=FACE_OUTER_BOUND('',#942,.T.);
#678=FACE_OUTER_BOUND('',#943,.T.);
#679=FACE_OUTER_BOUND('',#944,.T.);
#680=FACE_OUTER_BOUND('',#945,.T.);
#681=FACE_OUTER_BOUND('',#946,.T.);
#682=FACE_OUTER_BOUND('',#947,.T.);
#683=FACE_OUTER_BOUND('',#948,.T.);
#684=FACE_OUTER_BOUND('',#949,.T.);
#685=FACE_OUTER_BOUND('',#950,.T.);
#686=FACE_OUTER_BOUND('',#951,.T.);
#687=FACE_OUTER_BOUND('',#952,.T.);
#688=FACE_OUTER_BOUND('',#953,.T.);
#689=FACE_OUTER_BOUND('',#954,.T.);
#690=FACE_OUTER_BOUND('',#955,.T.);
#691=FACE_OUTER_BOUND('',#956,.T.);
#692=FACE_OUTER_BOUND('',#957,.T.);
#693=FACE_OUTER_BOUND('',#958,.T.);
#694=FACE_OUTER_BOUND('',#959,.T.);
#695=FACE_OUTER_BOUND('',#960,.T.);
#696=FACE_OUTER_BOUND('',#961,.T.);
#697=FACE_OUTER_BOUND('',#962,.T.);
#698=FACE_OUTER_BOUND('',#963,.T.);
#699=FACE_OUTER_BOUND('',#964,.T.);
#700=FACE_OUTER_BOUND('',#965,.T.);
#701=FACE_OUTER_BOUND('',#966,.T.);
#702=FACE_OUTER_BOUND('',#967,.T.);
#703=FACE_OUTER_BOUND('',#968,.T.);
#704=FACE_OUTER_BOUND('',#969,.T.);
#705=FACE_OUTER_BOUND('',#970,.T.);
#706=FACE_OUTER_BOUND('',#971,.T.);
#707=FACE_OUTER_BOUND('',#972,.T.);
#708=FACE_OUTER_BOUND('',#973,.T.);
#709=FACE_OUTER_BOUND('',#974,.T.);
#710=FACE_OUTER_BOUND('',#975,.T.);
#711=FACE_OUTER_BOUND('',#976,.T.);
#712=FACE_OUTER_BOUND('',#977,.T.);
#713=FACE_OUTER_BOUND('',#978,.T.);
#714=FACE_OUTER_BOUND('',#979,.T.);
#715=FACE_OUTER_BOUND('',#980,.T.);
#716=FACE_OUTER_BOUND('',#981,.T.);
#717=FACE_OUTER_BOUND('',#982,.T.);
#718=FACE_OUTER_BOUND('',#983,.T.);
#719=FACE_OUTER_BOUND('',#984,.T.);
#720=FACE_OUTER_BOUND('',#985,.T.);
#721=FACE_OUTER_BOUND('',#986,.T.);
#722=FACE_OUTER_BOUND('',#987,.T.);
#723=FACE_OUTER_BOUND('',#988,.T.);
#724=FACE_OUTER_BOUND('',#989,.T.);
#725=FACE_OUTER_BOUND('',#990,.T.);
#726=FACE_OUTER_BOUND('',#991,.T.);
#727=FACE_OUTER_BOUND('',#992,.T.);
#728=FACE_OUTER_BOUND('',#993,.T.);
#729=FACE_OUTER_BOUND('',#994,.T.);
#730=FACE_OUTER_BOUND('',#995,.T.);
#731=FACE_OUTER_BOUND('',#996,.T.);
#732=FACE_OUTER_BOUND('',#997,.T.);
#733=FACE_OUTER_BOUND('',#998,.T.);
#734=FACE_OUTER_BOUND('',#999,.T.);
#735=FACE_OUTER_BOUND('',#1000,.T.);
#736=FACE_OUTER_BOUND('',#1001,.T.);
#737=FACE_OUTER_BOUND('',#1002,.T.);
#738=FACE_OUTER_BOUND('',#1003,.T.);
#739=FACE_OUTER_BOUND('',#1004,.T.);
#740=FACE_OUTER_BOUND('',#1005,.T.);
#741=FACE_OUTER_BOUND('',#1006,.T.);
#742=FACE_OUTER_BOUND('',#1007,.T.);
#743=FACE_OUTER_BOUND('',#1008,.T.);
#744=FACE_OUTER_BOUND('',#1009,.T.);
#745=FACE_OUTER_BOUND('',#1010,.T.);
#746=FACE_OUTER_BOUND('',#1011,.T.);
#747=FACE_OUTER_BOUND('',#1012,.T.);
#748=FACE_OUTER_BOUND('',#1013,.T.);
#749=FACE_OUTER_BOUND('',#1014,.T.);
#750=FACE_OUTER_BOUND('',#1015,.T.);
#751=FACE_OUTER_BOUND('',#1016,.T.);
#752=FACE_OUTER_BOUND('',#1017,.T.);
#753=FACE_OUTER_BOUND('',#1018,.T.);
#754=FACE_OUTER_BOUND('',#1019,.T.);
#755=FACE_OUTER_BOUND('',#1020,.T.);
#756=FACE_OUTER_BOUND('',#1021,.T.);
#757=FACE_OUTER_BOUND('',#1022,.T.);
#758=FACE_OUTER_BOUND('',#1023,.T.);
#759=FACE_OUTER_BOUND('',#1024,.T.);
#760=FACE_OUTER_BOUND('',#1025,.T.);
#761=FACE_OUTER_BOUND('',#1026,.T.);
#762=FACE_OUTER_BOUND('',#1027,.T.);
#763=FACE_OUTER_BOUND('',#1028,.T.);
#764=FACE_OUTER_BOUND('',#1029,.T.);
#765=FACE_OUTER_BOUND('',#1030,.T.);
#766=FACE_OUTER_BOUND('',#1031,.T.);
#767=FACE_OUTER_BOUND('',#1032,.T.);
#768=FACE_OUTER_BOUND('',#1033,.T.);
#769=FACE_OUTER_BOUND('',#1034,.T.);
#770=FACE_OUTER_BOUND('',#1035,.T.);
#771=FACE_OUTER_BOUND('',#1036,.T.);
#772=FACE_OUTER_BOUND('',#1037,.T.);
#773=FACE_OUTER_BOUND('',#1038,.T.);
#774=FACE_OUTER_BOUND('',#1039,.T.);
#775=FACE_OUTER_BOUND('',#1040,.T.);
#776=FACE_OUTER_BOUND('',#1041,.T.);
#777=FACE_OUTER_BOUND('',#1042,.T.);
#778=FACE_OUTER_BOUND('',#1043,.T.);
#779=FACE_OUTER_BOUND('',#1044,.T.);
#780=FACE_OUTER_BOUND('',#1045,.T.);
#781=FACE_OUTER_BOUND('',#1046,.T.);
#782=FACE_OUTER_BOUND('',#1047,.T.);
#783=FACE_OUTER_BOUND('',#1048,.T.);
#784=FACE_OUTER_BOUND('',#1049,.T.);
#785=FACE_OUTER_BOUND('',#1050,.T.);
#786=FACE_OUTER_BOUND('',#1051,.T.);
#787=FACE_OUTER_BOUND('',#1052,.T.);
#788=FACE_OUTER_BOUND('',#1053,.T.);
#789=FACE_OUTER_BOUND('',#1054,.T.);
#790=FACE_OUTER_BOUND('',#1055,.T.);
#791=FACE_OUTER_BOUND('',#1056,.T.);
#792=FACE_OUTER_BOUND('',#1057,.T.);
#793=FACE_OUTER_BOUND('',#1058,.T.);
#794=FACE_OUTER_BOUND('',#1059,.T.);
#795=FACE_OUTER_BOUND('',#1060,.T.);
#796=FACE_OUTER_BOUND('',#1061,.T.);
#797=FACE_OUTER_BOUND('',#1062,.T.);
#798=FACE_OUTER_BOUND('',#1063,.T.);
#799=FACE_OUTER_BOUND('',#1064,.T.);
#800=FACE_OUTER_BOUND('',#1065,.T.);
#801=FACE_OUTER_BOUND('',#1066,.T.);
#802=FACE_OUTER_BOUND('',#1067,.T.);
#803=FACE_OUTER_BOUND('',#1068,.T.);
#804=FACE_OUTER_BOUND('',#1069,.T.);
#805=FACE_OUTER_BOUND('',#1070,.T.);
#806=FACE_OUTER_BOUND('',#1071,.T.);
#807=FACE_OUTER_BOUND('',#1072,.T.);
#808=FACE_OUTER_BOUND('',#1073,.T.);
#809=FACE_OUTER_BOUND('',#1074,.T.);
#810=FACE_OUTER_BOUND('',#1075,.T.);
#811=FACE_OUTER_BOUND('',#1076,.T.);
#812=FACE_OUTER_BOUND('',#1077,.T.);
#813=FACE_OUTER_BOUND('',#1078,.T.);
#814=FACE_OUTER_BOUND('',#1079,.T.);
#815=FACE_OUTER_BOUND('',#1080,.T.);
#816=FACE_OUTER_BOUND('',#1081,.T.);
#817=FACE_OUTER_BOUND('',#1082,.T.);
#818=FACE_OUTER_BOUND('',#1083,.T.);
#819=FACE_OUTER_BOUND('',#1084,.T.);
#820=FACE_OUTER_BOUND('',#1085,.T.);
#821=FACE_OUTER_BOUND('',#1086,.T.);
#822=FACE_OUTER_BOUND('',#1087,.T.);
#823=FACE_OUTER_BOUND('',#1088,.T.);
#824=FACE_OUTER_BOUND('',#1089,.T.);
#825=FACE_OUTER_BOUND('',#1090,.T.);
#826=FACE_OUTER_BOUND('',#1091,.T.);
#827=FACE_OUTER_BOUND('',#1092,.T.);
#828=FACE_OUTER_BOUND('',#1093,.T.);
#829=FACE_OUTER_BOUND('',#1094,.T.);
#830=FACE_OUTER_BOUND('',#1095,.T.);
#831=FACE_OUTER_BOUND('',#1096,.T.);
#832=FACE_OUTER_BOUND('',#1097,.T.);
#833=FACE_OUTER_BOUND('',#1098,.T.);
#834=FACE_OUTER_BOUND('',#1099,.T.);
#835=FACE_OUTER_BOUND('',#1100,.T.);
#836=FACE_OUTER_BOUND('',#1101,.T.);
#837=FACE_OUTER_BOUND('',#1102,.T.);
#838=FACE_OUTER_BOUND('',#1103,.T.);
#839=FACE_OUTER_BOUND('',#1104,.T.);
#840=FACE_OUTER_BOUND('',#1105,.T.);
#841=FACE_OUTER_BOUND('',#1106,.T.);
#842=FACE_OUTER_BOUND('',#1107,.T.);
#843=EDGE_LOOP('',(#3087,#3088,#3089,#3090));
#844=EDGE_LOOP('',(#3091,#3092,#3093,#3094));
#845=EDGE_LOOP('',(#3095,#3096,#3097,#3098,#3099,#3100,#3101,#3102));
#846=EDGE_LOOP('',(#3103,#3104,#3105,#3106,#3107,#3108,#3109,#3110,#3111));
#847=EDGE_LOOP('',(#3112,#3113,#3114,#3115));
#848=EDGE_LOOP('',(#3116,#3117,#3118,#3119,#3120,#3121));
#849=EDGE_LOOP('',(#3122,#3123,#3124,#3125));
#850=EDGE_LOOP('',(#3126,#3127,#3128,#3129,#3130,#3131,#3132,#3133));
#851=EDGE_LOOP('',(#3134,#3135,#3136,#3137));
#852=EDGE_LOOP('',(#3138,#3139,#3140,#3141,#3142,#3143,#3144,#3145));
#853=EDGE_LOOP('',(#3146,#3147,#3148,#3149));
#854=EDGE_LOOP('',(#3150,#3151,#3152,#3153));
#855=EDGE_LOOP('',(#3154,#3155,#3156,#3157));
#856=EDGE_LOOP('',(#3158,#3159,#3160,#3161));
#857=EDGE_LOOP('',(#3162,#3163,#3164,#3165));
#858=EDGE_LOOP('',(#3166,#3167,#3168,#3169));
#859=EDGE_LOOP('',(#3170,#3171,#3172,#3173,#3174,#3175,#3176,#3177));
#860=EDGE_LOOP('',(#3178,#3179,#3180,#3181,#3182,#3183,#3184,#3185));
#861=EDGE_LOOP('',(#3186,#3187,#3188,#3189,#3190,#3191));
#862=EDGE_LOOP('',(#3192,#3193,#3194,#3195,#3196,#3197));
#863=EDGE_LOOP('',(#3198,#3199,#3200,#3201,#3202,#3203,#3204));
#864=EDGE_LOOP('',(#3205,#3206,#3207,#3208,#3209,#3210,#3211,#3212));
#865=EDGE_LOOP('',(#3213,#3214,#3215,#3216,#3217,#3218,#3219,#3220));
#866=EDGE_LOOP('',(#3221,#3222,#3223,#3224));
#867=EDGE_LOOP('',(#3225,#3226,#3227,#3228));
#868=EDGE_LOOP('',(#3229,#3230,#3231,#3232));
#869=EDGE_LOOP('',(#3233,#3234,#3235,#3236));
#870=EDGE_LOOP('',(#3237,#3238,#3239,#3240));
#871=EDGE_LOOP('',(#3241,#3242,#3243,#3244,#3245));
#872=EDGE_LOOP('',(#3246,#3247,#3248,#3249,#3250));
#873=EDGE_LOOP('',(#3251,#3252,#3253,#3254,#3255,#3256,#3257));
#874=EDGE_LOOP('',(#3258,#3259,#3260));
#875=EDGE_LOOP('',(#3261,#3262,#3263,#3264,#3265));
#876=EDGE_LOOP('',(#3266,#3267,#3268,#3269,#3270));
#877=EDGE_LOOP('',(#3271,#3272,#3273,#3274));
#878=EDGE_LOOP('',(#3275,#3276,#3277));
#879=EDGE_LOOP('',(#3278,#3279,#3280,#3281));
#880=EDGE_LOOP('',(#3282,#3283,#3284,#3285,#3286,#3287,#3288,#3289,#3290,
#3291,#3292,#3293,#3294,#3295,#3296,#3297));
#881=EDGE_LOOP('',(#3298,#3299,#3300,#3301,#3302));
#882=EDGE_LOOP('',(#3303,#3304,#3305,#3306,#3307));
#883=EDGE_LOOP('',(#3308,#3309,#3310,#3311,#3312,#3313));
#884=EDGE_LOOP('',(#3314,#3315,#3316,#3317));
#885=EDGE_LOOP('',(#3318,#3319,#3320,#3321,#3322,#3323,#3324,#3325));
#886=EDGE_LOOP('',(#3326,#3327,#3328,#3329));
#887=EDGE_LOOP('',(#3330,#3331,#3332,#3333,#3334,#3335,#3336,#3337,#3338));
#888=EDGE_LOOP('',(#3339,#3340,#3341,#3342));
#889=EDGE_LOOP('',(#3343,#3344,#3345,#3346,#3347,#3348,#3349,#3350,#3351,
#3352));
#890=EDGE_LOOP('',(#3353,#3354,#3355,#3356,#3357,#3358,#3359,#3360,#3361,
#3362,#3363,#3364,#3365,#3366,#3367,#3368));
#891=EDGE_LOOP('',(#3369,#3370,#3371,#3372));
#892=EDGE_LOOP('',(#3373,#3374,#3375,#3376));
#893=EDGE_LOOP('',(#3377,#3378,#3379,#3380,#3381,#3382,#3383,#3384,#3385));
#894=EDGE_LOOP('',(#3386,#3387,#3388,#3389,#3390));
#895=EDGE_LOOP('',(#3391,#3392,#3393,#3394,#3395,#3396,#3397,#3398));
#896=EDGE_LOOP('',(#3399,#3400,#3401,#3402,#3403,#3404));
#897=EDGE_LOOP('',(#3405,#3406,#3407,#3408));
#898=EDGE_LOOP('',(#3409,#3410,#3411,#3412));
#899=EDGE_LOOP('',(#3413,#3414,#3415,#3416));
#900=EDGE_LOOP('',(#3417,#3418,#3419,#3420));
#901=EDGE_LOOP('',(#3421,#3422,#3423,#3424,#3425,#3426,#3427,#3428,#3429));
#902=EDGE_LOOP('',(#3430,#3431,#3432,#3433,#3434,#3435,#3436,#3437,#3438));
#903=EDGE_LOOP('',(#3439,#3440,#3441,#3442));
#904=EDGE_LOOP('',(#3443,#3444,#3445,#3446,#3447,#3448));
#905=EDGE_LOOP('',(#3449,#3450,#3451,#3452));
#906=EDGE_LOOP('',(#3453,#3454,#3455,#3456));
#907=EDGE_LOOP('',(#3457,#3458,#3459,#3460));
#908=EDGE_LOOP('',(#3461,#3462,#3463,#3464,#3465,#3466,#3467,#3468,#3469));
#909=EDGE_LOOP('',(#3470,#3471,#3472,#3473,#3474));
#910=EDGE_LOOP('',(#3475,#3476,#3477,#3478,#3479,#3480,#3481));
#911=EDGE_LOOP('',(#3482,#3483,#3484,#3485));
#912=EDGE_LOOP('',(#3486,#3487,#3488));
#913=EDGE_LOOP('',(#3489,#3490,#3491,#3492,#3493));
#914=EDGE_LOOP('',(#3494,#3495,#3496));
#915=EDGE_LOOP('',(#3497,#3498,#3499,#3500,#3501,#3502,#3503,#3504));
#916=EDGE_LOOP('',(#3505,#3506,#3507));
#917=EDGE_LOOP('',(#3508,#3509,#3510,#3511));
#918=EDGE_LOOP('',(#3512,#3513,#3514,#3515));
#919=EDGE_LOOP('',(#3516,#3517,#3518,#3519));
#920=EDGE_LOOP('',(#3520,#3521,#3522,#3523));
#921=EDGE_LOOP('',(#3524,#3525,#3526,#3527));
#922=EDGE_LOOP('',(#3528,#3529,#3530,#3531,#3532));
#923=EDGE_LOOP('',(#3533,#3534,#3535,#3536));
#924=EDGE_LOOP('',(#3537,#3538,#3539,#3540,#3541,#3542));
#925=EDGE_LOOP('',(#3543,#3544,#3545,#3546,#3547,#3548,#3549,#3550,#3551,
#3552,#3553,#3554,#3555,#3556,#3557,#3558,#3559,#3560,#3561,#3562,#3563,
#3564));
#926=EDGE_LOOP('',(#3565,#3566,#3567,#3568,#3569,#3570,#3571,#3572,#3573));
#927=EDGE_LOOP('',(#3574,#3575,#3576,#3577));
#928=EDGE_LOOP('',(#3578,#3579,#3580,#3581,#3582));
#929=EDGE_LOOP('',(#3583,#3584,#3585,#3586));
#930=EDGE_LOOP('',(#3587,#3588,#3589));
#931=EDGE_LOOP('',(#3590,#3591,#3592,#3593,#3594,#3595,#3596,#3597));
#932=EDGE_LOOP('',(#3598,#3599,#3600,#3601,#3602,#3603));
#933=EDGE_LOOP('',(#3604,#3605,#3606));
#934=EDGE_LOOP('',(#3607,#3608,#3609,#3610,#3611,#3612));
#935=EDGE_LOOP('',(#3613,#3614,#3615,#3616,#3617,#3618,#3619));
#936=EDGE_LOOP('',(#3620,#3621,#3622,#3623));
#937=EDGE_LOOP('',(#3624,#3625,#3626,#3627,#3628,#3629,#3630,#3631,#3632,
#3633));
#938=EDGE_LOOP('',(#3634,#3635,#3636,#3637,#3638,#3639,#3640));
#939=EDGE_LOOP('',(#3641,#3642,#3643,#3644));
#940=EDGE_LOOP('',(#3645,#3646,#3647,#3648,#3649));
#941=EDGE_LOOP('',(#3650,#3651,#3652,#3653,#3654,#3655,#3656,#3657,#3658,
#3659));
#942=EDGE_LOOP('',(#3660,#3661,#3662,#3663));
#943=EDGE_LOOP('',(#3664,#3665,#3666,#3667,#3668));
#944=EDGE_LOOP('',(#3669,#3670,#3671,#3672,#3673));
#945=EDGE_LOOP('',(#3674,#3675,#3676,#3677,#3678,#3679,#3680,#3681,#3682,
#3683,#3684,#3685,#3686,#3687));
#946=EDGE_LOOP('',(#3688,#3689,#3690,#3691,#3692,#3693));
#947=EDGE_LOOP('',(#3694,#3695,#3696,#3697));
#948=EDGE_LOOP('',(#3698,#3699,#3700,#3701,#3702,#3703,#3704,#3705));
#949=EDGE_LOOP('',(#3706,#3707,#3708,#3709,#3710,#3711));
#950=EDGE_LOOP('',(#3712,#3713,#3714,#3715,#3716));
#951=EDGE_LOOP('',(#3717,#3718,#3719,#3720));
#952=EDGE_LOOP('',(#3721,#3722,#3723,#3724,#3725));
#953=EDGE_LOOP('',(#3726,#3727,#3728,#3729,#3730,#3731,#3732,#3733,#3734,
#3735,#3736,#3737,#3738));
#954=EDGE_LOOP('',(#3739,#3740,#3741));
#955=EDGE_LOOP('',(#3742,#3743,#3744,#3745,#3746,#3747,#3748,#3749,#3750,
#3751));
#956=EDGE_LOOP('',(#3752,#3753,#3754,#3755));
#957=EDGE_LOOP('',(#3756,#3757,#3758,#3759,#3760,#3761));
#958=EDGE_LOOP('',(#3762,#3763,#3764,#3765));
#959=EDGE_LOOP('',(#3766,#3767,#3768,#3769,#3770));
#960=EDGE_LOOP('',(#3771,#3772,#3773,#3774,#3775,#3776,#3777,#3778,#3779,
#3780));
#961=EDGE_LOOP('',(#3781,#3782,#3783,#3784,#3785,#3786,#3787,#3788));
#962=EDGE_LOOP('',(#3789,#3790,#3791,#3792,#3793,#3794,#3795,#3796,#3797,
#3798,#3799,#3800,#3801,#3802,#3803,#3804));
#963=EDGE_LOOP('',(#3805,#3806,#3807,#3808,#3809,#3810));
#964=EDGE_LOOP('',(#3811,#3812,#3813,#3814,#3815,#3816));
#965=EDGE_LOOP('',(#3817,#3818,#3819,#3820,#3821,#3822));
#966=EDGE_LOOP('',(#3823,#3824,#3825,#3826,#3827));
#967=EDGE_LOOP('',(#3828,#3829,#3830,#3831));
#968=EDGE_LOOP('',(#3832,#3833,#3834,#3835));
#969=EDGE_LOOP('',(#3836,#3837,#3838,#3839,#3840,#3841));
#970=EDGE_LOOP('',(#3842,#3843,#3844,#3845));
#971=EDGE_LOOP('',(#3846,#3847,#3848,#3849,#3850,#3851,#3852,#3853));
#972=EDGE_LOOP('',(#3854,#3855,#3856,#3857,#3858,#3859,#3860,#3861,#3862,
#3863,#3864,#3865));
#973=EDGE_LOOP('',(#3866,#3867,#3868,#3869,#3870,#3871,#3872,#3873,#3874,
#3875,#3876));
#974=EDGE_LOOP('',(#3877,#3878,#3879,#3880));
#975=EDGE_LOOP('',(#3881,#3882,#3883,#3884,#3885));
#976=EDGE_LOOP('',(#3886,#3887,#3888,#3889));
#977=EDGE_LOOP('',(#3890,#3891,#3892,#3893,#3894,#3895,#3896,#3897));
#978=EDGE_LOOP('',(#3898,#3899,#3900,#3901,#3902));
#979=EDGE_LOOP('',(#3903,#3904,#3905,#3906));
#980=EDGE_LOOP('',(#3907,#3908,#3909,#3910,#3911,#3912));
#981=EDGE_LOOP('',(#3913,#3914,#3915,#3916,#3917));
#982=EDGE_LOOP('',(#3918,#3919,#3920,#3921,#3922,#3923,#3924,#3925));
#983=EDGE_LOOP('',(#3926,#3927,#3928,#3929,#3930,#3931));
#984=EDGE_LOOP('',(#3932,#3933,#3934,#3935));
#985=EDGE_LOOP('',(#3936,#3937,#3938,#3939,#3940,#3941,#3942,#3943,#3944,
#3945,#3946));
#986=EDGE_LOOP('',(#3947,#3948,#3949,#3950));
#987=EDGE_LOOP('',(#3951,#3952,#3953,#3954,#3955,#3956,#3957,#3958,#3959));
#988=EDGE_LOOP('',(#3960,#3961,#3962,#3963));
#989=EDGE_LOOP('',(#3964,#3965,#3966,#3967));
#990=EDGE_LOOP('',(#3968,#3969,#3970,#3971,#3972));
#991=EDGE_LOOP('',(#3973,#3974,#3975,#3976,#3977,#3978,#3979,#3980));
#992=EDGE_LOOP('',(#3981,#3982,#3983,#3984,#3985,#3986,#3987,#3988,#3989,
#3990,#3991,#3992,#3993,#3994,#3995,#3996,#3997,#3998,#3999,#4000,#4001,
#4002,#4003,#4004,#4005));
#993=EDGE_LOOP('',(#4006,#4007,#4008,#4009,#4010,#4011));
#994=EDGE_LOOP('',(#4012,#4013,#4014,#4015,#4016,#4017));
#995=EDGE_LOOP('',(#4018,#4019,#4020,#4021));
#996=EDGE_LOOP('',(#4022,#4023,#4024,#4025,#4026));
#997=EDGE_LOOP('',(#4027,#4028,#4029,#4030,#4031));
#998=EDGE_LOOP('',(#4032,#4033,#4034,#4035,#4036,#4037));
#999=EDGE_LOOP('',(#4038,#4039,#4040,#4041,#4042,#4043));
#1000=EDGE_LOOP('',(#4044,#4045,#4046,#4047,#4048,#4049,#4050,#4051,#4052,
#4053));
#1001=EDGE_LOOP('',(#4054,#4055,#4056,#4057));
#1002=EDGE_LOOP('',(#4058,#4059,#4060,#4061,#4062,#4063,#4064,#4065));
#1003=EDGE_LOOP('',(#4066,#4067,#4068,#4069,#4070,#4071,#4072,#4073,#4074,
#4075));
#1004=EDGE_LOOP('',(#4076,#4077,#4078,#4079));
#1005=EDGE_LOOP('',(#4080,#4081,#4082,#4083,#4084));
#1006=EDGE_LOOP('',(#4085,#4086,#4087,#4088,#4089,#4090,#4091));
#1007=EDGE_LOOP('',(#4092,#4093,#4094,#4095,#4096));
#1008=EDGE_LOOP('',(#4097,#4098,#4099,#4100,#4101,#4102,#4103,#4104));
#1009=EDGE_LOOP('',(#4105,#4106,#4107,#4108,#4109,#4110));
#1010=EDGE_LOOP('',(#4111,#4112,#4113));
#1011=EDGE_LOOP('',(#4114,#4115,#4116,#4117,#4118));
#1012=EDGE_LOOP('',(#4119,#4120,#4121,#4122));
#1013=EDGE_LOOP('',(#4123,#4124,#4125,#4126));
#1014=EDGE_LOOP('',(#4127,#4128,#4129,#4130,#4131));
#1015=EDGE_LOOP('',(#4132,#4133,#4134,#4135,#4136,#4137));
#1016=EDGE_LOOP('',(#4138,#4139,#4140,#4141,#4142));
#1017=EDGE_LOOP('',(#4143,#4144,#4145,#4146,#4147,#4148));
#1018=EDGE_LOOP('',(#4149,#4150,#4151,#4152,#4153,#4154,#4155,#4156));
#1019=EDGE_LOOP('',(#4157,#4158,#4159,#4160));
#1020=EDGE_LOOP('',(#4161,#4162,#4163));
#1021=EDGE_LOOP('',(#4164,#4165,#4166));
#1022=EDGE_LOOP('',(#4167,#4168,#4169,#4170,#4171,#4172));
#1023=EDGE_LOOP('',(#4173,#4174,#4175,#4176,#4177,#4178,#4179,#4180));
#1024=EDGE_LOOP('',(#4181,#4182,#4183,#4184,#4185,#4186));
#1025=EDGE_LOOP('',(#4187,#4188,#4189,#4190,#4191,#4192,#4193,#4194,#4195,
#4196,#4197,#4198,#4199,#4200,#4201,#4202));
#1026=EDGE_LOOP('',(#4203,#4204,#4205,#4206,#4207,#4208,#4209));
#1027=EDGE_LOOP('',(#4210,#4211,#4212,#4213,#4214,#4215));
#1028=EDGE_LOOP('',(#4216,#4217,#4218,#4219,#4220,#4221));
#1029=EDGE_LOOP('',(#4222,#4223,#4224,#4225,#4226));
#1030=EDGE_LOOP('',(#4227,#4228,#4229,#4230,#4231,#4232));
#1031=EDGE_LOOP('',(#4233,#4234,#4235,#4236,#4237));
#1032=EDGE_LOOP('',(#4238,#4239,#4240,#4241,#4242,#4243));
#1033=EDGE_LOOP('',(#4244,#4245,#4246,#4247));
#1034=EDGE_LOOP('',(#4248,#4249,#4250,#4251,#4252));
#1035=EDGE_LOOP('',(#4253,#4254,#4255,#4256,#4257));
#1036=EDGE_LOOP('',(#4258,#4259,#4260));
#1037=EDGE_LOOP('',(#4261,#4262,#4263,#4264));
#1038=EDGE_LOOP('',(#4265,#4266,#4267,#4268));
#1039=EDGE_LOOP('',(#4269,#4270,#4271,#4272));
#1040=EDGE_LOOP('',(#4273,#4274,#4275,#4276));
#1041=EDGE_LOOP('',(#4277,#4278,#4279,#4280,#4281,#4282));
#1042=EDGE_LOOP('',(#4283,#4284,#4285,#4286,#4287));
#1043=EDGE_LOOP('',(#4288,#4289,#4290,#4291,#4292));
#1044=EDGE_LOOP('',(#4293,#4294,#4295,#4296));
#1045=EDGE_LOOP('',(#4297,#4298,#4299,#4300,#4301));
#1046=EDGE_LOOP('',(#4302,#4303,#4304,#4305));
#1047=EDGE_LOOP('',(#4306,#4307,#4308,#4309,#4310,#4311,#4312));
#1048=EDGE_LOOP('',(#4313,#4314,#4315,#4316));
#1049=EDGE_LOOP('',(#4317,#4318,#4319,#4320,#4321));
#1050=EDGE_LOOP('',(#4322,#4323,#4324,#4325,#4326));
#1051=EDGE_LOOP('',(#4327,#4328,#4329,#4330,#4331));
#1052=EDGE_LOOP('',(#4332,#4333,#4334,#4335,#4336));
#1053=EDGE_LOOP('',(#4337,#4338,#4339,#4340,#4341,#4342));
#1054=EDGE_LOOP('',(#4343,#4344,#4345,#4346,#4347,#4348,#4349));
#1055=EDGE_LOOP('',(#4350,#4351,#4352,#4353,#4354,#4355,#4356,#4357));
#1056=EDGE_LOOP('',(#4358,#4359,#4360,#4361));
#1057=EDGE_LOOP('',(#4362,#4363,#4364));
#1058=EDGE_LOOP('',(#4365,#4366,#4367,#4368));
#1059=EDGE_LOOP('',(#4369,#4370,#4371));
#1060=EDGE_LOOP('',(#4372,#4373,#4374,#4375,#4376,#4377,#4378,#4379));
#1061=EDGE_LOOP('',(#4380,#4381,#4382,#4383));
#1062=EDGE_LOOP('',(#4384,#4385,#4386,#4387,#4388,#4389));
#1063=EDGE_LOOP('',(#4390,#4391,#4392,#4393,#4394,#4395));
#1064=EDGE_LOOP('',(#4396,#4397,#4398,#4399,#4400,#4401,#4402,#4403));
#1065=EDGE_LOOP('',(#4404,#4405,#4406));
#1066=EDGE_LOOP('',(#4407,#4408,#4409,#4410,#4411,#4412,#4413));
#1067=EDGE_LOOP('',(#4414,#4415,#4416,#4417,#4418,#4419,#4420,#4421,#4422,
#4423,#4424));
#1068=EDGE_LOOP('',(#4425,#4426,#4427,#4428));
#1069=EDGE_LOOP('',(#4429,#4430,#4431,#4432));
#1070=EDGE_LOOP('',(#4433,#4434,#4435,#4436));
#1071=EDGE_LOOP('',(#4437,#4438,#4439,#4440));
#1072=EDGE_LOOP('',(#4441,#4442,#4443,#4444,#4445,#4446,#4447,#4448,#4449,
#4450,#4451,#4452,#4453,#4454,#4455,#4456,#4457,#4458,#4459,#4460,#4461,
#4462,#4463,#4464));
#1073=EDGE_LOOP('',(#4465,#4466,#4467,#4468));
#1074=EDGE_LOOP('',(#4469,#4470,#4471,#4472));
#1075=EDGE_LOOP('',(#4473,#4474,#4475,#4476,#4477,#4478,#4479));
#1076=EDGE_LOOP('',(#4480,#4481,#4482));
#1077=EDGE_LOOP('',(#4483,#4484,#4485,#4486,#4487,#4488,#4489,#4490));
#1078=EDGE_LOOP('',(#4491,#4492,#4493,#4494,#4495,#4496));
#1079=EDGE_LOOP('',(#4497,#4498,#4499,#4500));
#1080=EDGE_LOOP('',(#4501,#4502,#4503,#4504));
#1081=EDGE_LOOP('',(#4505,#4506,#4507,#4508,#4509,#4510));
#1082=EDGE_LOOP('',(#4511,#4512,#4513,#4514));
#1083=EDGE_LOOP('',(#4515,#4516,#4517,#4518,#4519,#4520));
#1084=EDGE_LOOP('',(#4521,#4522,#4523,#4524));
#1085=EDGE_LOOP('',(#4525,#4526,#4527,#4528));
#1086=EDGE_LOOP('',(#4529,#4530,#4531,#4532,#4533,#4534,#4535));
#1087=EDGE_LOOP('',(#4536,#4537,#4538,#4539,#4540,#4541,#4542,#4543));
#1088=EDGE_LOOP('',(#4544,#4545,#4546,#4547,#4548));
#1089=EDGE_LOOP('',(#4549,#4550,#4551,#4552,#4553,#4554,#4555,#4556,#4557));
#1090=EDGE_LOOP('',(#4558,#4559,#4560,#4561));
#1091=EDGE_LOOP('',(#4562,#4563,#4564,#4565,#4566));
#1092=EDGE_LOOP('',(#4567,#4568,#4569,#4570,#4571,#4572));
#1093=EDGE_LOOP('',(#4573,#4574,#4575));
#1094=EDGE_LOOP('',(#4576,#4577,#4578,#4579,#4580));
#1095=EDGE_LOOP('',(#4581,#4582,#4583,#4584,#4585));
#1096=EDGE_LOOP('',(#4586,#4587,#4588,#4589,#4590));
#1097=EDGE_LOOP('',(#4591,#4592,#4593,#4594));
#1098=EDGE_LOOP('',(#4595,#4596,#4597,#4598,#4599,#4600,#4601,#4602,#4603,
#4604));
#1099=EDGE_LOOP('',(#4605,#4606,#4607));
#1100=EDGE_LOOP('',(#4608,#4609,#4610,#4611,#4612,#4613));
#1101=EDGE_LOOP('',(#4614,#4615,#4616,#4617));
#1102=EDGE_LOOP('',(#4618,#4619,#4620,#4621,#4622));
#1103=EDGE_LOOP('',(#4623,#4624,#4625,#4626));
#1104=EDGE_LOOP('',(#4627,#4628,#4629,#4630,#4631));
#1105=EDGE_LOOP('',(#4632,#4633,#4634));
#1106=EDGE_LOOP('',(#4635,#4636,#4637,#4638,#4639,#4640,#4641,#4642,#4643,
#4644));
#1107=EDGE_LOOP('',(#4645,#4646,#4647,#4648));
#1108=LINE('',#5793,#1450);
#1109=LINE('',#5795,#1451);
#1110=LINE('',#5797,#1452);
#1111=LINE('',#5798,#1453);
#1112=LINE('',#5801,#1454);
#1113=LINE('',#5803,#1455);
#1114=LINE('',#5804,#1456);
#1115=LINE('',#5807,#1457);
#1116=LINE('',#5809,#1458);
#1117=LINE('',#5811,#1459);
#1118=LINE('',#5818,#1460);
#1119=LINE('',#5824,#1461);
#1120=LINE('',#5827,#1462);
#1121=LINE('',#5837,#1463);
#1122=LINE('',#5852,#1464);
#1123=LINE('',#5854,#1465);
#1124=LINE('',#5855,#1466);
#1125=LINE('',#5859,#1467);
#1126=LINE('',#5861,#1468);
#1127=LINE('',#5863,#1469);
#1128=LINE('',#5864,#1470);
#1129=LINE('',#5903,#1471);
#1130=LINE('',#5904,#1472);
#1131=LINE('',#5907,#1473);
#1132=LINE('',#5925,#1474);
#1133=LINE('',#5926,#1475);
#1134=LINE('',#5929,#1476);
#1135=LINE('',#5931,#1477);
#1136=LINE('',#5932,#1478);
#1137=LINE('',#5935,#1479);
#1138=LINE('',#5947,#1480);
#1139=LINE('',#5953,#1481);
#1140=LINE('',#5956,#1482);
#1141=LINE('',#5958,#1483);
#1142=LINE('',#5959,#1484);
#1143=LINE('',#5961,#1485);
#1144=LINE('',#5963,#1486);
#1145=LINE('',#5964,#1487);
#1146=LINE('',#5967,#1488);
#1147=LINE('',#5969,#1489);
#1148=LINE('',#5970,#1490);
#1149=LINE('',#5971,#1491);
#1150=LINE('',#5973,#1492);
#1151=LINE('',#5976,#1493);
#1152=LINE('',#5977,#1494);
#1153=LINE('',#5980,#1495);
#1154=LINE('',#5982,#1496);
#1155=LINE('',#5989,#1497);
#1156=LINE('',#6000,#1498);
#1157=LINE('',#6003,#1499);
#1158=LINE('',#6010,#1500);
#1159=LINE('',#6017,#1501);
#1160=LINE('',#6019,#1502);
#1161=LINE('',#6020,#1503);
#1162=LINE('',#6022,#1504);
#1163=LINE('',#6023,#1505);
#1164=LINE('',#6026,#1506);
#1165=LINE('',#6038,#1507);
#1166=LINE('',#6057,#1508);
#1167=LINE('',#6060,#1509);
#1168=LINE('',#6082,#1510);
#1169=LINE('',#6083,#1511);
#1170=LINE('',#6086,#1512);
#1171=LINE('',#6088,#1513);
#1172=LINE('',#6090,#1514);
#1173=LINE('',#6097,#1515);
#1174=LINE('',#6109,#1516);
#1175=LINE('',#6110,#1517);
#1176=LINE('',#6111,#1518);
#1177=LINE('',#6112,#1519);
#1178=LINE('',#6114,#1520);
#1179=LINE('',#6116,#1521);
#1180=LINE('',#6133,#1522);
#1181=LINE('',#6278,#1523);
#1182=LINE('',#6350,#1524);
#1183=LINE('',#6369,#1525);
#1184=LINE('',#6388,#1526);
#1185=LINE('',#6422,#1527);
#1186=LINE('',#6423,#1528);
#1187=LINE('',#6436,#1529);
#1188=LINE('',#6489,#1530);
#1189=LINE('',#6538,#1531);
#1190=LINE('',#6540,#1532);
#1191=LINE('',#6542,#1533);
#1192=LINE('',#6543,#1534);
#1193=LINE('',#6546,#1535);
#1194=LINE('',#6547,#1536);
#1195=LINE('',#6555,#1537);
#1196=LINE('',#6557,#1538);
#1197=LINE('',#6559,#1539);
#1198=LINE('',#6582,#1540);
#1199=LINE('',#6583,#1541);
#1200=LINE('',#6585,#1542);
#1201=LINE('',#6596,#1543);
#1202=LINE('',#6606,#1544);
#1203=LINE('',#6698,#1545);
#1204=LINE('',#6714,#1546);
#1205=LINE('',#6756,#1547);
#1206=LINE('',#6828,#1548);
#1207=LINE('',#6830,#1549);
#1208=LINE('',#6836,#1550);
#1209=LINE('',#6880,#1551);
#1210=LINE('',#6898,#1552);
#1211=LINE('',#6911,#1553);
#1212=LINE('',#6918,#1554);
#1213=LINE('',#6919,#1555);
#1214=LINE('',#6928,#1556);
#1215=LINE('',#6930,#1557);
#1216=LINE('',#6931,#1558);
#1217=LINE('',#6946,#1559);
#1218=LINE('',#6956,#1560);
#1219=LINE('',#6978,#1561);
#1220=LINE('',#7094,#1562);
#1221=LINE('',#7111,#1563);
#1222=LINE('',#7180,#1564);
#1223=LINE('',#7242,#1565);
#1224=LINE('',#7270,#1566);
#1225=LINE('',#7282,#1567);
#1226=LINE('',#7284,#1568);
#1227=LINE('',#7316,#1569);
#1228=LINE('',#7356,#1570);
#1229=LINE('',#7380,#1571);
#1230=LINE('',#7463,#1572);
#1231=LINE('',#7489,#1573);
#1232=LINE('',#7637,#1574);
#1233=LINE('',#7647,#1575);
#1234=LINE('',#7648,#1576);
#1235=LINE('',#7666,#1577);
#1236=LINE('',#7676,#1578);
#1237=LINE('',#7692,#1579);
#1238=LINE('',#7694,#1580);
#1239=LINE('',#7700,#1581);
#1240=LINE('',#7702,#1582);
#1241=LINE('',#7704,#1583);
#1242=LINE('',#7706,#1584);
#1243=LINE('',#7707,#1585);
#1244=LINE('',#7719,#1586);
#1245=LINE('',#7728,#1587);
#1246=LINE('',#7732,#1588);
#1247=LINE('',#7734,#1589);
#1248=LINE('',#7736,#1590);
#1249=LINE('',#7738,#1591);
#1250=LINE('',#7759,#1592);
#1251=LINE('',#7765,#1593);
#1252=LINE('',#7776,#1594);
#1253=LINE('',#7778,#1595);
#1254=LINE('',#7780,#1596);
#1255=LINE('',#7782,#1597);
#1256=LINE('',#7784,#1598);
#1257=LINE('',#7786,#1599);
#1258=LINE('',#7788,#1600);
#1259=LINE('',#7790,#1601);
#1260=LINE('',#7805,#1602);
#1261=LINE('',#7806,#1603);
#1262=LINE('',#7823,#1604);
#1263=LINE('',#7825,#1605);
#1264=LINE('',#7860,#1606);
#1265=LINE('',#7864,#1607);
#1266=LINE('',#7879,#1608);
#1267=LINE('',#7881,#1609);
#1268=LINE('',#7883,#1610);
#1269=LINE('',#7885,#1611);
#1270=LINE('',#7886,#1612);
#1271=LINE('',#7890,#1613);
#1272=LINE('',#7892,#1614);
#1273=LINE('',#7893,#1615);
#1274=LINE('',#7895,#1616);
#1275=LINE('',#7926,#1617);
#1276=LINE('',#7948,#1618);
#1277=LINE('',#7949,#1619);
#1278=LINE('',#7970,#1620);
#1279=LINE('',#7999,#1621);
#1280=LINE('',#8001,#1622);
#1281=LINE('',#8008,#1623);
#1282=LINE('',#8010,#1624);
#1283=LINE('',#8012,#1625);
#1284=LINE('',#8014,#1626);
#1285=LINE('',#8024,#1627);
#1286=LINE('',#8026,#1628);
#1287=LINE('',#8028,#1629);
#1288=LINE('',#8029,#1630);
#1289=LINE('',#8068,#1631);
#1290=LINE('',#8131,#1632);
#1291=LINE('',#8140,#1633);
#1292=LINE('',#8168,#1634);
#1293=LINE('',#8180,#1635);
#1294=LINE('',#8182,#1636);
#1295=LINE('',#8183,#1637);
#1296=LINE('',#8191,#1638);
#1297=LINE('',#8214,#1639);
#1298=LINE('',#8251,#1640);
#1299=LINE('',#8290,#1641);
#1300=LINE('',#8346,#1642);
#1301=LINE('',#8356,#1643);
#1302=LINE('',#8375,#1644);
#1303=LINE('',#8377,#1645);
#1304=LINE('',#8378,#1646);
#1305=LINE('',#8379,#1647);
#1306=LINE('',#8381,#1648);
#1307=LINE('',#8390,#1649);
#1308=LINE('',#8393,#1650);
#1309=LINE('',#8395,#1651);
#1310=LINE('',#8396,#1652);
#1311=LINE('',#8399,#1653);
#1312=LINE('',#8401,#1654);
#1313=LINE('',#8402,#1655);
#1314=LINE('',#8423,#1656);
#1315=LINE('',#8433,#1657);
#1316=LINE('',#8435,#1658);
#1317=LINE('',#8463,#1659);
#1318=LINE('',#8472,#1660);
#1319=LINE('',#8499,#1661);
#1320=LINE('',#8503,#1662);
#1321=LINE('',#8504,#1663);
#1322=LINE('',#8505,#1664);
#1323=LINE('',#8512,#1665);
#1324=LINE('',#8513,#1666);
#1325=LINE('',#8530,#1667);
#1326=LINE('',#8662,#1668);
#1327=LINE('',#8746,#1669);
#1328=LINE('',#8758,#1670);
#1329=LINE('',#8778,#1671);
#1330=LINE('',#8780,#1672);
#1331=LINE('',#8938,#1673);
#1332=LINE('',#9011,#1674);
#1333=LINE('',#9045,#1675);
#1334=LINE('',#9084,#1676);
#1335=LINE('',#9120,#1677);
#1336=LINE('',#9147,#1678);
#1337=LINE('',#9151,#1679);
#1338=LINE('',#9160,#1680);
#1339=LINE('',#9161,#1681);
#1340=LINE('',#9189,#1682);
#1341=LINE('',#9201,#1683);
#1342=LINE('',#9202,#1684);
#1343=LINE('',#9204,#1685);
#1344=LINE('',#9206,#1686);
#1345=LINE('',#9215,#1687);
#1346=LINE('',#9216,#1688);
#1347=LINE('',#9218,#1689);
#1348=LINE('',#9232,#1690);
#1349=LINE('',#9238,#1691);
#1350=LINE('',#9242,#1692);
#1351=LINE('',#9243,#1693);
#1352=LINE('',#9245,#1694);
#1353=LINE('',#9246,#1695);
#1354=LINE('',#9270,#1696);
#1355=LINE('',#9285,#1697);
#1356=LINE('',#9286,#1698);
#1357=LINE('',#9295,#1699);
#1358=LINE('',#9302,#1700);
#1359=LINE('',#9314,#1701);
#1360=LINE('',#9329,#1702);
#1361=LINE('',#9331,#1703);
#1362=LINE('',#9332,#1704);
#1363=LINE('',#9368,#1705);
#1364=LINE('',#9419,#1706);
#1365=LINE('',#9525,#1707);
#1366=LINE('',#9531,#1708);
#1367=LINE('',#9537,#1709);
#1368=LINE('',#9540,#1710);
#1369=LINE('',#9555,#1711);
#1370=LINE('',#9557,#1712);
#1371=LINE('',#9561,#1713);
#1372=LINE('',#9607,#1714);
#1373=LINE('',#9617,#1715);
#1374=LINE('',#9631,#1716);
#1375=LINE('',#9639,#1717);
#1376=LINE('',#9644,#1718);
#1377=LINE('',#9682,#1719);
#1378=LINE('',#9689,#1720);
#1379=LINE('',#9705,#1721);
#1380=LINE('',#9712,#1722);
#1381=LINE('',#9713,#1723);
#1382=LINE('',#9714,#1724);
#1383=LINE('',#9724,#1725);
#1384=LINE('',#9755,#1726);
#1385=LINE('',#9757,#1727);
#1386=LINE('',#9758,#1728);
#1387=LINE('',#9763,#1729);
#1388=LINE('',#9772,#1730);
#1389=LINE('',#9931,#1731);
#1390=LINE('',#9951,#1732);
#1391=LINE('',#9962,#1733);
#1392=LINE('',#9979,#1734);
#1393=LINE('',#9980,#1735);
#1394=LINE('',#9982,#1736);
#1395=LINE('',#9984,#1737);
#1396=LINE('',#10023,#1738);
#1397=LINE('',#10041,#1739);
#1398=LINE('',#10144,#1740);
#1399=LINE('',#10145,#1741);
#1400=LINE('',#10242,#1742);
#1401=LINE('',#10254,#1743);
#1402=LINE('',#10261,#1744);
#1403=LINE('',#10289,#1745);
#1404=LINE('',#10291,#1746);
#1405=LINE('',#10293,#1747);
#1406=LINE('',#10294,#1748);
#1407=LINE('',#10305,#1749);
#1408=LINE('',#10316,#1750);
#1409=LINE('',#10318,#1751);
#1410=LINE('',#10329,#1752);
#1411=LINE('',#10331,#1753);
#1412=LINE('',#10342,#1754);
#1413=LINE('',#10353,#1755);
#1414=LINE('',#10354,#1756);
#1415=LINE('',#10365,#1757);
#1416=LINE('',#10377,#1758);
#1417=LINE('',#10379,#1759);
#1418=LINE('',#10380,#1760);
#1419=LINE('',#10391,#1761);
#1420=LINE('',#10393,#1762);
#1421=LINE('',#10414,#1763);
#1422=LINE('',#10429,#1764);
#1423=LINE('',#10440,#1765);
#1424=LINE('',#10444,#1766);
#1425=LINE('',#10446,#1767);
#1426=LINE('',#10447,#1768);
#1427=LINE('',#10459,#1769);
#1428=LINE('',#10470,#1770);
#1429=LINE('',#10485,#1771);
#1430=LINE('',#10506,#1772);
#1431=LINE('',#10524,#1773);
#1432=LINE('',#10528,#1774);
#1433=LINE('',#10529,#1775);
#1434=LINE('',#10571,#1776);
#1435=LINE('',#10582,#1777);
#1436=LINE('',#10586,#1778);
#1437=LINE('',#10598,#1779);
#1438=LINE('',#10610,#1780);
#1439=LINE('',#10612,#1781);
#1440=LINE('',#10614,#1782);
#1441=LINE('',#10626,#1783);
#1442=LINE('',#10647,#1784);
#1443=LINE('',#10658,#1785);
#1444=LINE('',#10704,#1786);
#1445=LINE('',#10756,#1787);
#1446=LINE('',#10772,#1788);
#1447=LINE('',#10816,#1789);
#1448=LINE('',#10875,#1790);
#1449=LINE('',#10886,#1791);
#1450=VECTOR('',#5181,10.);
#1451=VECTOR('',#5182,10.);
#1452=VECTOR('',#5183,10.);
#1453=VECTOR('',#5184,10.);
#1454=VECTOR('',#5187,10.);
#1455=VECTOR('',#5188,10.);
#1456=VECTOR('',#5189,10.);
#1457=VECTOR('',#5192,10.);
#1458=VECTOR('',#5193,10.);
#1459=VECTOR('',#5194,10.);
#1460=VECTOR('',#5195,10.);
#1461=VECTOR('',#5196,10.);
#1462=VECTOR('',#5199,10.);
#1463=VECTOR('',#5200,10.);
#1464=VECTOR('',#5201,10.);
#1465=VECTOR('',#5202,10.);
#1466=VECTOR('',#5203,10.);
#1467=VECTOR('',#5206,10.);
#1468=VECTOR('',#5207,10.);
#1469=VECTOR('',#5208,10.);
#1470=VECTOR('',#5209,10.);
#1471=VECTOR('',#5210,10.);
#1472=VECTOR('',#5211,10.);
#1473=VECTOR('',#5214,10.);
#1474=VECTOR('',#5215,10.);
#1475=VECTOR('',#5216,10.);
#1476=VECTOR('',#5219,10.);
#1477=VECTOR('',#5220,10.);
#1478=VECTOR('',#5221,10.);
#1479=VECTOR('',#5224,10.);
#1480=VECTOR('',#5225,10.);
#1481=VECTOR('',#5226,10.);
#1482=VECTOR('',#5229,10.);
#1483=VECTOR('',#5230,10.);
#1484=VECTOR('',#5231,10.);
#1485=VECTOR('',#5232,10.);
#1486=VECTOR('',#5233,10.);
#1487=VECTOR('',#5234,10.);
#1488=VECTOR('',#5237,10.);
#1489=VECTOR('',#5238,10.);
#1490=VECTOR('',#5239,10.);
#1491=VECTOR('',#5240,10.);
#1492=VECTOR('',#5243,10.);
#1493=VECTOR('',#5246,10.);
#1494=VECTOR('',#5247,10.);
#1495=VECTOR('',#5250,10.);
#1496=VECTOR('',#5251,10.);
#1497=VECTOR('',#5252,10.);
#1498=VECTOR('',#5253,10.);
#1499=VECTOR('',#5256,10.);
#1500=VECTOR('',#5257,10.);
#1501=VECTOR('',#5258,10.);
#1502=VECTOR('',#5259,10.);
#1503=VECTOR('',#5260,10.);
#1504=VECTOR('',#5263,10.);
#1505=VECTOR('',#5264,10.);
#1506=VECTOR('',#5267,10.);
#1507=VECTOR('',#5268,10.);
#1508=VECTOR('',#5271,10.);
#1509=VECTOR('',#5274,10.);
#1510=VECTOR('',#5275,10.);
#1511=VECTOR('',#5276,10.);
#1512=VECTOR('',#5279,10.);
#1513=VECTOR('',#5280,10.);
#1514=VECTOR('',#5281,10.);
#1515=VECTOR('',#5282,10.);
#1516=VECTOR('',#5285,10.);
#1517=VECTOR('',#5286,10.);
#1518=VECTOR('',#5287,10.);
#1519=VECTOR('',#5288,10.);
#1520=VECTOR('',#5291,10.);
#1521=VECTOR('',#5294,10.);
#1522=VECTOR('',#5295,10.);
#1523=VECTOR('',#5298,10.);
#1524=VECTOR('',#5301,10.);
#1525=VECTOR('',#5302,10.);
#1526=VECTOR('',#5303,10.);
#1527=VECTOR('',#5306,10.);
#1528=VECTOR('',#5307,10.);
#1529=VECTOR('',#5310,10.);
#1530=VECTOR('',#5311,10.);
#1531=VECTOR('',#5314,10.);
#1532=VECTOR('',#5315,10.);
#1533=VECTOR('',#5316,10.);
#1534=VECTOR('',#5317,10.);
#1535=VECTOR('',#5320,10.);
#1536=VECTOR('',#5321,10.);
#1537=VECTOR('',#5324,10.);
#1538=VECTOR('',#5325,10.);
#1539=VECTOR('',#5326,10.);
#1540=VECTOR('',#5329,10.);
#1541=VECTOR('',#5330,10.);
#1542=VECTOR('',#5331,10.);
#1543=VECTOR('',#5332,10.);
#1544=VECTOR('',#5333,10.);
#1545=VECTOR('',#5338,10.);
#1546=VECTOR('',#5341,10.);
#1547=VECTOR('',#5344,10.);
#1548=VECTOR('',#5347,10.);
#1549=VECTOR('',#5348,10.);
#1550=VECTOR('',#5349,10.);
#1551=VECTOR('',#5350,10.);
#1552=VECTOR('',#5351,10.);
#1553=VECTOR('',#5354,10.);
#1554=VECTOR('',#5355,10.);
#1555=VECTOR('',#5356,10.);
#1556=VECTOR('',#5359,10.);
#1557=VECTOR('',#5360,10.);
#1558=VECTOR('',#5361,10.);
#1559=VECTOR('',#5364,10.);
#1560=VECTOR('',#5365,10.);
#1561=VECTOR('',#5368,10.);
#1562=VECTOR('',#5371,10.);
#1563=VECTOR('',#5372,10.);
#1564=VECTOR('',#5373,10.);
#1565=VECTOR('',#5374,10.);
#1566=VECTOR('',#5379,10.);
#1567=VECTOR('',#5382,10.);
#1568=VECTOR('',#5385,10.);
#1569=VECTOR('',#5386,10.);
#1570=VECTOR('',#5389,10.);
#1571=VECTOR('',#5390,10.);
#1572=VECTOR('',#5391,10.);
#1573=VECTOR('',#5394,10.);
#1574=VECTOR('',#5397,10.);
#1575=VECTOR('',#5400,10.);
#1576=VECTOR('',#5401,10.);
#1577=VECTOR('',#5402,10.);
#1578=VECTOR('',#5403,10.);
#1579=VECTOR('',#5406,10.);
#1580=VECTOR('',#5407,10.);
#1581=VECTOR('',#5408,10.);
#1582=VECTOR('',#5409,10.);
#1583=VECTOR('',#5410,10.);
#1584=VECTOR('',#5411,10.);
#1585=VECTOR('',#5412,10.);
#1586=VECTOR('',#5415,10.);
#1587=VECTOR('',#5416,10.);
#1588=VECTOR('',#5419,10.);
#1589=VECTOR('',#5420,10.);
#1590=VECTOR('',#5421,10.);
#1591=VECTOR('',#5422,10.);
#1592=VECTOR('',#5425,10.);
#1593=VECTOR('',#5426,10.);
#1594=VECTOR('',#5429,10.);
#1595=VECTOR('',#5430,10.);
#1596=VECTOR('',#5431,10.);
#1597=VECTOR('',#5432,10.);
#1598=VECTOR('',#5433,10.);
#1599=VECTOR('',#5434,10.);
#1600=VECTOR('',#5435,10.);
#1601=VECTOR('',#5436,10.);
#1602=VECTOR('',#5437,10.);
#1603=VECTOR('',#5438,10.);
#1604=VECTOR('',#5439,10.);
#1605=VECTOR('',#5440,10.);
#1606=VECTOR('',#5443,10.);
#1607=VECTOR('',#5446,10.);
#1608=VECTOR('',#5447,10.);
#1609=VECTOR('',#5448,10.);
#1610=VECTOR('',#5449,10.);
#1611=VECTOR('',#5450,10.);
#1612=VECTOR('',#5451,10.);
#1613=VECTOR('',#5454,10.);
#1614=VECTOR('',#5455,10.);
#1615=VECTOR('',#5456,10.);
#1616=VECTOR('',#5457,10.);
#1617=VECTOR('',#5458,10.);
#1618=VECTOR('',#5461,10.);
#1619=VECTOR('',#5462,10.);
#1620=VECTOR('',#5463,10.);
#1621=VECTOR('',#5466,10.);
#1622=VECTOR('',#5467,10.);
#1623=VECTOR('',#5468,10.);
#1624=VECTOR('',#5469,10.);
#1625=VECTOR('',#5470,10.);
#1626=VECTOR('',#5471,10.);
#1627=VECTOR('',#5472,10.);
#1628=VECTOR('',#5473,10.);
#1629=VECTOR('',#5474,10.);
#1630=VECTOR('',#5475,10.);
#1631=VECTOR('',#5476,10.);
#1632=VECTOR('',#5477,10.);
#1633=VECTOR('',#5478,10.);
#1634=VECTOR('',#5479,10.);
#1635=VECTOR('',#5482,10.);
#1636=VECTOR('',#5483,10.);
#1637=VECTOR('',#5484,10.);
#1638=VECTOR('',#5487,10.);
#1639=VECTOR('',#5488,10.);
#1640=VECTOR('',#5489,10.);
#1641=VECTOR('',#5490,10.);
#1642=VECTOR('',#5491,10.);
#1643=VECTOR('',#5492,10.);
#1644=VECTOR('',#5495,10.);
#1645=VECTOR('',#5496,10.);
#1646=VECTOR('',#5497,10.);
#1647=VECTOR('',#5498,10.);
#1648=VECTOR('',#5499,10.);
#1649=VECTOR('',#5500,10.);
#1650=VECTOR('',#5503,10.);
#1651=VECTOR('',#5504,10.);
#1652=VECTOR('',#5505,10.);
#1653=VECTOR('',#5508,10.);
#1654=VECTOR('',#5509,10.);
#1655=VECTOR('',#5510,10.);
#1656=VECTOR('',#5511,10.);
#1657=VECTOR('',#5514,10.);
#1658=VECTOR('',#5515,10.);
#1659=VECTOR('',#5516,10.);
#1660=VECTOR('',#5517,10.);
#1661=VECTOR('',#5518,10.);
#1662=VECTOR('',#5521,10.);
#1663=VECTOR('',#5522,10.);
#1664=VECTOR('',#5523,10.);
#1665=VECTOR('',#5526,10.);
#1666=VECTOR('',#5527,10.);
#1667=VECTOR('',#5528,10.);
#1668=VECTOR('',#5529,10.);
#1669=VECTOR('',#5534,10.);
#1670=VECTOR('',#5535,10.);
#1671=VECTOR('',#5538,10.);
#1672=VECTOR('',#5539,10.);
#1673=VECTOR('',#5542,10.);
#1674=VECTOR('',#5545,10.);
#1675=VECTOR('',#5546,10.);
#1676=VECTOR('',#5547,10.);
#1677=VECTOR('',#5548,10.);
#1678=VECTOR('',#5549,10.);
#1679=VECTOR('',#5552,10.);
#1680=VECTOR('',#5553,10.);
#1681=VECTOR('',#5554,10.);
#1682=VECTOR('',#5555,10.);
#1683=VECTOR('',#5558,10.);
#1684=VECTOR('',#5559,10.);
#1685=VECTOR('',#5560,10.);
#1686=VECTOR('',#5561,10.);
#1687=VECTOR('',#5562,10.);
#1688=VECTOR('',#5563,10.);
#1689=VECTOR('',#5564,10.);
#1690=VECTOR('',#5565,10.);
#1691=VECTOR('',#5566,10.);
#1692=VECTOR('',#5569,10.);
#1693=VECTOR('',#5570,10.);
#1694=VECTOR('',#5571,10.);
#1695=VECTOR('',#5572,10.);
#1696=VECTOR('',#5573,10.);
#1697=VECTOR('',#5576,10.);
#1698=VECTOR('',#5577,10.);
#1699=VECTOR('',#5580,10.);
#1700=VECTOR('',#5581,10.);
#1701=VECTOR('',#5584,10.);
#1702=VECTOR('',#5587,10.);
#1703=VECTOR('',#5588,10.);
#1704=VECTOR('',#5589,10.);
#1705=VECTOR('',#5590,10.);
#1706=VECTOR('',#5591,10.);
#1707=VECTOR('',#5594,10.);
#1708=VECTOR('',#5595,10.);
#1709=VECTOR('',#5596,10.);
#1710=VECTOR('',#5599,10.);
#1711=VECTOR('',#5600,10.);
#1712=VECTOR('',#5603,10.);
#1713=VECTOR('',#5606,10.);
#1714=VECTOR('',#5609,10.);
#1715=VECTOR('',#5610,10.);
#1716=VECTOR('',#5613,10.);
#1717=VECTOR('',#5616,10.);
#1718=VECTOR('',#5617,10.);
#1719=VECTOR('',#5618,10.);
#1720=VECTOR('',#5623,10.);
#1721=VECTOR('',#5626,10.);
#1722=VECTOR('',#5629,10.);
#1723=VECTOR('',#5630,10.);
#1724=VECTOR('',#5631,10.);
#1725=VECTOR('',#5634,10.);
#1726=VECTOR('',#5637,10.);
#1727=VECTOR('',#5638,10.);
#1728=VECTOR('',#5639,10.);
#1729=VECTOR('',#5640,10.);
#1730=VECTOR('',#5643,10.);
#1731=VECTOR('',#5646,10.);
#1732=VECTOR('',#5649,10.);
#1733=VECTOR('',#5650,10.);
#1734=VECTOR('',#5651,10.);
#1735=VECTOR('',#5652,10.);
#1736=VECTOR('',#5653,10.);
#1737=VECTOR('',#5654,10.);
#1738=VECTOR('',#5655,10.);
#1739=VECTOR('',#5658,10.);
#1740=VECTOR('',#5663,10.);
#1741=VECTOR('',#5664,10.);
#1742=VECTOR('',#5665,10.);
#1743=VECTOR('',#5670,10.);
#1744=VECTOR('',#5673,10.);
#1745=VECTOR('',#5674,10.);
#1746=VECTOR('',#5677,10.);
#1747=VECTOR('',#5680,10.);
#1748=VECTOR('',#5681,10.);
#1749=VECTOR('',#5682,10.);
#1750=VECTOR('',#5683,10.);
#1751=VECTOR('',#5686,10.);
#1752=VECTOR('',#5687,10.);
#1753=VECTOR('',#5690,10.);
#1754=VECTOR('',#5691,10.);
#1755=VECTOR('',#5692,10.);
#1756=VECTOR('',#5693,10.);
#1757=VECTOR('',#5694,10.);
#1758=VECTOR('',#5697,10.);
#1759=VECTOR('',#5700,10.);
#1760=VECTOR('',#5701,10.);
#1761=VECTOR('',#5702,10.);
#1762=VECTOR('',#5705,10.);
#1763=VECTOR('',#5706,10.);
#1764=VECTOR('',#5707,10.);
#1765=VECTOR('',#5708,10.);
#1766=VECTOR('',#5715,10.);
#1767=VECTOR('',#5718,10.);
#1768=VECTOR('',#5719,10.);
#1769=VECTOR('',#5722,10.);
#1770=VECTOR('',#5723,10.);
#1771=VECTOR('',#5724,10.);
#1772=VECTOR('',#5725,10.);
#1773=VECTOR('',#5730,10.);
#1774=VECTOR('',#5737,10.);
#1775=VECTOR('',#5738,10.);
#1776=VECTOR('',#5741,10.);
#1777=VECTOR('',#5742,10.);
#1778=VECTOR('',#5749,10.);
#1779=VECTOR('',#5752,10.);
#1780=VECTOR('',#5755,10.);
#1781=VECTOR('',#5758,10.);
#1782=VECTOR('',#5761,10.);
#1783=VECTOR('',#5764,10.);
#1784=VECTOR('',#5765,10.);
#1785=VECTOR('',#5766,10.);
#1786=VECTOR('',#5775,10.);
#1787=VECTOR('',#5778,10.);
#1788=VECTOR('',#5781,10.);
#1789=VECTOR('',#5782,10.);
#1790=VECTOR('',#5785,10.);
#1791=VECTOR('',#5786,10.);
#1792=VERTEX_POINT('',#5791);
#1793=VERTEX_POINT('',#5792);
#1794=VERTEX_POINT('',#5794);
#1795=VERTEX_POINT('',#5796);
#1796=VERTEX_POINT('',#5800);
#1797=VERTEX_POINT('',#5802);
#1798=VERTEX_POINT('',#5806);
#1799=VERTEX_POINT('',#5808);
#1800=VERTEX_POINT('',#5810);
#1801=VERTEX_POINT('',#5812);
#1802=VERTEX_POINT('',#5817);
#1803=VERTEX_POINT('',#5819);
#1804=VERTEX_POINT('',#5826);
#1805=VERTEX_POINT('',#5828);
#1806=VERTEX_POINT('',#5836);
#1807=VERTEX_POINT('',#5838);
#1808=VERTEX_POINT('',#5843);
#1809=VERTEX_POINT('',#5851);
#1810=VERTEX_POINT('',#5853);
#1811=VERTEX_POINT('',#5857);
#1812=VERTEX_POINT('',#5858);
#1813=VERTEX_POINT('',#5860);
#1814=VERTEX_POINT('',#5862);
#1815=VERTEX_POINT('',#5865);
#1816=VERTEX_POINT('',#5866);
#1817=VERTEX_POINT('',#5871);
#1818=VERTEX_POINT('',#5879);
#1819=VERTEX_POINT('',#5884);
#1820=VERTEX_POINT('',#5891);
#1821=VERTEX_POINT('',#5902);
#1822=VERTEX_POINT('',#5906);
#1823=VERTEX_POINT('',#5908);
#1824=VERTEX_POINT('',#5913);
#1825=VERTEX_POINT('',#5924);
#1826=VERTEX_POINT('',#5928);
#1827=VERTEX_POINT('',#5930);
#1828=VERTEX_POINT('',#5934);
#1829=VERTEX_POINT('',#5936);
#1830=VERTEX_POINT('',#5941);
#1831=VERTEX_POINT('',#5946);
#1832=VERTEX_POINT('',#5948);
#1833=VERTEX_POINT('',#5955);
#1834=VERTEX_POINT('',#5957);
#1835=VERTEX_POINT('',#5960);
#1836=VERTEX_POINT('',#5962);
#1837=VERTEX_POINT('',#5966);
#1838=VERTEX_POINT('',#5968);
#1839=VERTEX_POINT('',#5975);
#1840=VERTEX_POINT('',#5979);
#1841=VERTEX_POINT('',#5981);
#1842=VERTEX_POINT('',#5983);
#1843=VERTEX_POINT('',#5988);
#1844=VERTEX_POINT('',#5990);
#1845=VERTEX_POINT('',#5995);
#1846=VERTEX_POINT('',#6002);
#1847=VERTEX_POINT('',#6004);
#1848=VERTEX_POINT('',#6009);
#1849=VERTEX_POINT('',#6011);
#1850=VERTEX_POINT('',#6016);
#1851=VERTEX_POINT('',#6018);
#1852=VERTEX_POINT('',#6025);
#1853=VERTEX_POINT('',#6027);
#1854=VERTEX_POINT('',#6040);
#1855=VERTEX_POINT('',#6047);
#1856=VERTEX_POINT('',#6052);
#1857=VERTEX_POINT('',#6059);
#1858=VERTEX_POINT('',#6061);
#1859=VERTEX_POINT('',#6066);
#1860=VERTEX_POINT('',#6071);
#1861=VERTEX_POINT('',#6076);
#1862=VERTEX_POINT('',#6081);
#1863=VERTEX_POINT('',#6085);
#1864=VERTEX_POINT('',#6087);
#1865=VERTEX_POINT('',#6089);
#1866=VERTEX_POINT('',#6091);
#1867=VERTEX_POINT('',#6096);
#1868=VERTEX_POINT('',#6098);
#1869=VERTEX_POINT('',#6108);
#1870=VERTEX_POINT('',#6127);
#1871=VERTEX_POINT('',#6132);
#1872=VERTEX_POINT('',#6134);
#1873=VERTEX_POINT('',#6155);
#1874=VERTEX_POINT('',#6160);
#1875=VERTEX_POINT('',#6179);
#1876=VERTEX_POINT('',#6184);
#1877=VERTEX_POINT('',#6189);
#1878=VERTEX_POINT('',#6196);
#1879=VERTEX_POINT('',#6220);
#1880=VERTEX_POINT('',#6265);
#1881=VERTEX_POINT('',#6272);
#1882=VERTEX_POINT('',#6277);
#1883=VERTEX_POINT('',#6293);
#1884=VERTEX_POINT('',#6329);
#1885=VERTEX_POINT('',#6339);
#1886=VERTEX_POINT('',#6344);
#1887=VERTEX_POINT('',#6349);
#1888=VERTEX_POINT('',#6351);
#1889=VERTEX_POINT('',#6356);
#1890=VERTEX_POINT('',#6363);
#1891=VERTEX_POINT('',#6368);
#1892=VERTEX_POINT('',#6370);
#1893=VERTEX_POINT('',#6375);
#1894=VERTEX_POINT('',#6382);
#1895=VERTEX_POINT('',#6387);
#1896=VERTEX_POINT('',#6435);
#1897=VERTEX_POINT('',#6437);
#1898=VERTEX_POINT('',#6442);
#1899=VERTEX_POINT('',#6447);
#1900=VERTEX_POINT('',#6488);
#1901=VERTEX_POINT('',#6513);
#1902=VERTEX_POINT('',#6523);
#1903=VERTEX_POINT('',#6532);
#1904=VERTEX_POINT('',#6537);
#1905=VERTEX_POINT('',#6539);
#1906=VERTEX_POINT('',#6541);
#1907=VERTEX_POINT('',#6545);
#1908=VERTEX_POINT('',#6549);
#1909=VERTEX_POINT('',#6554);
#1910=VERTEX_POINT('',#6556);
#1911=VERTEX_POINT('',#6558);
#1912=VERTEX_POINT('',#6572);
#1913=VERTEX_POINT('',#6577);
#1914=VERTEX_POINT('',#6584);
#1915=VERTEX_POINT('',#6590);
#1916=VERTEX_POINT('',#6595);
#1917=VERTEX_POINT('',#6601);
#1918=VERTEX_POINT('',#6618);
#1919=VERTEX_POINT('',#6623);
#1920=VERTEX_POINT('',#6628);
#1921=VERTEX_POINT('',#6633);
#1922=VERTEX_POINT('',#6646);
#1923=VERTEX_POINT('',#6665);
#1924=VERTEX_POINT('',#6672);
#1925=VERTEX_POINT('',#6677);
#1926=VERTEX_POINT('',#6726);
#1927=VERTEX_POINT('',#6731);
#1928=VERTEX_POINT('',#6750);
#1929=VERTEX_POINT('',#6755);
#1930=VERTEX_POINT('',#6757);
#1931=VERTEX_POINT('',#6762);
#1932=VERTEX_POINT('',#6770);
#1933=VERTEX_POINT('',#6795);
#1934=VERTEX_POINT('',#6796);
#1935=VERTEX_POINT('',#6801);
#1936=VERTEX_POINT('',#6806);
#1937=VERTEX_POINT('',#6814);
#1938=VERTEX_POINT('',#6822);
#1939=VERTEX_POINT('',#6827);
#1940=VERTEX_POINT('',#6829);
#1941=VERTEX_POINT('',#6831);
#1942=VERTEX_POINT('',#6847);
#1943=VERTEX_POINT('',#6870);
#1944=VERTEX_POINT('',#6875);
#1945=VERTEX_POINT('',#6891);
#1946=VERTEX_POINT('',#6892);
#1947=VERTEX_POINT('',#6897);
#1948=VERTEX_POINT('',#6899);
#1949=VERTEX_POINT('',#6909);
#1950=VERTEX_POINT('',#6910);
#1951=VERTEX_POINT('',#6912);
#1952=VERTEX_POINT('',#6917);
#1953=VERTEX_POINT('',#6921);
#1954=VERTEX_POINT('',#6922);
#1955=VERTEX_POINT('',#6927);
#1956=VERTEX_POINT('',#6929);
#1957=VERTEX_POINT('',#6933);
#1958=VERTEX_POINT('',#6934);
#1959=VERTEX_POINT('',#6947);
#1960=VERTEX_POINT('',#6955);
#1961=VERTEX_POINT('',#6957);
#1962=VERTEX_POINT('',#6970);
#1963=VERTEX_POINT('',#6993);
#1964=VERTEX_POINT('',#7002);
#1965=VERTEX_POINT('',#7067);
#1966=VERTEX_POINT('',#7086);
#1967=VERTEX_POINT('',#7105);
#1968=VERTEX_POINT('',#7110);
#1969=VERTEX_POINT('',#7169);
#1970=VERTEX_POINT('',#7191);
#1971=VERTEX_POINT('',#7210);
#1972=VERTEX_POINT('',#7305);
#1973=VERTEX_POINT('',#7310);
#1974=VERTEX_POINT('',#7315);
#1975=VERTEX_POINT('',#7317);
#1976=VERTEX_POINT('',#7342);
#1977=VERTEX_POINT('',#7347);
#1978=VERTEX_POINT('',#7355);
#1979=VERTEX_POINT('',#7371);
#1980=VERTEX_POINT('',#7379);
#1981=VERTEX_POINT('',#7399);
#1982=VERTEX_POINT('',#7455);
#1983=VERTEX_POINT('',#7511);
#1984=VERTEX_POINT('',#7516);
#1985=VERTEX_POINT('',#7522);
#1986=VERTEX_POINT('',#7527);
#1987=VERTEX_POINT('',#7565);
#1988=VERTEX_POINT('',#7573);
#1989=VERTEX_POINT('',#7602);
#1990=VERTEX_POINT('',#7621);
#1991=VERTEX_POINT('',#7626);
#1992=VERTEX_POINT('',#7631);
#1993=VERTEX_POINT('',#7636);
#1994=VERTEX_POINT('',#7646);
#1995=VERTEX_POINT('',#7659);
#1996=VERTEX_POINT('',#7660);
#1997=VERTEX_POINT('',#7665);
#1998=VERTEX_POINT('',#7667);
#1999=VERTEX_POINT('',#7675);
#2000=VERTEX_POINT('',#7685);
#2001=VERTEX_POINT('',#7686);
#2002=VERTEX_POINT('',#7691);
#2003=VERTEX_POINT('',#7693);
#2004=VERTEX_POINT('',#7695);
#2005=VERTEX_POINT('',#7701);
#2006=VERTEX_POINT('',#7703);
#2007=VERTEX_POINT('',#7705);
#2008=VERTEX_POINT('',#7709);
#2009=VERTEX_POINT('',#7710);
#2010=VERTEX_POINT('',#7718);
#2011=VERTEX_POINT('',#7720);
#2012=VERTEX_POINT('',#7730);
#2013=VERTEX_POINT('',#7731);
#2014=VERTEX_POINT('',#7733);
#2015=VERTEX_POINT('',#7735);
#2016=VERTEX_POINT('',#7737);
#2017=VERTEX_POINT('',#7744);
#2018=VERTEX_POINT('',#7745);
#2019=VERTEX_POINT('',#7753);
#2020=VERTEX_POINT('',#7758);
#2021=VERTEX_POINT('',#7760);
#2022=VERTEX_POINT('',#7767);
#2023=VERTEX_POINT('',#7768);
#2024=VERTEX_POINT('',#7777);
#2025=VERTEX_POINT('',#7779);
#2026=VERTEX_POINT('',#7781);
#2027=VERTEX_POINT('',#7783);
#2028=VERTEX_POINT('',#7785);
#2029=VERTEX_POINT('',#7787);
#2030=VERTEX_POINT('',#7789);
#2031=VERTEX_POINT('',#7791);
#2032=VERTEX_POINT('',#7799);
#2033=VERTEX_POINT('',#7804);
#2034=VERTEX_POINT('',#7817);
#2035=VERTEX_POINT('',#7818);
#2036=VERTEX_POINT('',#7824);
#2037=VERTEX_POINT('',#7826);
#2038=VERTEX_POINT('',#7838);
#2039=VERTEX_POINT('',#7839);
#2040=VERTEX_POINT('',#7847);
#2041=VERTEX_POINT('',#7852);
#2042=VERTEX_POINT('',#7862);
#2043=VERTEX_POINT('',#7863);
#2044=VERTEX_POINT('',#7865);
#2045=VERTEX_POINT('',#7873);
#2046=VERTEX_POINT('',#7878);
#2047=VERTEX_POINT('',#7880);
#2048=VERTEX_POINT('',#7882);
#2049=VERTEX_POINT('',#7884);
#2050=VERTEX_POINT('',#7888);
#2051=VERTEX_POINT('',#7889);
#2052=VERTEX_POINT('',#7891);
#2053=VERTEX_POINT('',#7894);
#2054=VERTEX_POINT('',#7910);
#2055=VERTEX_POINT('',#7911);
#2056=VERTEX_POINT('',#7925);
#2057=VERTEX_POINT('',#7942);
#2058=VERTEX_POINT('',#7947);
#2059=VERTEX_POINT('',#7960);
#2060=VERTEX_POINT('',#7961);
#2061=VERTEX_POINT('',#7969);
#2062=VERTEX_POINT('',#7992);
#2063=VERTEX_POINT('',#7993);
#2064=VERTEX_POINT('',#7998);
#2065=VERTEX_POINT('',#8000);
#2066=VERTEX_POINT('',#8002);
#2067=VERTEX_POINT('',#8007);
#2068=VERTEX_POINT('',#8009);
#2069=VERTEX_POINT('',#8011);
#2070=VERTEX_POINT('',#8013);
#2071=VERTEX_POINT('',#8015);
#2072=VERTEX_POINT('',#8023);
#2073=VERTEX_POINT('',#8025);
#2074=VERTEX_POINT('',#8027);
#2075=VERTEX_POINT('',#8040);
#2076=VERTEX_POINT('',#8062);
#2077=VERTEX_POINT('',#8063);
#2078=VERTEX_POINT('',#8069);
#2079=VERTEX_POINT('',#8074);
#2080=VERTEX_POINT('',#8079);
#2081=VERTEX_POINT('',#8087);
#2082=VERTEX_POINT('',#8094);
#2083=VERTEX_POINT('',#8102);
#2084=VERTEX_POINT('',#8121);
#2085=VERTEX_POINT('',#8122);
#2086=VERTEX_POINT('',#8130);
#2087=VERTEX_POINT('',#8132);
#2088=VERTEX_POINT('',#8151);
#2089=VERTEX_POINT('',#8159);
#2090=VERTEX_POINT('',#8167);
#2091=VERTEX_POINT('',#8169);
#2092=VERTEX_POINT('',#8179);
#2093=VERTEX_POINT('',#8181);
#2094=VERTEX_POINT('',#8185);
#2095=VERTEX_POINT('',#8190);
#2096=VERTEX_POINT('',#8206);
#2097=VERTEX_POINT('',#8213);
#2098=VERTEX_POINT('',#8215);
#2099=VERTEX_POINT('',#8250);
#2100=VERTEX_POINT('',#8252);
#2101=VERTEX_POINT('',#8281);
#2102=VERTEX_POINT('',#8289);
#2103=VERTEX_POINT('',#8291);
#2104=VERTEX_POINT('',#8340);
#2105=VERTEX_POINT('',#8345);
#2106=VERTEX_POINT('',#8347);
#2107=VERTEX_POINT('',#8355);
#2108=VERTEX_POINT('',#8357);
#2109=VERTEX_POINT('',#8362);
#2110=VERTEX_POINT('',#8376);
#2111=VERTEX_POINT('',#8380);
#2112=VERTEX_POINT('',#8382);
#2113=VERTEX_POINT('',#8392);
#2114=VERTEX_POINT('',#8394);
#2115=VERTEX_POINT('',#8398);
#2116=VERTEX_POINT('',#8400);
#2117=VERTEX_POINT('',#8413);
#2118=VERTEX_POINT('',#8422);
#2119=VERTEX_POINT('',#8432);
#2120=VERTEX_POINT('',#8434);
#2121=VERTEX_POINT('',#8453);
#2122=VERTEX_POINT('',#8454);
#2123=VERTEX_POINT('',#8462);
#2124=VERTEX_POINT('',#8464);
#2125=VERTEX_POINT('',#8483);
#2126=VERTEX_POINT('',#8491);
#2127=VERTEX_POINT('',#8501);
#2128=VERTEX_POINT('',#8502);
#2129=VERTEX_POINT('',#8511);
#2130=VERTEX_POINT('',#8524);
#2131=VERTEX_POINT('',#8525);
#2132=VERTEX_POINT('',#8531);
#2133=VERTEX_POINT('',#8554);
#2134=VERTEX_POINT('',#8562);
#2135=VERTEX_POINT('',#8567);
#2136=VERTEX_POINT('',#8572);
#2137=VERTEX_POINT('',#8577);
#2138=VERTEX_POINT('',#8612);
#2139=VERTEX_POINT('',#8613);
#2140=VERTEX_POINT('',#8622);
#2141=VERTEX_POINT('',#8627);
#2142=VERTEX_POINT('',#8634);
#2143=VERTEX_POINT('',#8648);
#2144=VERTEX_POINT('',#8656);
#2145=VERTEX_POINT('',#8661);
#2146=VERTEX_POINT('',#8683);
#2147=VERTEX_POINT('',#8684);
#2148=VERTEX_POINT('',#8689);
#2149=VERTEX_POINT('',#8694);
#2150=VERTEX_POINT('',#8704);
#2151=VERTEX_POINT('',#8709);
#2152=VERTEX_POINT('',#8728);
#2153=VERTEX_POINT('',#8729);
#2154=VERTEX_POINT('',#8734);
#2155=VERTEX_POINT('',#8741);
#2156=VERTEX_POINT('',#8757);
#2157=VERTEX_POINT('',#8759);
#2158=VERTEX_POINT('',#8769);
#2159=VERTEX_POINT('',#8770);
#2160=VERTEX_POINT('',#8779);
#2161=VERTEX_POINT('',#8803);
#2162=VERTEX_POINT('',#8812);
#2163=VERTEX_POINT('',#8875);
#2164=VERTEX_POINT('',#8876);
#2165=VERTEX_POINT('',#8906);
#2166=VERTEX_POINT('',#8933);
#2167=VERTEX_POINT('',#8995);
#2168=VERTEX_POINT('',#8996);
#2169=VERTEX_POINT('',#9010);
#2170=VERTEX_POINT('',#9016);
#2171=VERTEX_POINT('',#9035);
#2172=VERTEX_POINT('',#9036);
#2173=VERTEX_POINT('',#9056);
#2174=VERTEX_POINT('',#9073);
#2175=VERTEX_POINT('',#9078);
#2176=VERTEX_POINT('',#9083);
#2177=VERTEX_POINT('',#9085);
#2178=VERTEX_POINT('',#9104);
#2179=VERTEX_POINT('',#9112);
#2180=VERTEX_POINT('',#9131);
#2181=VERTEX_POINT('',#9139);
#2182=VERTEX_POINT('',#9149);
#2183=VERTEX_POINT('',#9150);
#2184=VERTEX_POINT('',#9152);
#2185=VERTEX_POINT('',#9172);
#2186=VERTEX_POINT('',#9180);
#2187=VERTEX_POINT('',#9188);
#2188=VERTEX_POINT('',#9190);
#2189=VERTEX_POINT('',#9200);
#2190=VERTEX_POINT('',#9203);
#2191=VERTEX_POINT('',#9205);
#2192=VERTEX_POINT('',#9207);
#2193=VERTEX_POINT('',#9217);
#2194=VERTEX_POINT('',#9226);
#2195=VERTEX_POINT('',#9231);
#2196=VERTEX_POINT('',#9233);
#2197=VERTEX_POINT('',#9240);
#2198=VERTEX_POINT('',#9241);
#2199=VERTEX_POINT('',#9244);
#2200=VERTEX_POINT('',#9257);
#2201=VERTEX_POINT('',#9262);
#2202=VERTEX_POINT('',#9276);
#2203=VERTEX_POINT('',#9277);
#2204=VERTEX_POINT('',#9288);
#2205=VERTEX_POINT('',#9289);
#2206=VERTEX_POINT('',#9294);
#2207=VERTEX_POINT('',#9296);
#2208=VERTEX_POINT('',#9301);
#2209=VERTEX_POINT('',#9308);
#2210=VERTEX_POINT('',#9313);
#2211=VERTEX_POINT('',#9315);
#2212=VERTEX_POINT('',#9328);
#2213=VERTEX_POINT('',#9330);
#2214=VERTEX_POINT('',#9343);
#2215=VERTEX_POINT('',#9344);
#2216=VERTEX_POINT('',#9367);
#2217=VERTEX_POINT('',#9411);
#2218=VERTEX_POINT('',#9418);
#2219=VERTEX_POINT('',#9448);
#2220=VERTEX_POINT('',#9460);
#2221=VERTEX_POINT('',#9500);
#2222=VERTEX_POINT('',#9511);
#2223=VERTEX_POINT('',#9524);
#2224=VERTEX_POINT('',#9526);
#2225=VERTEX_POINT('',#9532);
#2226=VERTEX_POINT('',#9539);
#2227=VERTEX_POINT('',#9545);
#2228=VERTEX_POINT('',#9550);
#2229=VERTEX_POINT('',#9559);
#2230=VERTEX_POINT('',#9560);
#2231=VERTEX_POINT('',#9583);
#2232=VERTEX_POINT('',#9591);
#2233=VERTEX_POINT('',#9596);
#2234=VERTEX_POINT('',#9606);
#2235=VERTEX_POINT('',#9608);
#2236=VERTEX_POINT('',#9616);
#2237=VERTEX_POINT('',#9630);
#2238=VERTEX_POINT('',#9637);
#2239=VERTEX_POINT('',#9638);
#2240=VERTEX_POINT('',#9669);
#2241=VERTEX_POINT('',#9670);
#2242=VERTEX_POINT('',#9691);
#2243=VERTEX_POINT('',#9696);
#2244=VERTEX_POINT('',#9704);
#2245=VERTEX_POINT('',#9711);
#2246=VERTEX_POINT('',#9716);
#2247=VERTEX_POINT('',#9735);
#2248=VERTEX_POINT('',#9748);
#2249=VERTEX_POINT('',#9749);
#2250=VERTEX_POINT('',#9754);
#2251=VERTEX_POINT('',#9756);
#2252=VERTEX_POINT('',#9765);
#2253=VERTEX_POINT('',#9766);
#2254=VERTEX_POINT('',#9771);
#2255=VERTEX_POINT('',#9773);
#2256=VERTEX_POINT('',#9823);
#2257=VERTEX_POINT('',#9828);
#2258=VERTEX_POINT('',#9854);
#2259=VERTEX_POINT('',#9859);
#2260=VERTEX_POINT('',#9925);
#2261=VERTEX_POINT('',#9930);
#2262=VERTEX_POINT('',#9932);
#2263=VERTEX_POINT('',#9942);
#2264=VERTEX_POINT('',#9950);
#2265=VERTEX_POINT('',#9956);
#2266=VERTEX_POINT('',#9961);
#2267=VERTEX_POINT('',#9970);
#2268=VERTEX_POINT('',#9978);
#2269=VERTEX_POINT('',#9981);
#2270=VERTEX_POINT('',#9983);
#2271=VERTEX_POINT('',#10002);
#2272=VERTEX_POINT('',#10003);
#2273=VERTEX_POINT('',#10015);
#2274=VERTEX_POINT('',#10031);
#2275=VERTEX_POINT('',#10036);
#2276=VERTEX_POINT('',#10052);
#2277=VERTEX_POINT('',#10102);
#2278=VERTEX_POINT('',#10110);
#2279=VERTEX_POINT('',#10118);
#2280=VERTEX_POINT('',#10131);
#2281=VERTEX_POINT('',#10132);
#2282=VERTEX_POINT('',#10137);
#2283=VERTEX_POINT('',#10163);
#2284=VERTEX_POINT('',#10186);
#2285=VERTEX_POINT('',#10187);
#2286=VERTEX_POINT('',#10220);
#2287=VERTEX_POINT('',#10225);
#2288=VERTEX_POINT('',#10253);
#2289=VERTEX_POINT('',#10260);
#2290=VERTEX_POINT('',#10673);
#2291=VERTEX_POINT('',#10678);
#2292=VERTEX_POINT('',#10698);
#2293=VERTEX_POINT('',#10703);
#2294=VERTEX_POINT('',#10705);
#2295=VERTEX_POINT('',#10725);
#2296=VERTEX_POINT('',#10730);
#2297=VERTEX_POINT('',#10738);
#2298=VERTEX_POINT('',#10748);
#2299=VERTEX_POINT('',#10758);
#2300=VERTEX_POINT('',#10763);
#2301=VERTEX_POINT('',#10771);
#2302=VERTEX_POINT('',#10787);
#2303=VERTEX_POINT('',#10806);
#2304=VERTEX_POINT('',#10811);
#2305=VERTEX_POINT('',#10859);
#2306=EDGE_CURVE('',#1792,#1793,#1108,.T.);
#2307=EDGE_CURVE('',#1792,#1794,#1109,.T.);
#2308=EDGE_CURVE('',#1795,#1794,#1110,.T.);
#2309=EDGE_CURVE('',#1795,#1793,#1111,.T.);
#2310=EDGE_CURVE('',#1796,#1792,#1112,.T.);
#2311=EDGE_CURVE('',#1797,#1796,#1113,.T.);
#2312=EDGE_CURVE('',#1794,#1797,#1114,.T.);
#2313=EDGE_CURVE('',#1793,#1798,#1115,.T.);
#2314=EDGE_CURVE('',#1798,#1799,#1116,.T.);
#2315=EDGE_CURVE('',#1799,#1800,#1117,.T.);
#2316=EDGE_CURVE('',#1801,#1800,#146,.T.);
#2317=EDGE_CURVE('',#1801,#1802,#1118,.T.);
#2318=EDGE_CURVE('',#1803,#1802,#147,.T.);
#2319=EDGE_CURVE('',#1803,#1792,#1119,.T.);
#2320=EDGE_CURVE('',#1792,#1804,#1120,.T.);
#2321=EDGE_CURVE('',#1805,#1804,#148,.T.);
#2322=EDGE_CURVE('',#1806,#1805,#1121,.T.);
#2323=EDGE_CURVE('',#1807,#1806,#149,.T.);
#2324=EDGE_CURVE('',#1808,#1807,#150,.T.);
#2325=EDGE_CURVE('',#1808,#1809,#1122,.T.);
#2326=EDGE_CURVE('',#1809,#1810,#1123,.T.);
#2327=EDGE_CURVE('',#1810,#1796,#1124,.T.);
#2328=EDGE_CURVE('',#1811,#1812,#1125,.T.);
#2329=EDGE_CURVE('',#1813,#1811,#1126,.T.);
#2330=EDGE_CURVE('',#1813,#1814,#1127,.T.);
#2331=EDGE_CURVE('',#1814,#1812,#1128,.T.);
#2332=EDGE_CURVE('',#1815,#1816,#151,.T.);
#2333=EDGE_CURVE('',#1817,#1815,#152,.T.);
#2334=EDGE_CURVE('',#1818,#1817,#153,.T.);
#2335=EDGE_CURVE('',#1819,#1818,#154,.T.);
#2336=EDGE_CURVE('',#1820,#1819,#155,.T.);
#2337=EDGE_CURVE('',#1816,#1820,#156,.T.);
#2338=EDGE_CURVE('',#1821,#1795,#1129,.T.);
#2339=EDGE_CURVE('',#1798,#1821,#1130,.T.);
#2340=EDGE_CURVE('',#1822,#1809,#1131,.F.);
#2341=EDGE_CURVE('',#1823,#1808,#157,.T.);
#2342=EDGE_CURVE('',#1824,#1823,#158,.T.);
#2343=EDGE_CURVE('',#1804,#1824,#159,.T.);
#2344=EDGE_CURVE('',#1825,#1792,#1132,.F.);
#2345=EDGE_CURVE('',#1822,#1825,#1133,.T.);
#2346=EDGE_CURVE('',#1797,#1826,#1134,.T.);
#2347=EDGE_CURVE('',#1826,#1827,#1135,.T.);
#2348=EDGE_CURVE('',#1827,#1794,#1136,.T.);
#2349=EDGE_CURVE('',#1794,#1828,#1137,.T.);
#2350=EDGE_CURVE('',#1829,#1828,#160,.T.);
#2351=EDGE_CURVE('',#1830,#1829,#161,.T.);
#2352=EDGE_CURVE('',#1830,#1831,#1138,.T.);
#2353=EDGE_CURVE('',#1832,#1831,#162,.T.);
#2354=EDGE_CURVE('',#1832,#1821,#1139,.T.);
#2355=EDGE_CURVE('',#1811,#1833,#1140,.T.);
#2356=EDGE_CURVE('',#1833,#1834,#1141,.T.);
#2357=EDGE_CURVE('',#1834,#1813,#1142,.T.);
#2358=EDGE_CURVE('',#1825,#1835,#1143,.T.);
#2359=EDGE_CURVE('',#1835,#1836,#1144,.T.);
#2360=EDGE_CURVE('',#1836,#1822,#1145,.T.);
#2361=EDGE_CURVE('',#1837,#1809,#1146,.T.);
#2362=EDGE_CURVE('',#1838,#1837,#1147,.T.);
#2363=EDGE_CURVE('',#1827,#1838,#1148,.T.);
#2364=EDGE_CURVE('',#1809,#1827,#1149,.T.);
#2365=EDGE_CURVE('',#1826,#1810,#1150,.T.);
#2366=EDGE_CURVE('',#1812,#1839,#1151,.T.);
#2367=EDGE_CURVE('',#1839,#1833,#1152,.T.);
#2368=EDGE_CURVE('',#1838,#1840,#1153,.T.);
#2369=EDGE_CURVE('',#1840,#1841,#1154,.T.);
#2370=EDGE_CURVE('',#1842,#1841,#163,.T.);
#2371=EDGE_CURVE('',#1842,#1843,#1155,.T.);
#2372=EDGE_CURVE('',#1844,#1843,#164,.T.);
#2373=EDGE_CURVE('',#1845,#1844,#165,.T.);
#2374=EDGE_CURVE('',#1845,#1827,#1156,.T.);
#2375=EDGE_CURVE('',#1809,#1846,#1157,.T.);
#2376=EDGE_CURVE('',#1847,#1846,#166,.T.);
#2377=EDGE_CURVE('',#1848,#1847,#1158,.T.);
#2378=EDGE_CURVE('',#1849,#1848,#167,.T.);
#2379=EDGE_CURVE('',#1849,#1850,#1159,.T.);
#2380=EDGE_CURVE('',#1850,#1851,#1160,.T.);
#2381=EDGE_CURVE('',#1851,#1837,#1161,.T.);
#2382=EDGE_CURVE('',#1836,#1850,#1162,.T.);
#2383=EDGE_CURVE('',#1846,#1849,#1163,.T.);
#2384=EDGE_CURVE('',#1850,#1852,#1164,.T.);
#2385=EDGE_CURVE('',#1853,#1852,#168,.T.);
#2386=EDGE_CURVE('',#1841,#1853,#169,.T.);
#2387=EDGE_CURVE('',#1840,#1851,#1165,.T.);
#2388=EDGE_CURVE('',#1854,#1832,#170,.T.);
#2389=EDGE_CURVE('',#1855,#1854,#171,.T.);
#2390=EDGE_CURVE('',#1856,#1855,#172,.T.);
#2391=EDGE_CURVE('',#1856,#1799,#1166,.T.);
#2392=EDGE_CURVE('',#1799,#1857,#1167,.T.);
#2393=EDGE_CURVE('',#1858,#1856,#173,.T.);
#2394=EDGE_CURVE('',#1859,#1858,#174,.T.);
#2395=EDGE_CURVE('',#1860,#1859,#175,.T.);
#2396=EDGE_CURVE('',#1861,#1860,#176,.T.);
#2397=EDGE_CURVE('',#1862,#1861,#1168,.T.);
#2398=EDGE_CURVE('',#1857,#1862,#1169,.T.);
#2399=EDGE_CURVE('',#1863,#1850,#1170,.T.);
#2400=EDGE_CURVE('',#1864,#1863,#1171,.T.);
#2401=EDGE_CURVE('',#1865,#1864,#1172,.T.);
#2402=EDGE_CURVE('',#1866,#1865,#177,.T.);
#2403=EDGE_CURVE('',#1867,#1866,#1173,.T.);
#2404=EDGE_CURVE('',#1868,#1867,#178,.T.);
#2405=EDGE_CURVE('',#1852,#1868,#179,.T.);
#2406=EDGE_CURVE('',#1869,#1814,#1174,.T.);
#2407=EDGE_CURVE('',#1869,#1834,#1175,.T.);
#2408=EDGE_CURVE('',#1857,#1863,#1176,.T.);
#2409=EDGE_CURVE('',#1864,#1862,#1177,.T.);
#2410=EDGE_CURVE('',#1850,#1799,#1178,.T.);
#2411=EDGE_CURVE('',#1839,#1869,#1179,.T.);
#2412=EDGE_CURVE('',#1870,#1867,#180,.T.);
#2413=EDGE_CURVE('',#1871,#1870,#1180,.T.);
#2414=EDGE_CURVE('',#1872,#1871,#181,.T.);
#2415=EDGE_CURVE('',#1872,#1868,#182,.T.);
#2416=EDGE_CURVE('',#1820,#1873,#183,.T.);
#2417=EDGE_CURVE('',#1873,#1874,#184,.T.);
#2418=EDGE_CURVE('',#1874,#1815,#185,.T.);
#2419=EDGE_CURVE('',#1831,#1875,#186,.T.);
#2420=EDGE_CURVE('',#1875,#1876,#187,.T.);
#2421=EDGE_CURVE('',#1876,#1877,#188,.T.);
#2422=EDGE_CURVE('',#1877,#1878,#189,.T.);
#2423=EDGE_CURVE('',#1878,#1854,#190,.T.);
#2424=EDGE_CURVE('',#1866,#1870,#191,.T.);
#2425=EDGE_CURVE('',#1865,#1879,#192,.T.);
#2426=EDGE_CURVE('',#1871,#1879,#193,.T.);
#2427=EDGE_CURVE('',#1858,#1880,#194,.T.);
#2428=EDGE_CURVE('',#1881,#1880,#195,.T.);
#2429=EDGE_CURVE('',#1882,#1881,#1181,.T.);
#2430=EDGE_CURVE('',#1859,#1882,#196,.T.);
#2431=EDGE_CURVE('',#1883,#1819,#197,.T.);
#2432=EDGE_CURVE('',#1883,#1873,#198,.T.);
#2433=EDGE_CURVE('',#1882,#1860,#199,.T.);
#2434=EDGE_CURVE('',#1818,#1884,#200,.T.);
#2435=EDGE_CURVE('',#1884,#1883,#201,.T.);
#2436=EDGE_CURVE('',#1885,#1861,#202,.T.);
#2437=EDGE_CURVE('',#1886,#1885,#203,.T.);
#2438=EDGE_CURVE('',#1886,#1887,#1182,.T.);
#2439=EDGE_CURVE('',#1888,#1887,#204,.T.);
#2440=EDGE_CURVE('',#1889,#1888,#205,.T.);
#2441=EDGE_CURVE('',#1890,#1889,#206,.T.);
#2442=EDGE_CURVE('',#1890,#1891,#1183,.T.);
#2443=EDGE_CURVE('',#1892,#1891,#207,.T.);
#2444=EDGE_CURVE('',#1893,#1892,#208,.T.);
#2445=EDGE_CURVE('',#1894,#1893,#209,.T.);
#2446=EDGE_CURVE('',#1894,#1895,#1184,.T.);
#2447=EDGE_CURVE('',#1879,#1895,#210,.T.);
#2448=EDGE_CURVE('',#1885,#1881,#211,.T.);
#2449=EDGE_CURVE('',#1874,#1884,#212,.T.);
#2450=EDGE_CURVE('',#1835,#1799,#1185,.F.);
#2451=EDGE_CURVE('',#1800,#1803,#1186,.T.);
#2452=EDGE_CURVE('',#1807,#1896,#1187,.T.);
#2453=EDGE_CURVE('',#1896,#1897,#213,.T.);
#2454=EDGE_CURVE('',#1897,#1898,#214,.T.);
#2455=EDGE_CURVE('',#1898,#1899,#215,.T.);
#2456=EDGE_CURVE('',#1900,#1899,#1188,.T.);
#2457=EDGE_CURVE('',#1900,#1823,#216,.T.);
#2458=EDGE_CURVE('',#1806,#1901,#217,.T.);
#2459=EDGE_CURVE('',#1901,#1896,#218,.T.);
#2460=EDGE_CURVE('',#1902,#1845,#219,.T.);
#2461=EDGE_CURVE('',#1843,#1902,#220,.T.);
#2462=EDGE_CURVE('',#1903,#1842,#221,.T.);
#2463=EDGE_CURVE('',#1904,#1903,#1189,.T.);
#2464=EDGE_CURVE('',#1905,#1904,#1190,.F.);
#2465=EDGE_CURVE('',#1906,#1905,#1191,.T.);
#2466=EDGE_CURVE('',#1906,#1827,#1192,.T.);
#2467=EDGE_CURVE('',#1907,#1906,#1193,.T.);
#2468=EDGE_CURVE('',#1907,#1794,#1194,.F.);
#2469=EDGE_CURVE('',#1828,#1908,#222,.T.);
#2470=EDGE_CURVE('',#1909,#1907,#1195,.T.);
#2471=EDGE_CURVE('',#1909,#1910,#1196,.F.);
#2472=EDGE_CURVE('',#1911,#1910,#1197,.T.);
#2473=EDGE_CURVE('',#1875,#1911,#223,.T.);
#2474=EDGE_CURVE('',#1908,#1830,#224,.T.);
#2475=EDGE_CURVE('',#1887,#1912,#225,.T.);
#2476=EDGE_CURVE('',#1913,#1886,#226,.T.);
#2477=EDGE_CURVE('',#1910,#1913,#1198,.T.);
#2478=EDGE_CURVE('',#1905,#1909,#1199,.T.);
#2479=EDGE_CURVE('',#1914,#1904,#1200,.T.);
#2480=EDGE_CURVE('',#1895,#1914,#227,.T.);
#2481=EDGE_CURVE('',#1915,#1894,#228,.T.);
#2482=EDGE_CURVE('',#1916,#1915,#1201,.T.);
#2483=EDGE_CURVE('',#1891,#1916,#229,.T.);
#2484=EDGE_CURVE('',#1917,#1890,#230,.T.);
#2485=EDGE_CURVE('',#1912,#1917,#1202,.T.);
#2486=EDGE_CURVE('',#1918,#1914,#231,.T.);
#2487=EDGE_CURVE('',#1918,#1919,#232,.T.);
#2488=EDGE_CURVE('',#1919,#1920,#233,.T.);
#2489=EDGE_CURVE('',#1920,#1921,#234,.T.);
#2490=EDGE_CURVE('',#1921,#1872,#235,.T.);
#2491=EDGE_CURVE('',#1903,#1922,#236,.T.);
#2492=EDGE_CURVE('',#1922,#1918,#237,.T.);
#2493=EDGE_CURVE('',#1853,#1923,#238,.T.);
#2494=EDGE_CURVE('',#1923,#1924,#239,.T.);
#2495=EDGE_CURVE('',#1924,#1925,#240,.T.);
#2496=EDGE_CURVE('',#1925,#1922,#241,.T.);
#2497=EDGE_CURVE('',#1921,#1923,#1203,.T.);
#2498=EDGE_CURVE('',#1924,#1920,#242,.T.);
#2499=EDGE_CURVE('',#1919,#1925,#1204,.T.);
#2500=EDGE_CURVE('',#1915,#1926,#243,.T.);
#2501=EDGE_CURVE('',#1926,#1927,#244,.T.);
#2502=EDGE_CURVE('',#1927,#1916,#245,.T.);
#2503=EDGE_CURVE('',#1893,#1928,#246,.T.);
#2504=EDGE_CURVE('',#1929,#1928,#1205,.T.);
#2505=EDGE_CURVE('',#1929,#1930,#247,.T.);
#2506=EDGE_CURVE('',#1930,#1931,#248,.T.);
#2507=EDGE_CURVE('',#1931,#1932,#249,.T.);
#2508=EDGE_CURVE('',#1932,#1926,#250,.T.);
#2509=EDGE_CURVE('',#1933,#1934,#251,.T.);
#2510=EDGE_CURVE('',#1935,#1933,#252,.T.);
#2511=EDGE_CURVE('',#1936,#1935,#253,.T.);
#2512=EDGE_CURVE('',#1937,#1936,#254,.T.);
#2513=EDGE_CURVE('',#1938,#1937,#255,.T.);
#2514=EDGE_CURVE('',#1938,#1939,#1206,.T.);
#2515=EDGE_CURVE('',#1940,#1939,#1207,.T.);
#2516=EDGE_CURVE('',#1941,#1940,#256,.T.);
#2517=EDGE_CURVE('',#1934,#1941,#1208,.T.);
#2518=EDGE_CURVE('',#1942,#1892,#257,.T.);
#2519=EDGE_CURVE('',#1928,#1942,#258,.T.);
#2520=EDGE_CURVE('',#1931,#1941,#259,.T.);
#2521=EDGE_CURVE('',#1943,#1940,#260,.T.);
#2522=EDGE_CURVE('',#1944,#1943,#261,.T.);
#2523=EDGE_CURVE('',#1944,#1932,#1209,.T.);
#2524=EDGE_CURVE('',#1945,#1946,#262,.T.);
#2525=EDGE_CURVE('',#1947,#1945,#1210,.T.);
#2526=EDGE_CURVE('',#1948,#1947,#263,.T.);
#2527=EDGE_CURVE('',#1948,#1946,#264,.T.);
#2528=EDGE_CURVE('',#1949,#1950,#1211,.T.);
#2529=EDGE_CURVE('',#1951,#1949,#265,.T.);
#2530=EDGE_CURVE('',#1951,#1952,#1212,.T.);
#2531=EDGE_CURVE('',#1952,#1950,#1213,.T.);
#2532=EDGE_CURVE('',#1953,#1954,#266,.T.);
#2533=EDGE_CURVE('',#1955,#1953,#1214,.T.);
#2534=EDGE_CURVE('',#1955,#1956,#1215,.T.);
#2535=EDGE_CURVE('',#1954,#1956,#1216,.T.);
#2536=EDGE_CURVE('',#1957,#1958,#267,.T.);
#2537=EDGE_CURVE('',#1956,#1957,#268,.T.);
#2538=EDGE_CURVE('',#1950,#1955,#1217,.T.);
#2539=EDGE_CURVE('',#1959,#1952,#269,.T.);
#2540=EDGE_CURVE('',#1960,#1959,#1218,.T.);
#2541=EDGE_CURVE('',#1961,#1960,#270,.T.);
#2542=EDGE_CURVE('',#1958,#1961,#271,.T.);
#2543=EDGE_CURVE('',#1946,#1962,#272,.T.);
#2544=EDGE_CURVE('',#1939,#1948,#1219,.T.);
#2545=EDGE_CURVE('',#1962,#1938,#273,.T.);
#2546=EDGE_CURVE('',#1963,#1945,#274,.T.);
#2547=EDGE_CURVE('',#1963,#1959,#275,.T.);
#2548=EDGE_CURVE('',#1964,#1951,#276,.T.);
#2549=EDGE_CURVE('',#1947,#1964,#277,.T.);
#2550=EDGE_CURVE('',#1927,#1944,#278,.T.);
#2551=EDGE_CURVE('',#1954,#1957,#279,.T.);
#2552=EDGE_CURVE('',#1934,#1965,#280,.T.);
#2553=EDGE_CURVE('',#1965,#1930,#281,.T.);
#2554=EDGE_CURVE('',#1958,#1966,#282,.T.);
#2555=EDGE_CURVE('',#1966,#1961,#1220,.T.);
#2556=EDGE_CURVE('',#1962,#1967,#283,.T.);
#2557=EDGE_CURVE('',#1968,#1937,#1221,.T.);
#2558=EDGE_CURVE('',#1966,#1968,#284,.T.);
#2559=EDGE_CURVE('',#1960,#1967,#285,.T.);
#2560=EDGE_CURVE('',#1969,#1933,#286,.T.);
#2561=EDGE_CURVE('',#1969,#1935,#1222,.T.);
#2562=EDGE_CURVE('',#1965,#1970,#287,.T.);
#2563=EDGE_CURVE('',#1970,#1929,#288,.T.);
#2564=EDGE_CURVE('',#1968,#1971,#289,.T.);
#2565=EDGE_CURVE('',#1971,#1936,#1223,.T.);
#2566=EDGE_CURVE('',#1971,#1969,#290,.T.);
#2567=EDGE_CURVE('',#1967,#1963,#291,.T.);
#2568=EDGE_CURVE('',#1970,#1942,#1224,.T.);
#2569=EDGE_CURVE('',#1953,#1949,#1225,.T.);
#2570=EDGE_CURVE('',#1964,#1943,#1226,.T.);
#2571=EDGE_CURVE('',#1880,#1972,#292,.T.);
#2572=EDGE_CURVE('',#1972,#1973,#293,.T.);
#2573=EDGE_CURVE('',#1973,#1974,#1227,.T.);
#2574=EDGE_CURVE('',#1974,#1975,#294,.T.);
#2575=EDGE_CURVE('',#1913,#1975,#295,.T.);
#2576=EDGE_CURVE('',#1975,#1911,#296,.T.);
#2577=EDGE_CURVE('',#1976,#1974,#297,.T.);
#2578=EDGE_CURVE('',#1973,#1977,#298,.T.);
#2579=EDGE_CURVE('',#1977,#1978,#1228,.T.);
#2580=EDGE_CURVE('',#1978,#1976,#299,.T.);
#2581=EDGE_CURVE('',#1977,#1979,#300,.T.);
#2582=EDGE_CURVE('',#1979,#1980,#1229,.T.);
#2583=EDGE_CURVE('',#1980,#1978,#301,.T.);
#2584=EDGE_CURVE('',#1979,#1981,#302,.T.);
#2585=EDGE_CURVE('',#1981,#1980,#303,.T.);
#2586=EDGE_CURVE('',#1878,#1855,#304,.T.);
#2587=EDGE_CURVE('',#1982,#1877,#305,.T.);
#2588=EDGE_CURVE('',#1972,#1982,#1230,.T.);
#2589=EDGE_CURVE('',#1981,#1982,#306,.T.);
#2590=EDGE_CURVE('',#1876,#1976,#1231,.T.);
#2591=EDGE_CURVE('',#1908,#1983,#307,.T.);
#2592=EDGE_CURVE('',#1984,#1983,#308,.T.);
#2593=EDGE_CURVE('',#1984,#1985,#309,.T.);
#2594=EDGE_CURVE('',#1985,#1986,#310,.T.);
#2595=EDGE_CURVE('',#1986,#1987,#311,.T.);
#2596=EDGE_CURVE('',#1987,#1988,#312,.T.);
#2597=EDGE_CURVE('',#1988,#1989,#313,.T.);
#2598=EDGE_CURVE('',#1989,#1829,#314,.T.);
#2599=EDGE_CURVE('',#1990,#1902,#315,.T.);
#2600=EDGE_CURVE('',#1991,#1990,#316,.T.);
#2601=EDGE_CURVE('',#1992,#1991,#317,.T.);
#2602=EDGE_CURVE('',#1992,#1993,#1232,.T.);
#2603=EDGE_CURVE('',#1844,#1993,#318,.T.);
#2604=EDGE_CURVE('',#1994,#1901,#1233,.T.);
#2605=EDGE_CURVE('',#1897,#1994,#1234,.T.);
#2606=EDGE_CURVE('',#1995,#1996,#319,.T.);
#2607=EDGE_CURVE('',#1995,#1997,#1235,.T.);
#2608=EDGE_CURVE('',#1998,#1997,#320,.T.);
#2609=EDGE_CURVE('',#1999,#1998,#1236,.T.);
#2610=EDGE_CURVE('',#1996,#1999,#321,.T.);
#2611=EDGE_CURVE('',#2000,#2001,#322,.T.);
#2612=EDGE_CURVE('',#2002,#2000,#1237,.T.);
#2613=EDGE_CURVE('',#2002,#2003,#1238,.T.);
#2614=EDGE_CURVE('',#2004,#2003,#323,.T.);
#2615=EDGE_CURVE('',#1999,#2004,#1239,.T.);
#2616=EDGE_CURVE('',#2005,#1998,#1240,.T.);
#2617=EDGE_CURVE('',#2006,#2005,#1241,.T.);
#2618=EDGE_CURVE('',#2007,#2006,#1242,.T.);
#2619=EDGE_CURVE('',#2001,#2007,#1243,.T.);
#2620=EDGE_CURVE('',#2008,#2009,#324,.T.);
#2621=EDGE_CURVE('',#2010,#2008,#1244,.T.);
#2622=EDGE_CURVE('',#2011,#2010,#325,.T.);
#2623=EDGE_CURVE('',#2011,#2009,#1245,.T.);
#2624=EDGE_CURVE('',#2012,#2013,#1246,.T.);
#2625=EDGE_CURVE('',#2014,#2012,#1247,.T.);
#2626=EDGE_CURVE('',#2014,#2015,#1248,.T.);
#2627=EDGE_CURVE('',#2016,#2015,#1249,.T.);
#2628=EDGE_CURVE('',#2013,#2016,#326,.T.);
#2629=EDGE_CURVE('',#2017,#2018,#327,.T.);
#2630=EDGE_CURVE('',#2019,#2017,#328,.T.);
#2631=EDGE_CURVE('',#2019,#2020,#1250,.T.);
#2632=EDGE_CURVE('',#2021,#2020,#329,.T.);
#2633=EDGE_CURVE('',#2018,#2021,#1251,.T.);
#2634=EDGE_CURVE('',#2022,#2023,#330,.T.);
#2635=EDGE_CURVE('',#2015,#2022,#1252,.T.);
#2636=EDGE_CURVE('',#2024,#2014,#1253,.T.);
#2637=EDGE_CURVE('',#2025,#2024,#1254,.T.);
#2638=EDGE_CURVE('',#2026,#2025,#1255,.T.);
#2639=EDGE_CURVE('',#2027,#2026,#1256,.T.);
#2640=EDGE_CURVE('',#2028,#2027,#1257,.T.);
#2641=EDGE_CURVE('',#2029,#2028,#1258,.T.);
#2642=EDGE_CURVE('',#2030,#2029,#1259,.T.);
#2643=EDGE_CURVE('',#2031,#2030,#331,.T.);
#2644=EDGE_CURVE('',#2032,#2031,#332,.T.);
#2645=EDGE_CURVE('',#2032,#2033,#1260,.T.);
#2646=EDGE_CURVE('',#2023,#2033,#1261,.T.);
#2647=EDGE_CURVE('',#2034,#2035,#333,.T.);
#2648=EDGE_CURVE('',#2034,#1988,#1262,.T.);
#2649=EDGE_CURVE('',#2036,#1987,#1263,.T.);
#2650=EDGE_CURVE('',#2037,#2036,#334,.T.);
#2651=EDGE_CURVE('',#2035,#2037,#335,.T.);
#2652=EDGE_CURVE('',#2038,#2039,#336,.T.);
#2653=EDGE_CURVE('',#2040,#2038,#337,.T.);
#2654=EDGE_CURVE('',#2041,#2040,#338,.T.);
#2655=EDGE_CURVE('',#2039,#2041,#1264,.T.);
#2656=EDGE_CURVE('',#2042,#2043,#1265,.T.);
#2657=EDGE_CURVE('',#2044,#2042,#339,.T.);
#2658=EDGE_CURVE('',#2045,#2044,#340,.T.);
#2659=EDGE_CURVE('',#2046,#2045,#1266,.T.);
#2660=EDGE_CURVE('',#2047,#2046,#1267,.T.);
#2661=EDGE_CURVE('',#2047,#2048,#1268,.T.);
#2662=EDGE_CURVE('',#2049,#2048,#1269,.T.);
#2663=EDGE_CURVE('',#2043,#2049,#1270,.T.);
#2664=EDGE_CURVE('',#2050,#2051,#1271,.T.);
#2665=EDGE_CURVE('',#2050,#2052,#1272,.T.);
#2666=EDGE_CURVE('',#2048,#2052,#1273,.T.);
#2667=EDGE_CURVE('',#2053,#2047,#1274,.T.);
#2668=EDGE_CURVE('',#2051,#2053,#341,.T.);
#2669=EDGE_CURVE('',#2054,#2055,#342,.T.);
#2670=EDGE_CURVE('',#2054,#2056,#1275,.T.);
#2671=EDGE_CURVE('',#2052,#2056,#343,.T.);
#2672=EDGE_CURVE('',#2055,#2050,#344,.T.);
#2673=EDGE_CURVE('',#2057,#2054,#345,.T.);
#2674=EDGE_CURVE('',#2057,#2058,#1276,.T.);
#2675=EDGE_CURVE('',#2056,#2058,#1277,.T.);
#2676=EDGE_CURVE('',#2059,#2060,#346,.T.);
#2677=EDGE_CURVE('',#2059,#2061,#1278,.T.);
#2678=EDGE_CURVE('',#2058,#2061,#347,.T.);
#2679=EDGE_CURVE('',#2060,#2057,#348,.T.);
#2680=EDGE_CURVE('',#2062,#2063,#349,.T.);
#2681=EDGE_CURVE('',#2064,#2062,#1279,.T.);
#2682=EDGE_CURVE('',#2065,#2064,#1280,.T.);
#2683=EDGE_CURVE('',#2066,#2065,#350,.T.);
#2684=EDGE_CURVE('',#2067,#2066,#1281,.T.);
#2685=EDGE_CURVE('',#2068,#2067,#1282,.T.);
#2686=EDGE_CURVE('',#2068,#2069,#1283,.T.);
#2687=EDGE_CURVE('',#2070,#2069,#1284,.T.);
#2688=EDGE_CURVE('',#2071,#2070,#351,.T.);
#2689=EDGE_CURVE('',#2072,#2071,#1285,.T.);
#2690=EDGE_CURVE('',#2073,#2072,#1286,.T.);
#2691=EDGE_CURVE('',#2074,#2073,#1287,.T.);
#2692=EDGE_CURVE('',#2063,#2074,#1288,.T.);
#2693=EDGE_CURVE('',#2075,#2062,#352,.T.);
#2694=EDGE_CURVE('',#2064,#2075,#353,.T.);
#2695=EDGE_CURVE('',#2076,#2077,#354,.T.);
#2696=EDGE_CURVE('',#1985,#2076,#1289,.T.);
#2697=EDGE_CURVE('',#2078,#1984,#355,.T.);
#2698=EDGE_CURVE('',#2079,#2078,#356,.T.);
#2699=EDGE_CURVE('',#2080,#2079,#357,.T.);
#2700=EDGE_CURVE('',#2081,#2080,#358,.T.);
#2701=EDGE_CURVE('',#2082,#2081,#359,.T.);
#2702=EDGE_CURVE('',#2083,#2082,#360,.T.);
#2703=EDGE_CURVE('',#2077,#2083,#361,.T.);
#2704=EDGE_CURVE('',#2084,#2085,#362,.T.);
#2705=EDGE_CURVE('',#2086,#2084,#1290,.T.);
#2706=EDGE_CURVE('',#2086,#2087,#363,.T.);
#2707=EDGE_CURVE('',#2087,#2085,#1291,.T.);
#2708=EDGE_CURVE('',#2085,#2088,#364,.T.);
#2709=EDGE_CURVE('',#2087,#2089,#365,.T.);
#2710=EDGE_CURVE('',#2089,#2090,#1292,.T.);
#2711=EDGE_CURVE('',#2090,#2091,#366,.T.);
#2712=EDGE_CURVE('',#2088,#2091,#367,.T.);
#2713=EDGE_CURVE('',#2089,#2092,#1293,.T.);
#2714=EDGE_CURVE('',#2092,#2093,#1294,.T.);
#2715=EDGE_CURVE('',#2093,#2090,#1295,.T.);
#2716=EDGE_CURVE('',#2094,#2075,#368,.T.);
#2717=EDGE_CURVE('',#2094,#2095,#1296,.T.);
#2718=EDGE_CURVE('',#2065,#2095,#369,.T.);
#2719=EDGE_CURVE('',#2096,#2094,#370,.T.);
#2720=EDGE_CURVE('',#2096,#2097,#1297,.T.);
#2721=EDGE_CURVE('',#2098,#2097,#371,.T.);
#2722=EDGE_CURVE('',#2099,#2098,#1298,.T.);
#2723=EDGE_CURVE('',#2100,#2099,#372,.T.);
#2724=EDGE_CURVE('',#2101,#2100,#373,.T.);
#2725=EDGE_CURVE('',#2102,#2101,#1299,.T.);
#2726=EDGE_CURVE('',#2103,#2102,#374,.T.);
#2727=EDGE_CURVE('',#2095,#2103,#375,.T.);
#2728=EDGE_CURVE('',#1898,#2104,#376,.T.);
#2729=EDGE_CURVE('',#2105,#2104,#1300,.T.);
#2730=EDGE_CURVE('',#2105,#2106,#377,.T.);
#2731=EDGE_CURVE('',#2106,#2107,#1301,.T.);
#2732=EDGE_CURVE('',#2107,#2108,#378,.T.);
#2733=EDGE_CURVE('',#2109,#2108,#379,.T.);
#2734=EDGE_CURVE('',#1899,#2109,#380,.T.);
#2735=EDGE_CURVE('',#2025,#2049,#1302,.T.);
#2736=EDGE_CURVE('',#2061,#2110,#1303,.T.);
#2737=EDGE_CURVE('',#2110,#2107,#1304,.T.);
#2738=EDGE_CURVE('',#2106,#2005,#1305,.T.);
#2739=EDGE_CURVE('',#1997,#2111,#1306,.T.);
#2740=EDGE_CURVE('',#2111,#2112,#381,.T.);
#2741=EDGE_CURVE('',#2112,#2026,#1307,.T.);
#2742=EDGE_CURVE('',#2043,#2113,#1308,.T.);
#2743=EDGE_CURVE('',#2024,#2114,#1309,.T.);
#2744=EDGE_CURVE('',#2113,#2114,#1310,.T.);
#2745=EDGE_CURVE('',#2115,#2012,#1311,.T.);
#2746=EDGE_CURVE('',#2115,#2116,#1312,.T.);
#2747=EDGE_CURVE('',#2114,#2116,#1313,.T.);
#2748=EDGE_CURVE('',#2117,#2115,#382,.T.);
#2749=EDGE_CURVE('',#2117,#2011,#383,.T.);
#2750=EDGE_CURVE('',#2010,#2118,#1314,.T.);
#2751=EDGE_CURVE('',#2116,#2118,#384,.T.);
#2752=EDGE_CURVE('',#2118,#2119,#1315,.T.);
#2753=EDGE_CURVE('',#2008,#2120,#1316,.T.);
#2754=EDGE_CURVE('',#2119,#2120,#385,.T.);
#2755=EDGE_CURVE('',#2121,#2122,#386,.T.);
#2756=EDGE_CURVE('',#2123,#2121,#1317,.T.);
#2757=EDGE_CURVE('',#2123,#2124,#387,.T.);
#2758=EDGE_CURVE('',#2124,#2122,#1318,.T.);
#2759=EDGE_CURVE('',#2122,#2125,#388,.T.);
#2760=EDGE_CURVE('',#2124,#2126,#389,.T.);
#2761=EDGE_CURVE('',#2126,#2125,#1319,.T.);
#2762=EDGE_CURVE('',#2127,#2128,#1320,.T.);
#2763=EDGE_CURVE('',#2029,#2127,#1321,.T.);
#2764=EDGE_CURVE('',#2028,#2046,#1322,.T.);
#2765=EDGE_CURVE('',#2128,#2045,#390,.T.);
#2766=EDGE_CURVE('',#2129,#2127,#1323,.T.);
#2767=EDGE_CURVE('',#2030,#2129,#1324,.T.);
#2768=EDGE_CURVE('',#2130,#2131,#391,.T.);
#2769=EDGE_CURVE('',#2031,#2130,#1325,.T.);
#2770=EDGE_CURVE('',#2132,#2129,#392,.T.);
#2771=EDGE_CURVE('',#2044,#2132,#393,.T.);
#2772=EDGE_CURVE('',#2131,#2042,#394,.T.);
#2773=EDGE_CURVE('',#2125,#2133,#395,.T.);
#2774=EDGE_CURVE('',#2126,#2134,#396,.T.);
#2775=EDGE_CURVE('',#2134,#2135,#397,.T.);
#2776=EDGE_CURVE('',#2136,#2135,#398,.T.);
#2777=EDGE_CURVE('',#2137,#2136,#399,.T.);
#2778=EDGE_CURVE('',#2137,#1986,#400,.T.);
#2779=EDGE_CURVE('',#2040,#2076,#401,.T.);
#2780=EDGE_CURVE('',#2133,#2038,#402,.T.);
#2781=EDGE_CURVE('',#2138,#2139,#403,.T.);
#2782=EDGE_CURVE('',#2138,#2032,#404,.T.);
#2783=EDGE_CURVE('',#2140,#2130,#405,.T.);
#2784=EDGE_CURVE('',#2141,#2140,#406,.T.);
#2785=EDGE_CURVE('',#2142,#2141,#407,.T.);
#2786=EDGE_CURVE('',#2143,#2142,#408,.T.);
#2787=EDGE_CURVE('',#2144,#2143,#409,.T.);
#2788=EDGE_CURVE('',#2145,#2144,#1326,.T.);
#2789=EDGE_CURVE('',#2139,#2145,#410,.T.);
#2790=EDGE_CURVE('',#2146,#2147,#411,.T.);
#2791=EDGE_CURVE('',#2146,#2148,#412,.T.);
#2792=EDGE_CURVE('',#2149,#2148,#413,.T.);
#2793=EDGE_CURVE('',#2149,#2147,#414,.T.);
#2794=EDGE_CURVE('',#2150,#2034,#415,.T.);
#2795=EDGE_CURVE('',#2151,#2150,#416,.T.);
#2796=EDGE_CURVE('',#1989,#2151,#417,.T.);
#2797=EDGE_CURVE('',#2152,#2153,#418,.T.);
#2798=EDGE_CURVE('',#2154,#2152,#419,.T.);
#2799=EDGE_CURVE('',#2155,#2154,#420,.T.);
#2800=EDGE_CURVE('',#2155,#2153,#1327,.T.);
#2801=EDGE_CURVE('',#2151,#2156,#1328,.T.);
#2802=EDGE_CURVE('',#2157,#2156,#421,.T.);
#2803=EDGE_CURVE('',#1983,#2157,#422,.T.);
#2804=EDGE_CURVE('',#2158,#2159,#423,.T.);
#2805=EDGE_CURVE('',#2135,#2158,#1329,.T.);
#2806=EDGE_CURVE('',#2160,#2134,#1330,.T.);
#2807=EDGE_CURVE('',#2159,#2160,#424,.T.);
#2808=EDGE_CURVE('',#2036,#2137,#425,.T.);
#2809=EDGE_CURVE('',#2147,#2161,#426,.T.);
#2810=EDGE_CURVE('',#1993,#2149,#427,.T.);
#2811=EDGE_CURVE('',#2162,#1992,#428,.T.);
#2812=EDGE_CURVE('',#2162,#2161,#429,.T.);
#2813=EDGE_CURVE('',#2035,#2150,#430,.T.);
#2814=EDGE_CURVE('',#2156,#2037,#431,.T.);
#2815=EDGE_CURVE('',#2163,#2164,#432,.T.);
#2816=EDGE_CURVE('',#2153,#2163,#433,.T.);
#2817=EDGE_CURVE('',#2165,#2155,#434,.T.);
#2818=EDGE_CURVE('',#2159,#2165,#435,.T.);
#2819=EDGE_CURVE('',#2160,#2166,#436,.T.);
#2820=EDGE_CURVE('',#2166,#2164,#1331,.T.);
#2821=EDGE_CURVE('',#2161,#2146,#437,.T.);
#2822=EDGE_CURVE('',#2039,#2162,#438,.T.);
#2823=EDGE_CURVE('',#2148,#2041,#439,.T.);
#2824=EDGE_CURVE('',#2167,#2168,#440,.T.);
#2825=EDGE_CURVE('',#2164,#2167,#441,.T.);
#2826=EDGE_CURVE('',#2166,#2168,#442,.T.);
#2827=EDGE_CURVE('',#2168,#2169,#1332,.T.);
#2828=EDGE_CURVE('',#2020,#2123,#443,.T.);
#2829=EDGE_CURVE('',#2170,#2019,#444,.T.);
#2830=EDGE_CURVE('',#2169,#2170,#445,.T.);
#2831=EDGE_CURVE('',#2171,#2172,#446,.T.);
#2832=EDGE_CURVE('',#2169,#2171,#447,.T.);
#2833=EDGE_CURVE('',#2170,#2172,#1333,.T.);
#2834=EDGE_CURVE('',#2173,#2017,#448,.T.);
#2835=EDGE_CURVE('',#2173,#2174,#449,.T.);
#2836=EDGE_CURVE('',#2174,#2175,#450,.T.);
#2837=EDGE_CURVE('',#2175,#2176,#1334,.T.);
#2838=EDGE_CURVE('',#2177,#2176,#451,.T.);
#2839=EDGE_CURVE('',#2172,#2177,#452,.T.);
#2840=EDGE_CURVE('',#2176,#2178,#453,.T.);
#2841=EDGE_CURVE('',#2175,#2179,#454,.T.);
#2842=EDGE_CURVE('',#2179,#2178,#1335,.T.);
#2843=EDGE_CURVE('',#2178,#2180,#455,.T.);
#2844=EDGE_CURVE('',#2179,#2181,#456,.T.);
#2845=EDGE_CURVE('',#2181,#2180,#1336,.T.);
#2846=EDGE_CURVE('',#2182,#2183,#1337,.T.);
#2847=EDGE_CURVE('',#2184,#2182,#457,.T.);
#2848=EDGE_CURVE('',#2180,#2184,#1338,.T.);
#2849=EDGE_CURVE('',#2181,#2183,#1339,.T.);
#2850=EDGE_CURVE('',#2021,#2185,#458,.T.);
#2851=EDGE_CURVE('',#2186,#2121,#459,.T.);
#2852=EDGE_CURVE('',#2187,#2186,#1340,.T.);
#2853=EDGE_CURVE('',#2187,#2188,#460,.T.);
#2854=EDGE_CURVE('',#2188,#2185,#461,.T.);
#2855=EDGE_CURVE('',#2183,#2189,#1341,.T.);
#2856=EDGE_CURVE('',#2174,#2188,#1342,.T.);
#2857=EDGE_CURVE('',#2190,#2187,#1343,.T.);
#2858=EDGE_CURVE('',#2190,#2191,#1344,.T.);
#2859=EDGE_CURVE('',#2192,#2191,#462,.T.);
#2860=EDGE_CURVE('',#2006,#2192,#1345,.T.);
#2861=EDGE_CURVE('',#2069,#2105,#1346,.T.);
#2862=EDGE_CURVE('',#2193,#2068,#1347,.T.);
#2863=EDGE_CURVE('',#2092,#2193,#463,.T.);
#2864=EDGE_CURVE('',#2194,#2086,#464,.T.);
#2865=EDGE_CURVE('',#2195,#2194,#1348,.T.);
#2866=EDGE_CURVE('',#2196,#2195,#465,.T.);
#2867=EDGE_CURVE('',#2189,#2196,#1349,.T.);
#2868=EDGE_CURVE('',#2197,#2198,#1350,.T.);
#2869=EDGE_CURVE('',#2197,#2190,#1351,.T.);
#2870=EDGE_CURVE('',#2199,#2186,#1352,.T.);
#2871=EDGE_CURVE('',#2198,#2199,#1353,.T.);
#2872=EDGE_CURVE('',#2198,#2200,#466,.T.);
#2873=EDGE_CURVE('',#2201,#2199,#467,.T.);
#2874=EDGE_CURVE('',#2192,#2201,#1354,.T.);
#2875=EDGE_CURVE('',#2191,#2200,#468,.T.);
#2876=EDGE_CURVE('',#2202,#2203,#469,.T.);
#2877=EDGE_CURVE('',#2189,#2202,#1355,.T.);
#2878=EDGE_CURVE('',#2196,#2203,#1356,.T.);
#2879=EDGE_CURVE('',#2204,#2205,#470,.T.);
#2880=EDGE_CURVE('',#2206,#2204,#1357,.T.);
#2881=EDGE_CURVE('',#2207,#2206,#471,.T.);
#2882=EDGE_CURVE('',#2207,#2208,#1358,.T.);
#2883=EDGE_CURVE('',#2208,#2205,#472,.T.);
#2884=EDGE_CURVE('',#2209,#2000,#473,.T.);
#2885=EDGE_CURVE('',#2210,#2209,#1359,.T.);
#2886=EDGE_CURVE('',#2211,#2210,#474,.T.);
#2887=EDGE_CURVE('',#2211,#2002,#475,.T.);
#2888=EDGE_CURVE('',#2007,#2212,#1360,.T.);
#2889=EDGE_CURVE('',#2213,#2201,#1361,.T.);
#2890=EDGE_CURVE('',#2212,#2213,#1362,.T.);
#2891=EDGE_CURVE('',#2214,#2215,#476,.T.);
#2892=EDGE_CURVE('',#2214,#2216,#1363,.T.);
#2893=EDGE_CURVE('',#2203,#2216,#477,.T.);
#2894=EDGE_CURVE('',#2195,#2215,#478,.T.);
#2895=EDGE_CURVE('',#2217,#2204,#479,.T.);
#2896=EDGE_CURVE('',#2218,#2217,#1364,.T.);
#2897=EDGE_CURVE('',#2210,#2218,#480,.T.);
#2898=EDGE_CURVE('',#2219,#2209,#481,.T.);
#2899=EDGE_CURVE('',#2212,#2219,#482,.T.);
#2900=EDGE_CURVE('',#2220,#2213,#483,.T.);
#2901=EDGE_CURVE('',#2206,#2220,#484,.T.);
#2902=EDGE_CURVE('',#2221,#2214,#485,.T.);
#2903=EDGE_CURVE('',#2222,#2221,#486,.T.);
#2904=EDGE_CURVE('',#2216,#2222,#487,.T.);
#2905=EDGE_CURVE('',#2223,#2059,#1365,.T.);
#2906=EDGE_CURVE('',#2224,#2223,#488,.T.);
#2907=EDGE_CURVE('',#2208,#2224,#1366,.T.);
#2908=EDGE_CURVE('',#2225,#2207,#489,.T.);
#2909=EDGE_CURVE('',#2225,#2110,#1367,.T.);
#2910=EDGE_CURVE('',#2108,#2226,#1368,.T.);
#2911=EDGE_CURVE('',#2091,#2225,#490,.T.);
#2912=EDGE_CURVE('',#2227,#2093,#491,.T.);
#2913=EDGE_CURVE('',#2228,#2227,#492,.T.);
#2914=EDGE_CURVE('',#2228,#2226,#1369,.T.);
#2915=EDGE_CURVE('',#2104,#1994,#1370,.T.);
#2916=EDGE_CURVE('',#2229,#2230,#1371,.T.);
#2917=EDGE_CURVE('',#2215,#2229,#493,.T.);
#2918=EDGE_CURVE('',#2230,#2194,#494,.T.);
#2919=EDGE_CURVE('',#2231,#2084,#495,.T.);
#2920=EDGE_CURVE('',#2231,#2232,#496,.T.);
#2921=EDGE_CURVE('',#2233,#2232,#497,.T.);
#2922=EDGE_CURVE('',#2230,#2233,#498,.T.);
#2923=EDGE_CURVE('',#2234,#2231,#1372,.T.);
#2924=EDGE_CURVE('',#2235,#2234,#499,.T.);
#2925=EDGE_CURVE('',#2236,#2235,#1373,.T.);
#2926=EDGE_CURVE('',#2232,#2236,#500,.T.);
#2927=EDGE_CURVE('',#2053,#2217,#501,.T.);
#2928=EDGE_CURVE('',#2027,#2237,#1374,.T.);
#2929=EDGE_CURVE('',#2218,#2237,#502,.T.);
#2930=EDGE_CURVE('',#2238,#2239,#1375,.T.);
#2931=EDGE_CURVE('',#2237,#2238,#503,.T.);
#2932=EDGE_CURVE('',#2239,#2112,#1376,.T.);
#2933=EDGE_CURVE('',#2003,#2211,#504,.T.);
#2934=EDGE_CURVE('',#2240,#2241,#505,.T.);
#2935=EDGE_CURVE('',#2239,#2240,#506,.T.);
#2936=EDGE_CURVE('',#2241,#2111,#1377,.T.);
#2937=EDGE_CURVE('',#2241,#1995,#507,.T.);
#2938=EDGE_CURVE('',#2200,#2197,#1378,.T.);
#2939=EDGE_CURVE('',#2242,#2098,#508,.T.);
#2940=EDGE_CURVE('',#2242,#2243,#509,.T.);
#2941=EDGE_CURVE('',#2243,#2244,#1379,.T.);
#2942=EDGE_CURVE('',#2099,#2244,#510,.T.);
#2943=EDGE_CURVE('',#2245,#2101,#1380,.T.);
#2944=EDGE_CURVE('',#2193,#2245,#1381,.T.);
#2945=EDGE_CURVE('',#2102,#2067,#1382,.T.);
#2946=EDGE_CURVE('',#2246,#2173,#511,.T.);
#2947=EDGE_CURVE('',#2185,#2246,#1383,.T.);
#2948=EDGE_CURVE('',#2247,#2245,#512,.T.);
#2949=EDGE_CURVE('',#2227,#2247,#513,.T.);
#2950=EDGE_CURVE('',#2248,#2249,#514,.T.);
#2951=EDGE_CURVE('',#2250,#2248,#1384,.T.);
#2952=EDGE_CURVE('',#2250,#2251,#1385,.T.);
#2953=EDGE_CURVE('',#2226,#2251,#1386,.T.);
#2954=EDGE_CURVE('',#2244,#2228,#515,.T.);
#2955=EDGE_CURVE('',#2243,#2249,#1387,.T.);
#2956=EDGE_CURVE('',#2252,#2253,#516,.T.);
#2957=EDGE_CURVE('',#2254,#2252,#1388,.T.);
#2958=EDGE_CURVE('',#2255,#2254,#517,.T.);
#2959=EDGE_CURVE('',#2253,#2255,#518,.T.);
#2960=EDGE_CURVE('',#2205,#2224,#519,.T.);
#2961=EDGE_CURVE('',#2249,#2242,#520,.T.);
#2962=EDGE_CURVE('',#2256,#2250,#521,.T.);
#2963=EDGE_CURVE('',#2257,#2256,#522,.T.);
#2964=EDGE_CURVE('',#2258,#2257,#523,.T.);
#2965=EDGE_CURVE('',#2259,#2258,#524,.T.);
#2966=EDGE_CURVE('',#2251,#2259,#525,.T.);
#2967=EDGE_CURVE('',#2070,#1805,#526,.T.);
#2968=EDGE_CURVE('',#2260,#1900,#527,.T.);
#2969=EDGE_CURVE('',#2261,#2260,#1389,.T.);
#2970=EDGE_CURVE('',#2262,#2261,#528,.T.);
#2971=EDGE_CURVE('',#1824,#2262,#529,.T.);
#2972=EDGE_CURVE('',#2263,#1849,#530,.T.);
#2973=EDGE_CURVE('',#2264,#2263,#1390,.T.);
#2974=EDGE_CURVE('',#2097,#2264,#531,.T.);
#2975=EDGE_CURVE('',#2265,#2096,#532,.T.);
#2976=EDGE_CURVE('',#2266,#2265,#1391,.T.);
#2977=EDGE_CURVE('',#1800,#2266,#533,.T.);
#2978=EDGE_CURVE('',#2267,#1803,#534,.T.);
#2979=EDGE_CURVE('',#2268,#2267,#1392,.T.);
#2980=EDGE_CURVE('',#2261,#2268,#1393,.T.);
#2981=EDGE_CURVE('',#2269,#2260,#1394,.T.);
#2982=EDGE_CURVE('',#2270,#2269,#1395,.T.);
#2983=EDGE_CURVE('',#1846,#2270,#535,.T.);
#2984=EDGE_CURVE('',#2271,#2272,#536,.T.);
#2985=EDGE_CURVE('',#2253,#2271,#537,.T.);
#2986=EDGE_CURVE('',#2273,#2255,#538,.T.);
#2987=EDGE_CURVE('',#2022,#2273,#1396,.T.);
#2988=EDGE_CURVE('',#2023,#2272,#539,.T.);
#2989=EDGE_CURVE('',#2016,#2274,#540,.T.);
#2990=EDGE_CURVE('',#2275,#2273,#541,.T.);
#2991=EDGE_CURVE('',#2274,#2275,#1397,.T.);
#2992=EDGE_CURVE('',#2274,#2276,#542,.T.);
#2993=EDGE_CURVE('',#2120,#2275,#543,.T.);
#2994=EDGE_CURVE('',#2009,#2276,#544,.T.);
#2995=EDGE_CURVE('',#2277,#2252,#545,.T.);
#2996=EDGE_CURVE('',#2278,#2277,#546,.T.);
#2997=EDGE_CURVE('',#2279,#2278,#547,.T.);
#2998=EDGE_CURVE('',#2254,#2279,#548,.T.);
#2999=EDGE_CURVE('',#2280,#2281,#549,.T.);
#3000=EDGE_CURVE('',#2282,#2280,#550,.T.);
#3001=EDGE_CURVE('',#2272,#2282,#1398,.T.);
#3002=EDGE_CURVE('',#2033,#2281,#1399,.T.);
#3003=EDGE_CURVE('',#2145,#2280,#551,.T.);
#3004=EDGE_CURVE('',#2283,#2144,#552,.T.);
#3005=EDGE_CURVE('',#2282,#2283,#553,.T.);
#3006=EDGE_CURVE('',#2284,#2285,#554,.T.);
#3007=EDGE_CURVE('',#2074,#2284,#555,.T.);
#3008=EDGE_CURVE('',#2286,#2073,#556,.T.);
#3009=EDGE_CURVE('',#2287,#2286,#557,.T.);
#3010=EDGE_CURVE('',#2285,#2287,#1400,.T.);
#3011=EDGE_CURVE('',#2285,#1801,#558,.T.);
#3012=EDGE_CURVE('',#1802,#2287,#559,.T.);
#3013=EDGE_CURVE('',#2288,#2117,#1401,.T.);
#3014=EDGE_CURVE('',#2276,#2288,#560,.T.);
#3015=EDGE_CURVE('',#2289,#2138,#1402,.T.);
#3016=EDGE_CURVE('',#2281,#2289,#561,.T.);
#3017=EDGE_CURVE('',#2001,#2219,#1403,.T.);
#3018=EDGE_CURVE('',#2246,#2018,#1404,.T.);
#3019=EDGE_CURVE('',#2235,#2222,#1405,.T.);
#3020=EDGE_CURVE('',#2236,#2221,#1406,.T.);
#3021=EDGE_CURVE('',#2128,#2132,#1407,.T.);
#3022=EDGE_CURVE('',#2264,#2248,#1408,.T.);
#3023=EDGE_CURVE('',#2263,#2256,#1409,.T.);
#3024=EDGE_CURVE('',#1848,#2257,#1410,.T.);
#3025=EDGE_CURVE('',#1847,#2258,#1411,.T.);
#3026=EDGE_CURVE('',#2270,#2259,#1412,.T.);
#3027=EDGE_CURVE('',#2278,#2142,#1413,.T.);
#3028=EDGE_CURVE('',#2277,#2143,#1414,.T.);
#3029=EDGE_CURVE('',#2271,#2283,#1415,.T.);
#3030=EDGE_CURVE('',#2289,#2139,#1416,.T.);
#3031=EDGE_CURVE('',#2267,#2286,#1417,.T.);
#3032=EDGE_CURVE('',#2268,#2072,#1418,.T.);
#3033=EDGE_CURVE('',#2266,#2284,#1419,.T.);
#3034=EDGE_CURVE('',#2265,#2063,#1420,.T.);
#3035=EDGE_CURVE('',#2004,#2238,#1421,.T.);
#3036=EDGE_CURVE('',#2157,#2078,#562,.T.);
#3037=EDGE_CURVE('',#2136,#2079,#1422,.T.);
#3038=EDGE_CURVE('',#2103,#2066,#1423,.T.);
#3039=EDGE_CURVE('',#2233,#2229,#1424,.T.);
#3040=EDGE_CURVE('',#2080,#2154,#1425,.T.);
#3041=EDGE_CURVE('',#2158,#2165,#1426,.T.);
#3042=EDGE_CURVE('',#2100,#2247,#1427,.T.);
#3043=EDGE_CURVE('',#2088,#2220,#1428,.T.);
#3044=EDGE_CURVE('',#2083,#1991,#563,.T.);
#3045=EDGE_CURVE('',#2133,#2082,#1429,.T.);
#3046=EDGE_CURVE('',#2223,#2051,#1430,.T.);
#3047=EDGE_CURVE('',#1990,#2077,#564,.T.);
#3048=EDGE_CURVE('',#2152,#2081,#1431,.T.);
#3049=EDGE_CURVE('',#2177,#2163,#1432,.T.);
#3050=EDGE_CURVE('',#2234,#2184,#1433,.T.);
#3051=EDGE_CURVE('',#2202,#2182,#1434,.T.);
#3052=EDGE_CURVE('',#2171,#2167,#1435,.T.);
#3053=EDGE_CURVE('',#1996,#2240,#1436,.T.);
#3054=EDGE_CURVE('',#2060,#2055,#1437,.T.);
#3055=EDGE_CURVE('',#2113,#2131,#1438,.T.);
#3056=EDGE_CURVE('',#2269,#2109,#1439,.T.);
#3057=EDGE_CURVE('',#2119,#2140,#1440,.T.);
#3058=EDGE_CURVE('',#2279,#2141,#1441,.T.);
#3059=EDGE_CURVE('',#2288,#2013,#1442,.T.);
#3060=EDGE_CURVE('',#2262,#2071,#1443,.T.);
#3061=EDGE_CURVE('',#1917,#2290,#565,.T.);
#3062=EDGE_CURVE('',#2290,#2291,#566,.T.);
#3063=EDGE_CURVE('',#2291,#1912,#567,.T.);
#3064=EDGE_CURVE('',#1889,#2292,#568,.T.);
#3065=EDGE_CURVE('',#2293,#2292,#1444,.T.);
#3066=EDGE_CURVE('',#2293,#2294,#569,.T.);
#3067=EDGE_CURVE('',#2294,#2295,#570,.T.);
#3068=EDGE_CURVE('',#2295,#2296,#571,.T.);
#3069=EDGE_CURVE('',#2296,#2297,#572,.T.);
#3070=EDGE_CURVE('',#2297,#2290,#573,.T.);
#3071=EDGE_CURVE('',#2298,#2294,#574,.T.);
#3072=EDGE_CURVE('',#2298,#2295,#1445,.T.);
#3073=EDGE_CURVE('',#2299,#2298,#575,.T.);
#3074=EDGE_CURVE('',#2300,#2299,#576,.T.);
#3075=EDGE_CURVE('',#2301,#2300,#1446,.T.);
#3076=EDGE_CURVE('',#2296,#2301,#577,.T.);
#3077=EDGE_CURVE('',#2302,#1888,#578,.T.);
#3078=EDGE_CURVE('',#2292,#2302,#579,.T.);
#3079=EDGE_CURVE('',#2303,#2301,#580,.T.);
#3080=EDGE_CURVE('',#2304,#2303,#581,.T.);
#3081=EDGE_CURVE('',#2304,#2297,#1447,.T.);
#3082=EDGE_CURVE('',#2291,#2304,#582,.T.);
#3083=EDGE_CURVE('',#2305,#2293,#583,.T.);
#3084=EDGE_CURVE('',#2299,#2305,#584,.T.);
#3085=EDGE_CURVE('',#2300,#2303,#1448,.T.);
#3086=EDGE_CURVE('',#2305,#2302,#1449,.T.);
#3087=ORIENTED_EDGE('',*,*,#2306,.F.);
#3088=ORIENTED_EDGE('',*,*,#2307,.T.);
#3089=ORIENTED_EDGE('',*,*,#2308,.F.);
#3090=ORIENTED_EDGE('',*,*,#2309,.T.);
#3091=ORIENTED_EDGE('',*,*,#2310,.F.);
#3092=ORIENTED_EDGE('',*,*,#2311,.F.);
#3093=ORIENTED_EDGE('',*,*,#2312,.F.);
#3094=ORIENTED_EDGE('',*,*,#2307,.F.);
#3095=ORIENTED_EDGE('',*,*,#2306,.T.);
#3096=ORIENTED_EDGE('',*,*,#2313,.T.);
#3097=ORIENTED_EDGE('',*,*,#2314,.T.);
#3098=ORIENTED_EDGE('',*,*,#2315,.T.);
#3099=ORIENTED_EDGE('',*,*,#2316,.F.);
#3100=ORIENTED_EDGE('',*,*,#2317,.T.);
#3101=ORIENTED_EDGE('',*,*,#2318,.F.);
#3102=ORIENTED_EDGE('',*,*,#2319,.T.);
#3103=ORIENTED_EDGE('',*,*,#2310,.T.);
#3104=ORIENTED_EDGE('',*,*,#2320,.T.);
#3105=ORIENTED_EDGE('',*,*,#2321,.F.);
#3106=ORIENTED_EDGE('',*,*,#2322,.F.);
#3107=ORIENTED_EDGE('',*,*,#2323,.F.);
#3108=ORIENTED_EDGE('',*,*,#2324,.F.);
#3109=ORIENTED_EDGE('',*,*,#2325,.T.);
#3110=ORIENTED_EDGE('',*,*,#2326,.T.);
#3111=ORIENTED_EDGE('',*,*,#2327,.T.);
#3112=ORIENTED_EDGE('',*,*,#2328,.F.);
#3113=ORIENTED_EDGE('',*,*,#2329,.F.);
#3114=ORIENTED_EDGE('',*,*,#2330,.T.);
#3115=ORIENTED_EDGE('',*,*,#2331,.T.);
#3116=ORIENTED_EDGE('',*,*,#2332,.F.);
#3117=ORIENTED_EDGE('',*,*,#2333,.F.);
#3118=ORIENTED_EDGE('',*,*,#2334,.F.);
#3119=ORIENTED_EDGE('',*,*,#2335,.F.);
#3120=ORIENTED_EDGE('',*,*,#2336,.F.);
#3121=ORIENTED_EDGE('',*,*,#2337,.F.);
#3122=ORIENTED_EDGE('',*,*,#2309,.F.);
#3123=ORIENTED_EDGE('',*,*,#2338,.F.);
#3124=ORIENTED_EDGE('',*,*,#2339,.F.);
#3125=ORIENTED_EDGE('',*,*,#2313,.F.);
#3126=ORIENTED_EDGE('',*,*,#2340,.T.);
#3127=ORIENTED_EDGE('',*,*,#2325,.F.);
#3128=ORIENTED_EDGE('',*,*,#2341,.F.);
#3129=ORIENTED_EDGE('',*,*,#2342,.F.);
#3130=ORIENTED_EDGE('',*,*,#2343,.F.);
#3131=ORIENTED_EDGE('',*,*,#2320,.F.);
#3132=ORIENTED_EDGE('',*,*,#2344,.F.);
#3133=ORIENTED_EDGE('',*,*,#2345,.F.);
#3134=ORIENTED_EDGE('',*,*,#2312,.T.);
#3135=ORIENTED_EDGE('',*,*,#2346,.T.);
#3136=ORIENTED_EDGE('',*,*,#2347,.T.);
#3137=ORIENTED_EDGE('',*,*,#2348,.T.);
#3138=ORIENTED_EDGE('',*,*,#2308,.T.);
#3139=ORIENTED_EDGE('',*,*,#2349,.T.);
#3140=ORIENTED_EDGE('',*,*,#2350,.F.);
#3141=ORIENTED_EDGE('',*,*,#2351,.F.);
#3142=ORIENTED_EDGE('',*,*,#2352,.T.);
#3143=ORIENTED_EDGE('',*,*,#2353,.F.);
#3144=ORIENTED_EDGE('',*,*,#2354,.T.);
#3145=ORIENTED_EDGE('',*,*,#2338,.T.);
#3146=ORIENTED_EDGE('',*,*,#2329,.T.);
#3147=ORIENTED_EDGE('',*,*,#2355,.T.);
#3148=ORIENTED_EDGE('',*,*,#2356,.T.);
#3149=ORIENTED_EDGE('',*,*,#2357,.T.);
#3150=ORIENTED_EDGE('',*,*,#2358,.T.);
#3151=ORIENTED_EDGE('',*,*,#2359,.T.);
#3152=ORIENTED_EDGE('',*,*,#2360,.T.);
#3153=ORIENTED_EDGE('',*,*,#2345,.T.);
#3154=ORIENTED_EDGE('',*,*,#2361,.F.);
#3155=ORIENTED_EDGE('',*,*,#2362,.F.);
#3156=ORIENTED_EDGE('',*,*,#2363,.F.);
#3157=ORIENTED_EDGE('',*,*,#2364,.F.);
#3158=ORIENTED_EDGE('',*,*,#2347,.F.);
#3159=ORIENTED_EDGE('',*,*,#2365,.T.);
#3160=ORIENTED_EDGE('',*,*,#2326,.F.);
#3161=ORIENTED_EDGE('',*,*,#2364,.T.);
#3162=ORIENTED_EDGE('',*,*,#2328,.T.);
#3163=ORIENTED_EDGE('',*,*,#2366,.T.);
#3164=ORIENTED_EDGE('',*,*,#2367,.T.);
#3165=ORIENTED_EDGE('',*,*,#2355,.F.);
#3166=ORIENTED_EDGE('',*,*,#2327,.F.);
#3167=ORIENTED_EDGE('',*,*,#2365,.F.);
#3168=ORIENTED_EDGE('',*,*,#2346,.F.);
#3169=ORIENTED_EDGE('',*,*,#2311,.T.);
#3170=ORIENTED_EDGE('',*,*,#2363,.T.);
#3171=ORIENTED_EDGE('',*,*,#2368,.T.);
#3172=ORIENTED_EDGE('',*,*,#2369,.T.);
#3173=ORIENTED_EDGE('',*,*,#2370,.F.);
#3174=ORIENTED_EDGE('',*,*,#2371,.T.);
#3175=ORIENTED_EDGE('',*,*,#2372,.F.);
#3176=ORIENTED_EDGE('',*,*,#2373,.F.);
#3177=ORIENTED_EDGE('',*,*,#2374,.T.);
#3178=ORIENTED_EDGE('',*,*,#2361,.T.);
#3179=ORIENTED_EDGE('',*,*,#2375,.T.);
#3180=ORIENTED_EDGE('',*,*,#2376,.F.);
#3181=ORIENTED_EDGE('',*,*,#2377,.F.);
#3182=ORIENTED_EDGE('',*,*,#2378,.F.);
#3183=ORIENTED_EDGE('',*,*,#2379,.T.);
#3184=ORIENTED_EDGE('',*,*,#2380,.T.);
#3185=ORIENTED_EDGE('',*,*,#2381,.T.);
#3186=ORIENTED_EDGE('',*,*,#2382,.T.);
#3187=ORIENTED_EDGE('',*,*,#2379,.F.);
#3188=ORIENTED_EDGE('',*,*,#2383,.F.);
#3189=ORIENTED_EDGE('',*,*,#2375,.F.);
#3190=ORIENTED_EDGE('',*,*,#2340,.F.);
#3191=ORIENTED_EDGE('',*,*,#2360,.F.);
#3192=ORIENTED_EDGE('',*,*,#2380,.F.);
#3193=ORIENTED_EDGE('',*,*,#2384,.T.);
#3194=ORIENTED_EDGE('',*,*,#2385,.F.);
#3195=ORIENTED_EDGE('',*,*,#2386,.F.);
#3196=ORIENTED_EDGE('',*,*,#2369,.F.);
#3197=ORIENTED_EDGE('',*,*,#2387,.T.);
#3198=ORIENTED_EDGE('',*,*,#2314,.F.);
#3199=ORIENTED_EDGE('',*,*,#2339,.T.);
#3200=ORIENTED_EDGE('',*,*,#2354,.F.);
#3201=ORIENTED_EDGE('',*,*,#2388,.F.);
#3202=ORIENTED_EDGE('',*,*,#2389,.F.);
#3203=ORIENTED_EDGE('',*,*,#2390,.F.);
#3204=ORIENTED_EDGE('',*,*,#2391,.T.);
#3205=ORIENTED_EDGE('',*,*,#2392,.F.);
#3206=ORIENTED_EDGE('',*,*,#2391,.F.);
#3207=ORIENTED_EDGE('',*,*,#2393,.F.);
#3208=ORIENTED_EDGE('',*,*,#2394,.F.);
#3209=ORIENTED_EDGE('',*,*,#2395,.F.);
#3210=ORIENTED_EDGE('',*,*,#2396,.F.);
#3211=ORIENTED_EDGE('',*,*,#2397,.F.);
#3212=ORIENTED_EDGE('',*,*,#2398,.F.);
#3213=ORIENTED_EDGE('',*,*,#2399,.F.);
#3214=ORIENTED_EDGE('',*,*,#2400,.F.);
#3215=ORIENTED_EDGE('',*,*,#2401,.F.);
#3216=ORIENTED_EDGE('',*,*,#2402,.F.);
#3217=ORIENTED_EDGE('',*,*,#2403,.F.);
#3218=ORIENTED_EDGE('',*,*,#2404,.F.);
#3219=ORIENTED_EDGE('',*,*,#2405,.F.);
#3220=ORIENTED_EDGE('',*,*,#2384,.F.);
#3221=ORIENTED_EDGE('',*,*,#2406,.T.);
#3222=ORIENTED_EDGE('',*,*,#2330,.F.);
#3223=ORIENTED_EDGE('',*,*,#2357,.F.);
#3224=ORIENTED_EDGE('',*,*,#2407,.F.);
#3225=ORIENTED_EDGE('',*,*,#2400,.T.);
#3226=ORIENTED_EDGE('',*,*,#2408,.F.);
#3227=ORIENTED_EDGE('',*,*,#2398,.T.);
#3228=ORIENTED_EDGE('',*,*,#2409,.F.);
#3229=ORIENTED_EDGE('',*,*,#2392,.T.);
#3230=ORIENTED_EDGE('',*,*,#2408,.T.);
#3231=ORIENTED_EDGE('',*,*,#2399,.T.);
#3232=ORIENTED_EDGE('',*,*,#2410,.T.);
#3233=ORIENTED_EDGE('',*,*,#2411,.T.);
#3234=ORIENTED_EDGE('',*,*,#2407,.T.);
#3235=ORIENTED_EDGE('',*,*,#2356,.F.);
#3236=ORIENTED_EDGE('',*,*,#2367,.F.);
#3237=ORIENTED_EDGE('',*,*,#2362,.T.);
#3238=ORIENTED_EDGE('',*,*,#2381,.F.);
#3239=ORIENTED_EDGE('',*,*,#2387,.F.);
#3240=ORIENTED_EDGE('',*,*,#2368,.F.);
#3241=ORIENTED_EDGE('',*,*,#2404,.T.);
#3242=ORIENTED_EDGE('',*,*,#2412,.F.);
#3243=ORIENTED_EDGE('',*,*,#2413,.F.);
#3244=ORIENTED_EDGE('',*,*,#2414,.F.);
#3245=ORIENTED_EDGE('',*,*,#2415,.T.);
#3246=ORIENTED_EDGE('',*,*,#2337,.T.);
#3247=ORIENTED_EDGE('',*,*,#2416,.T.);
#3248=ORIENTED_EDGE('',*,*,#2417,.T.);
#3249=ORIENTED_EDGE('',*,*,#2418,.T.);
#3250=ORIENTED_EDGE('',*,*,#2332,.T.);
#3251=ORIENTED_EDGE('',*,*,#2388,.T.);
#3252=ORIENTED_EDGE('',*,*,#2353,.T.);
#3253=ORIENTED_EDGE('',*,*,#2419,.T.);
#3254=ORIENTED_EDGE('',*,*,#2420,.T.);
#3255=ORIENTED_EDGE('',*,*,#2421,.T.);
#3256=ORIENTED_EDGE('',*,*,#2422,.T.);
#3257=ORIENTED_EDGE('',*,*,#2423,.T.);
#3258=ORIENTED_EDGE('',*,*,#2403,.T.);
#3259=ORIENTED_EDGE('',*,*,#2424,.T.);
#3260=ORIENTED_EDGE('',*,*,#2412,.T.);
#3261=ORIENTED_EDGE('',*,*,#2402,.T.);
#3262=ORIENTED_EDGE('',*,*,#2425,.T.);
#3263=ORIENTED_EDGE('',*,*,#2426,.F.);
#3264=ORIENTED_EDGE('',*,*,#2413,.T.);
#3265=ORIENTED_EDGE('',*,*,#2424,.F.);
#3266=ORIENTED_EDGE('',*,*,#2394,.T.);
#3267=ORIENTED_EDGE('',*,*,#2427,.T.);
#3268=ORIENTED_EDGE('',*,*,#2428,.F.);
#3269=ORIENTED_EDGE('',*,*,#2429,.F.);
#3270=ORIENTED_EDGE('',*,*,#2430,.F.);
#3271=ORIENTED_EDGE('',*,*,#2336,.T.);
#3272=ORIENTED_EDGE('',*,*,#2431,.F.);
#3273=ORIENTED_EDGE('',*,*,#2432,.T.);
#3274=ORIENTED_EDGE('',*,*,#2416,.F.);
#3275=ORIENTED_EDGE('',*,*,#2395,.T.);
#3276=ORIENTED_EDGE('',*,*,#2430,.T.);
#3277=ORIENTED_EDGE('',*,*,#2433,.T.);
#3278=ORIENTED_EDGE('',*,*,#2335,.T.);
#3279=ORIENTED_EDGE('',*,*,#2434,.T.);
#3280=ORIENTED_EDGE('',*,*,#2435,.T.);
#3281=ORIENTED_EDGE('',*,*,#2431,.T.);
#3282=ORIENTED_EDGE('',*,*,#2401,.T.);
#3283=ORIENTED_EDGE('',*,*,#2409,.T.);
#3284=ORIENTED_EDGE('',*,*,#2397,.T.);
#3285=ORIENTED_EDGE('',*,*,#2436,.F.);
#3286=ORIENTED_EDGE('',*,*,#2437,.F.);
#3287=ORIENTED_EDGE('',*,*,#2438,.T.);
#3288=ORIENTED_EDGE('',*,*,#2439,.F.);
#3289=ORIENTED_EDGE('',*,*,#2440,.F.);
#3290=ORIENTED_EDGE('',*,*,#2441,.F.);
#3291=ORIENTED_EDGE('',*,*,#2442,.T.);
#3292=ORIENTED_EDGE('',*,*,#2443,.F.);
#3293=ORIENTED_EDGE('',*,*,#2444,.F.);
#3294=ORIENTED_EDGE('',*,*,#2445,.F.);
#3295=ORIENTED_EDGE('',*,*,#2446,.T.);
#3296=ORIENTED_EDGE('',*,*,#2447,.F.);
#3297=ORIENTED_EDGE('',*,*,#2425,.F.);
#3298=ORIENTED_EDGE('',*,*,#2396,.T.);
#3299=ORIENTED_EDGE('',*,*,#2433,.F.);
#3300=ORIENTED_EDGE('',*,*,#2429,.T.);
#3301=ORIENTED_EDGE('',*,*,#2448,.F.);
#3302=ORIENTED_EDGE('',*,*,#2436,.T.);
#3303=ORIENTED_EDGE('',*,*,#2334,.T.);
#3304=ORIENTED_EDGE('',*,*,#2333,.T.);
#3305=ORIENTED_EDGE('',*,*,#2418,.F.);
#3306=ORIENTED_EDGE('',*,*,#2449,.T.);
#3307=ORIENTED_EDGE('',*,*,#2434,.F.);
#3308=ORIENTED_EDGE('',*,*,#2315,.F.);
#3309=ORIENTED_EDGE('',*,*,#2450,.F.);
#3310=ORIENTED_EDGE('',*,*,#2358,.F.);
#3311=ORIENTED_EDGE('',*,*,#2344,.T.);
#3312=ORIENTED_EDGE('',*,*,#2319,.F.);
#3313=ORIENTED_EDGE('',*,*,#2451,.F.);
#3314=ORIENTED_EDGE('',*,*,#2450,.T.);
#3315=ORIENTED_EDGE('',*,*,#2410,.F.);
#3316=ORIENTED_EDGE('',*,*,#2382,.F.);
#3317=ORIENTED_EDGE('',*,*,#2359,.F.);
#3318=ORIENTED_EDGE('',*,*,#2341,.T.);
#3319=ORIENTED_EDGE('',*,*,#2324,.T.);
#3320=ORIENTED_EDGE('',*,*,#2452,.T.);
#3321=ORIENTED_EDGE('',*,*,#2453,.T.);
#3322=ORIENTED_EDGE('',*,*,#2454,.T.);
#3323=ORIENTED_EDGE('',*,*,#2455,.T.);
#3324=ORIENTED_EDGE('',*,*,#2456,.F.);
#3325=ORIENTED_EDGE('',*,*,#2457,.T.);
#3326=ORIENTED_EDGE('',*,*,#2323,.T.);
#3327=ORIENTED_EDGE('',*,*,#2458,.T.);
#3328=ORIENTED_EDGE('',*,*,#2459,.T.);
#3329=ORIENTED_EDGE('',*,*,#2452,.F.);
#3330=ORIENTED_EDGE('',*,*,#2460,.F.);
#3331=ORIENTED_EDGE('',*,*,#2461,.F.);
#3332=ORIENTED_EDGE('',*,*,#2371,.F.);
#3333=ORIENTED_EDGE('',*,*,#2462,.F.);
#3334=ORIENTED_EDGE('',*,*,#2463,.F.);
#3335=ORIENTED_EDGE('',*,*,#2464,.F.);
#3336=ORIENTED_EDGE('',*,*,#2465,.F.);
#3337=ORIENTED_EDGE('',*,*,#2466,.T.);
#3338=ORIENTED_EDGE('',*,*,#2374,.F.);
#3339=ORIENTED_EDGE('',*,*,#2467,.F.);
#3340=ORIENTED_EDGE('',*,*,#2468,.T.);
#3341=ORIENTED_EDGE('',*,*,#2348,.F.);
#3342=ORIENTED_EDGE('',*,*,#2466,.F.);
#3343=ORIENTED_EDGE('',*,*,#2469,.F.);
#3344=ORIENTED_EDGE('',*,*,#2349,.F.);
#3345=ORIENTED_EDGE('',*,*,#2468,.F.);
#3346=ORIENTED_EDGE('',*,*,#2470,.F.);
#3347=ORIENTED_EDGE('',*,*,#2471,.T.);
#3348=ORIENTED_EDGE('',*,*,#2472,.F.);
#3349=ORIENTED_EDGE('',*,*,#2473,.F.);
#3350=ORIENTED_EDGE('',*,*,#2419,.F.);
#3351=ORIENTED_EDGE('',*,*,#2352,.F.);
#3352=ORIENTED_EDGE('',*,*,#2474,.F.);
#3353=ORIENTED_EDGE('',*,*,#2475,.F.);
#3354=ORIENTED_EDGE('',*,*,#2438,.F.);
#3355=ORIENTED_EDGE('',*,*,#2476,.F.);
#3356=ORIENTED_EDGE('',*,*,#2477,.F.);
#3357=ORIENTED_EDGE('',*,*,#2471,.F.);
#3358=ORIENTED_EDGE('',*,*,#2478,.F.);
#3359=ORIENTED_EDGE('',*,*,#2464,.T.);
#3360=ORIENTED_EDGE('',*,*,#2479,.F.);
#3361=ORIENTED_EDGE('',*,*,#2480,.F.);
#3362=ORIENTED_EDGE('',*,*,#2446,.F.);
#3363=ORIENTED_EDGE('',*,*,#2481,.F.);
#3364=ORIENTED_EDGE('',*,*,#2482,.F.);
#3365=ORIENTED_EDGE('',*,*,#2483,.F.);
#3366=ORIENTED_EDGE('',*,*,#2442,.F.);
#3367=ORIENTED_EDGE('',*,*,#2484,.F.);
#3368=ORIENTED_EDGE('',*,*,#2485,.F.);
#3369=ORIENTED_EDGE('',*,*,#2331,.F.);
#3370=ORIENTED_EDGE('',*,*,#2406,.F.);
#3371=ORIENTED_EDGE('',*,*,#2411,.F.);
#3372=ORIENTED_EDGE('',*,*,#2366,.F.);
#3373=ORIENTED_EDGE('',*,*,#2467,.T.);
#3374=ORIENTED_EDGE('',*,*,#2465,.T.);
#3375=ORIENTED_EDGE('',*,*,#2478,.T.);
#3376=ORIENTED_EDGE('',*,*,#2470,.T.);
#3377=ORIENTED_EDGE('',*,*,#2447,.T.);
#3378=ORIENTED_EDGE('',*,*,#2480,.T.);
#3379=ORIENTED_EDGE('',*,*,#2486,.F.);
#3380=ORIENTED_EDGE('',*,*,#2487,.T.);
#3381=ORIENTED_EDGE('',*,*,#2488,.T.);
#3382=ORIENTED_EDGE('',*,*,#2489,.T.);
#3383=ORIENTED_EDGE('',*,*,#2490,.T.);
#3384=ORIENTED_EDGE('',*,*,#2414,.T.);
#3385=ORIENTED_EDGE('',*,*,#2426,.T.);
#3386=ORIENTED_EDGE('',*,*,#2463,.T.);
#3387=ORIENTED_EDGE('',*,*,#2491,.T.);
#3388=ORIENTED_EDGE('',*,*,#2492,.T.);
#3389=ORIENTED_EDGE('',*,*,#2486,.T.);
#3390=ORIENTED_EDGE('',*,*,#2479,.T.);
#3391=ORIENTED_EDGE('',*,*,#2386,.T.);
#3392=ORIENTED_EDGE('',*,*,#2493,.T.);
#3393=ORIENTED_EDGE('',*,*,#2494,.T.);
#3394=ORIENTED_EDGE('',*,*,#2495,.T.);
#3395=ORIENTED_EDGE('',*,*,#2496,.T.);
#3396=ORIENTED_EDGE('',*,*,#2491,.F.);
#3397=ORIENTED_EDGE('',*,*,#2462,.T.);
#3398=ORIENTED_EDGE('',*,*,#2370,.T.);
#3399=ORIENTED_EDGE('',*,*,#2405,.T.);
#3400=ORIENTED_EDGE('',*,*,#2415,.F.);
#3401=ORIENTED_EDGE('',*,*,#2490,.F.);
#3402=ORIENTED_EDGE('',*,*,#2497,.T.);
#3403=ORIENTED_EDGE('',*,*,#2493,.F.);
#3404=ORIENTED_EDGE('',*,*,#2385,.T.);
#3405=ORIENTED_EDGE('',*,*,#2494,.F.);
#3406=ORIENTED_EDGE('',*,*,#2497,.F.);
#3407=ORIENTED_EDGE('',*,*,#2489,.F.);
#3408=ORIENTED_EDGE('',*,*,#2498,.F.);
#3409=ORIENTED_EDGE('',*,*,#2495,.F.);
#3410=ORIENTED_EDGE('',*,*,#2498,.T.);
#3411=ORIENTED_EDGE('',*,*,#2488,.F.);
#3412=ORIENTED_EDGE('',*,*,#2499,.T.);
#3413=ORIENTED_EDGE('',*,*,#2496,.F.);
#3414=ORIENTED_EDGE('',*,*,#2499,.F.);
#3415=ORIENTED_EDGE('',*,*,#2487,.F.);
#3416=ORIENTED_EDGE('',*,*,#2492,.F.);
#3417=ORIENTED_EDGE('',*,*,#2482,.T.);
#3418=ORIENTED_EDGE('',*,*,#2500,.T.);
#3419=ORIENTED_EDGE('',*,*,#2501,.T.);
#3420=ORIENTED_EDGE('',*,*,#2502,.T.);
#3421=ORIENTED_EDGE('',*,*,#2481,.T.);
#3422=ORIENTED_EDGE('',*,*,#2445,.T.);
#3423=ORIENTED_EDGE('',*,*,#2503,.T.);
#3424=ORIENTED_EDGE('',*,*,#2504,.F.);
#3425=ORIENTED_EDGE('',*,*,#2505,.T.);
#3426=ORIENTED_EDGE('',*,*,#2506,.T.);
#3427=ORIENTED_EDGE('',*,*,#2507,.T.);
#3428=ORIENTED_EDGE('',*,*,#2508,.T.);
#3429=ORIENTED_EDGE('',*,*,#2500,.F.);
#3430=ORIENTED_EDGE('',*,*,#2509,.F.);
#3431=ORIENTED_EDGE('',*,*,#2510,.F.);
#3432=ORIENTED_EDGE('',*,*,#2511,.F.);
#3433=ORIENTED_EDGE('',*,*,#2512,.F.);
#3434=ORIENTED_EDGE('',*,*,#2513,.F.);
#3435=ORIENTED_EDGE('',*,*,#2514,.T.);
#3436=ORIENTED_EDGE('',*,*,#2515,.F.);
#3437=ORIENTED_EDGE('',*,*,#2516,.F.);
#3438=ORIENTED_EDGE('',*,*,#2517,.F.);
#3439=ORIENTED_EDGE('',*,*,#2444,.T.);
#3440=ORIENTED_EDGE('',*,*,#2518,.F.);
#3441=ORIENTED_EDGE('',*,*,#2519,.F.);
#3442=ORIENTED_EDGE('',*,*,#2503,.F.);
#3443=ORIENTED_EDGE('',*,*,#2507,.F.);
#3444=ORIENTED_EDGE('',*,*,#2520,.T.);
#3445=ORIENTED_EDGE('',*,*,#2516,.T.);
#3446=ORIENTED_EDGE('',*,*,#2521,.F.);
#3447=ORIENTED_EDGE('',*,*,#2522,.F.);
#3448=ORIENTED_EDGE('',*,*,#2523,.T.);
#3449=ORIENTED_EDGE('',*,*,#2524,.F.);
#3450=ORIENTED_EDGE('',*,*,#2525,.F.);
#3451=ORIENTED_EDGE('',*,*,#2526,.F.);
#3452=ORIENTED_EDGE('',*,*,#2527,.T.);
#3453=ORIENTED_EDGE('',*,*,#2528,.F.);
#3454=ORIENTED_EDGE('',*,*,#2529,.F.);
#3455=ORIENTED_EDGE('',*,*,#2530,.T.);
#3456=ORIENTED_EDGE('',*,*,#2531,.T.);
#3457=ORIENTED_EDGE('',*,*,#2532,.F.);
#3458=ORIENTED_EDGE('',*,*,#2533,.F.);
#3459=ORIENTED_EDGE('',*,*,#2534,.T.);
#3460=ORIENTED_EDGE('',*,*,#2535,.F.);
#3461=ORIENTED_EDGE('',*,*,#2536,.F.);
#3462=ORIENTED_EDGE('',*,*,#2537,.F.);
#3463=ORIENTED_EDGE('',*,*,#2534,.F.);
#3464=ORIENTED_EDGE('',*,*,#2538,.F.);
#3465=ORIENTED_EDGE('',*,*,#2531,.F.);
#3466=ORIENTED_EDGE('',*,*,#2539,.F.);
#3467=ORIENTED_EDGE('',*,*,#2540,.F.);
#3468=ORIENTED_EDGE('',*,*,#2541,.F.);
#3469=ORIENTED_EDGE('',*,*,#2542,.F.);
#3470=ORIENTED_EDGE('',*,*,#2543,.F.);
#3471=ORIENTED_EDGE('',*,*,#2527,.F.);
#3472=ORIENTED_EDGE('',*,*,#2544,.F.);
#3473=ORIENTED_EDGE('',*,*,#2514,.F.);
#3474=ORIENTED_EDGE('',*,*,#2545,.F.);
#3475=ORIENTED_EDGE('',*,*,#2546,.F.);
#3476=ORIENTED_EDGE('',*,*,#2547,.T.);
#3477=ORIENTED_EDGE('',*,*,#2539,.T.);
#3478=ORIENTED_EDGE('',*,*,#2530,.F.);
#3479=ORIENTED_EDGE('',*,*,#2548,.F.);
#3480=ORIENTED_EDGE('',*,*,#2549,.F.);
#3481=ORIENTED_EDGE('',*,*,#2525,.T.);
#3482=ORIENTED_EDGE('',*,*,#2508,.F.);
#3483=ORIENTED_EDGE('',*,*,#2523,.F.);
#3484=ORIENTED_EDGE('',*,*,#2550,.F.);
#3485=ORIENTED_EDGE('',*,*,#2501,.F.);
#3486=ORIENTED_EDGE('',*,*,#2551,.F.);
#3487=ORIENTED_EDGE('',*,*,#2535,.T.);
#3488=ORIENTED_EDGE('',*,*,#2537,.T.);
#3489=ORIENTED_EDGE('',*,*,#2552,.F.);
#3490=ORIENTED_EDGE('',*,*,#2517,.T.);
#3491=ORIENTED_EDGE('',*,*,#2520,.F.);
#3492=ORIENTED_EDGE('',*,*,#2506,.F.);
#3493=ORIENTED_EDGE('',*,*,#2553,.F.);
#3494=ORIENTED_EDGE('',*,*,#2554,.F.);
#3495=ORIENTED_EDGE('',*,*,#2542,.T.);
#3496=ORIENTED_EDGE('',*,*,#2555,.F.);
#3497=ORIENTED_EDGE('',*,*,#2556,.F.);
#3498=ORIENTED_EDGE('',*,*,#2545,.T.);
#3499=ORIENTED_EDGE('',*,*,#2513,.T.);
#3500=ORIENTED_EDGE('',*,*,#2557,.F.);
#3501=ORIENTED_EDGE('',*,*,#2558,.F.);
#3502=ORIENTED_EDGE('',*,*,#2555,.T.);
#3503=ORIENTED_EDGE('',*,*,#2541,.T.);
#3504=ORIENTED_EDGE('',*,*,#2559,.T.);
#3505=ORIENTED_EDGE('',*,*,#2560,.F.);
#3506=ORIENTED_EDGE('',*,*,#2561,.T.);
#3507=ORIENTED_EDGE('',*,*,#2510,.T.);
#3508=ORIENTED_EDGE('',*,*,#2562,.F.);
#3509=ORIENTED_EDGE('',*,*,#2553,.T.);
#3510=ORIENTED_EDGE('',*,*,#2505,.F.);
#3511=ORIENTED_EDGE('',*,*,#2563,.F.);
#3512=ORIENTED_EDGE('',*,*,#2564,.F.);
#3513=ORIENTED_EDGE('',*,*,#2557,.T.);
#3514=ORIENTED_EDGE('',*,*,#2512,.T.);
#3515=ORIENTED_EDGE('',*,*,#2565,.F.);
#3516=ORIENTED_EDGE('',*,*,#2566,.F.);
#3517=ORIENTED_EDGE('',*,*,#2565,.T.);
#3518=ORIENTED_EDGE('',*,*,#2511,.T.);
#3519=ORIENTED_EDGE('',*,*,#2561,.F.);
#3520=ORIENTED_EDGE('',*,*,#2567,.F.);
#3521=ORIENTED_EDGE('',*,*,#2559,.F.);
#3522=ORIENTED_EDGE('',*,*,#2540,.T.);
#3523=ORIENTED_EDGE('',*,*,#2547,.F.);
#3524=ORIENTED_EDGE('',*,*,#2519,.T.);
#3525=ORIENTED_EDGE('',*,*,#2568,.F.);
#3526=ORIENTED_EDGE('',*,*,#2563,.T.);
#3527=ORIENTED_EDGE('',*,*,#2504,.T.);
#3528=ORIENTED_EDGE('',*,*,#2556,.T.);
#3529=ORIENTED_EDGE('',*,*,#2567,.T.);
#3530=ORIENTED_EDGE('',*,*,#2546,.T.);
#3531=ORIENTED_EDGE('',*,*,#2524,.T.);
#3532=ORIENTED_EDGE('',*,*,#2543,.T.);
#3533=ORIENTED_EDGE('',*,*,#2533,.T.);
#3534=ORIENTED_EDGE('',*,*,#2569,.T.);
#3535=ORIENTED_EDGE('',*,*,#2528,.T.);
#3536=ORIENTED_EDGE('',*,*,#2538,.T.);
#3537=ORIENTED_EDGE('',*,*,#2521,.T.);
#3538=ORIENTED_EDGE('',*,*,#2515,.T.);
#3539=ORIENTED_EDGE('',*,*,#2544,.T.);
#3540=ORIENTED_EDGE('',*,*,#2526,.T.);
#3541=ORIENTED_EDGE('',*,*,#2549,.T.);
#3542=ORIENTED_EDGE('',*,*,#2570,.T.);
#3543=ORIENTED_EDGE('',*,*,#2483,.T.);
#3544=ORIENTED_EDGE('',*,*,#2502,.F.);
#3545=ORIENTED_EDGE('',*,*,#2550,.T.);
#3546=ORIENTED_EDGE('',*,*,#2522,.T.);
#3547=ORIENTED_EDGE('',*,*,#2570,.F.);
#3548=ORIENTED_EDGE('',*,*,#2548,.T.);
#3549=ORIENTED_EDGE('',*,*,#2529,.T.);
#3550=ORIENTED_EDGE('',*,*,#2569,.F.);
#3551=ORIENTED_EDGE('',*,*,#2532,.T.);
#3552=ORIENTED_EDGE('',*,*,#2551,.T.);
#3553=ORIENTED_EDGE('',*,*,#2536,.T.);
#3554=ORIENTED_EDGE('',*,*,#2554,.T.);
#3555=ORIENTED_EDGE('',*,*,#2558,.T.);
#3556=ORIENTED_EDGE('',*,*,#2564,.T.);
#3557=ORIENTED_EDGE('',*,*,#2566,.T.);
#3558=ORIENTED_EDGE('',*,*,#2560,.T.);
#3559=ORIENTED_EDGE('',*,*,#2509,.T.);
#3560=ORIENTED_EDGE('',*,*,#2552,.T.);
#3561=ORIENTED_EDGE('',*,*,#2562,.T.);
#3562=ORIENTED_EDGE('',*,*,#2568,.T.);
#3563=ORIENTED_EDGE('',*,*,#2518,.T.);
#3564=ORIENTED_EDGE('',*,*,#2443,.T.);
#3565=ORIENTED_EDGE('',*,*,#2476,.T.);
#3566=ORIENTED_EDGE('',*,*,#2437,.T.);
#3567=ORIENTED_EDGE('',*,*,#2448,.T.);
#3568=ORIENTED_EDGE('',*,*,#2428,.T.);
#3569=ORIENTED_EDGE('',*,*,#2571,.T.);
#3570=ORIENTED_EDGE('',*,*,#2572,.T.);
#3571=ORIENTED_EDGE('',*,*,#2573,.T.);
#3572=ORIENTED_EDGE('',*,*,#2574,.T.);
#3573=ORIENTED_EDGE('',*,*,#2575,.F.);
#3574=ORIENTED_EDGE('',*,*,#2477,.T.);
#3575=ORIENTED_EDGE('',*,*,#2575,.T.);
#3576=ORIENTED_EDGE('',*,*,#2576,.T.);
#3577=ORIENTED_EDGE('',*,*,#2472,.T.);
#3578=ORIENTED_EDGE('',*,*,#2577,.T.);
#3579=ORIENTED_EDGE('',*,*,#2573,.F.);
#3580=ORIENTED_EDGE('',*,*,#2578,.T.);
#3581=ORIENTED_EDGE('',*,*,#2579,.T.);
#3582=ORIENTED_EDGE('',*,*,#2580,.T.);
#3583=ORIENTED_EDGE('',*,*,#2581,.T.);
#3584=ORIENTED_EDGE('',*,*,#2582,.T.);
#3585=ORIENTED_EDGE('',*,*,#2583,.T.);
#3586=ORIENTED_EDGE('',*,*,#2579,.F.);
#3587=ORIENTED_EDGE('',*,*,#2584,.T.);
#3588=ORIENTED_EDGE('',*,*,#2585,.T.);
#3589=ORIENTED_EDGE('',*,*,#2582,.F.);
#3590=ORIENTED_EDGE('',*,*,#2390,.T.);
#3591=ORIENTED_EDGE('',*,*,#2586,.F.);
#3592=ORIENTED_EDGE('',*,*,#2422,.F.);
#3593=ORIENTED_EDGE('',*,*,#2587,.F.);
#3594=ORIENTED_EDGE('',*,*,#2588,.F.);
#3595=ORIENTED_EDGE('',*,*,#2571,.F.);
#3596=ORIENTED_EDGE('',*,*,#2427,.F.);
#3597=ORIENTED_EDGE('',*,*,#2393,.T.);
#3598=ORIENTED_EDGE('',*,*,#2572,.F.);
#3599=ORIENTED_EDGE('',*,*,#2588,.T.);
#3600=ORIENTED_EDGE('',*,*,#2589,.F.);
#3601=ORIENTED_EDGE('',*,*,#2584,.F.);
#3602=ORIENTED_EDGE('',*,*,#2581,.F.);
#3603=ORIENTED_EDGE('',*,*,#2578,.F.);
#3604=ORIENTED_EDGE('',*,*,#2389,.T.);
#3605=ORIENTED_EDGE('',*,*,#2423,.F.);
#3606=ORIENTED_EDGE('',*,*,#2586,.T.);
#3607=ORIENTED_EDGE('',*,*,#2473,.T.);
#3608=ORIENTED_EDGE('',*,*,#2576,.F.);
#3609=ORIENTED_EDGE('',*,*,#2574,.F.);
#3610=ORIENTED_EDGE('',*,*,#2577,.F.);
#3611=ORIENTED_EDGE('',*,*,#2590,.F.);
#3612=ORIENTED_EDGE('',*,*,#2420,.F.);
#3613=ORIENTED_EDGE('',*,*,#2421,.F.);
#3614=ORIENTED_EDGE('',*,*,#2590,.T.);
#3615=ORIENTED_EDGE('',*,*,#2580,.F.);
#3616=ORIENTED_EDGE('',*,*,#2583,.F.);
#3617=ORIENTED_EDGE('',*,*,#2585,.F.);
#3618=ORIENTED_EDGE('',*,*,#2589,.T.);
#3619=ORIENTED_EDGE('',*,*,#2587,.T.);
#3620=ORIENTED_EDGE('',*,*,#2435,.F.);
#3621=ORIENTED_EDGE('',*,*,#2449,.F.);
#3622=ORIENTED_EDGE('',*,*,#2417,.F.);
#3623=ORIENTED_EDGE('',*,*,#2432,.F.);
#3624=ORIENTED_EDGE('',*,*,#2350,.T.);
#3625=ORIENTED_EDGE('',*,*,#2469,.T.);
#3626=ORIENTED_EDGE('',*,*,#2591,.T.);
#3627=ORIENTED_EDGE('',*,*,#2592,.F.);
#3628=ORIENTED_EDGE('',*,*,#2593,.T.);
#3629=ORIENTED_EDGE('',*,*,#2594,.T.);
#3630=ORIENTED_EDGE('',*,*,#2595,.T.);
#3631=ORIENTED_EDGE('',*,*,#2596,.T.);
#3632=ORIENTED_EDGE('',*,*,#2597,.T.);
#3633=ORIENTED_EDGE('',*,*,#2598,.T.);
#3634=ORIENTED_EDGE('',*,*,#2372,.T.);
#3635=ORIENTED_EDGE('',*,*,#2461,.T.);
#3636=ORIENTED_EDGE('',*,*,#2599,.F.);
#3637=ORIENTED_EDGE('',*,*,#2600,.F.);
#3638=ORIENTED_EDGE('',*,*,#2601,.F.);
#3639=ORIENTED_EDGE('',*,*,#2602,.T.);
#3640=ORIENTED_EDGE('',*,*,#2603,.F.);
#3641=ORIENTED_EDGE('',*,*,#2459,.F.);
#3642=ORIENTED_EDGE('',*,*,#2604,.F.);
#3643=ORIENTED_EDGE('',*,*,#2605,.F.);
#3644=ORIENTED_EDGE('',*,*,#2453,.F.);
#3645=ORIENTED_EDGE('',*,*,#2606,.F.);
#3646=ORIENTED_EDGE('',*,*,#2607,.T.);
#3647=ORIENTED_EDGE('',*,*,#2608,.F.);
#3648=ORIENTED_EDGE('',*,*,#2609,.F.);
#3649=ORIENTED_EDGE('',*,*,#2610,.F.);
#3650=ORIENTED_EDGE('',*,*,#2611,.F.);
#3651=ORIENTED_EDGE('',*,*,#2612,.F.);
#3652=ORIENTED_EDGE('',*,*,#2613,.T.);
#3653=ORIENTED_EDGE('',*,*,#2614,.F.);
#3654=ORIENTED_EDGE('',*,*,#2615,.F.);
#3655=ORIENTED_EDGE('',*,*,#2609,.T.);
#3656=ORIENTED_EDGE('',*,*,#2616,.F.);
#3657=ORIENTED_EDGE('',*,*,#2617,.F.);
#3658=ORIENTED_EDGE('',*,*,#2618,.F.);
#3659=ORIENTED_EDGE('',*,*,#2619,.F.);
#3660=ORIENTED_EDGE('',*,*,#2620,.F.);
#3661=ORIENTED_EDGE('',*,*,#2621,.F.);
#3662=ORIENTED_EDGE('',*,*,#2622,.F.);
#3663=ORIENTED_EDGE('',*,*,#2623,.T.);
#3664=ORIENTED_EDGE('',*,*,#2624,.F.);
#3665=ORIENTED_EDGE('',*,*,#2625,.F.);
#3666=ORIENTED_EDGE('',*,*,#2626,.T.);
#3667=ORIENTED_EDGE('',*,*,#2627,.F.);
#3668=ORIENTED_EDGE('',*,*,#2628,.F.);
#3669=ORIENTED_EDGE('',*,*,#2629,.F.);
#3670=ORIENTED_EDGE('',*,*,#2630,.F.);
#3671=ORIENTED_EDGE('',*,*,#2631,.T.);
#3672=ORIENTED_EDGE('',*,*,#2632,.F.);
#3673=ORIENTED_EDGE('',*,*,#2633,.F.);
#3674=ORIENTED_EDGE('',*,*,#2634,.F.);
#3675=ORIENTED_EDGE('',*,*,#2635,.F.);
#3676=ORIENTED_EDGE('',*,*,#2626,.F.);
#3677=ORIENTED_EDGE('',*,*,#2636,.F.);
#3678=ORIENTED_EDGE('',*,*,#2637,.F.);
#3679=ORIENTED_EDGE('',*,*,#2638,.F.);
#3680=ORIENTED_EDGE('',*,*,#2639,.F.);
#3681=ORIENTED_EDGE('',*,*,#2640,.F.);
#3682=ORIENTED_EDGE('',*,*,#2641,.F.);
#3683=ORIENTED_EDGE('',*,*,#2642,.F.);
#3684=ORIENTED_EDGE('',*,*,#2643,.F.);
#3685=ORIENTED_EDGE('',*,*,#2644,.F.);
#3686=ORIENTED_EDGE('',*,*,#2645,.T.);
#3687=ORIENTED_EDGE('',*,*,#2646,.F.);
#3688=ORIENTED_EDGE('',*,*,#2647,.F.);
#3689=ORIENTED_EDGE('',*,*,#2648,.T.);
#3690=ORIENTED_EDGE('',*,*,#2596,.F.);
#3691=ORIENTED_EDGE('',*,*,#2649,.F.);
#3692=ORIENTED_EDGE('',*,*,#2650,.F.);
#3693=ORIENTED_EDGE('',*,*,#2651,.F.);
#3694=ORIENTED_EDGE('',*,*,#2652,.F.);
#3695=ORIENTED_EDGE('',*,*,#2653,.F.);
#3696=ORIENTED_EDGE('',*,*,#2654,.F.);
#3697=ORIENTED_EDGE('',*,*,#2655,.F.);
#3698=ORIENTED_EDGE('',*,*,#2656,.F.);
#3699=ORIENTED_EDGE('',*,*,#2657,.F.);
#3700=ORIENTED_EDGE('',*,*,#2658,.F.);
#3701=ORIENTED_EDGE('',*,*,#2659,.F.);
#3702=ORIENTED_EDGE('',*,*,#2660,.F.);
#3703=ORIENTED_EDGE('',*,*,#2661,.T.);
#3704=ORIENTED_EDGE('',*,*,#2662,.F.);
#3705=ORIENTED_EDGE('',*,*,#2663,.F.);
#3706=ORIENTED_EDGE('',*,*,#2664,.F.);
#3707=ORIENTED_EDGE('',*,*,#2665,.T.);
#3708=ORIENTED_EDGE('',*,*,#2666,.F.);
#3709=ORIENTED_EDGE('',*,*,#2661,.F.);
#3710=ORIENTED_EDGE('',*,*,#2667,.F.);
#3711=ORIENTED_EDGE('',*,*,#2668,.F.);
#3712=ORIENTED_EDGE('',*,*,#2669,.F.);
#3713=ORIENTED_EDGE('',*,*,#2670,.T.);
#3714=ORIENTED_EDGE('',*,*,#2671,.F.);
#3715=ORIENTED_EDGE('',*,*,#2665,.F.);
#3716=ORIENTED_EDGE('',*,*,#2672,.F.);
#3717=ORIENTED_EDGE('',*,*,#2673,.F.);
#3718=ORIENTED_EDGE('',*,*,#2674,.T.);
#3719=ORIENTED_EDGE('',*,*,#2675,.F.);
#3720=ORIENTED_EDGE('',*,*,#2670,.F.);
#3721=ORIENTED_EDGE('',*,*,#2676,.F.);
#3722=ORIENTED_EDGE('',*,*,#2677,.T.);
#3723=ORIENTED_EDGE('',*,*,#2678,.F.);
#3724=ORIENTED_EDGE('',*,*,#2674,.F.);
#3725=ORIENTED_EDGE('',*,*,#2679,.F.);
#3726=ORIENTED_EDGE('',*,*,#2680,.F.);
#3727=ORIENTED_EDGE('',*,*,#2681,.F.);
#3728=ORIENTED_EDGE('',*,*,#2682,.F.);
#3729=ORIENTED_EDGE('',*,*,#2683,.F.);
#3730=ORIENTED_EDGE('',*,*,#2684,.F.);
#3731=ORIENTED_EDGE('',*,*,#2685,.F.);
#3732=ORIENTED_EDGE('',*,*,#2686,.T.);
#3733=ORIENTED_EDGE('',*,*,#2687,.F.);
#3734=ORIENTED_EDGE('',*,*,#2688,.F.);
#3735=ORIENTED_EDGE('',*,*,#2689,.F.);
#3736=ORIENTED_EDGE('',*,*,#2690,.F.);
#3737=ORIENTED_EDGE('',*,*,#2691,.F.);
#3738=ORIENTED_EDGE('',*,*,#2692,.F.);
#3739=ORIENTED_EDGE('',*,*,#2693,.F.);
#3740=ORIENTED_EDGE('',*,*,#2694,.F.);
#3741=ORIENTED_EDGE('',*,*,#2681,.T.);
#3742=ORIENTED_EDGE('',*,*,#2695,.F.);
#3743=ORIENTED_EDGE('',*,*,#2696,.F.);
#3744=ORIENTED_EDGE('',*,*,#2593,.F.);
#3745=ORIENTED_EDGE('',*,*,#2697,.F.);
#3746=ORIENTED_EDGE('',*,*,#2698,.F.);
#3747=ORIENTED_EDGE('',*,*,#2699,.F.);
#3748=ORIENTED_EDGE('',*,*,#2700,.F.);
#3749=ORIENTED_EDGE('',*,*,#2701,.F.);
#3750=ORIENTED_EDGE('',*,*,#2702,.F.);
#3751=ORIENTED_EDGE('',*,*,#2703,.F.);
#3752=ORIENTED_EDGE('',*,*,#2704,.F.);
#3753=ORIENTED_EDGE('',*,*,#2705,.F.);
#3754=ORIENTED_EDGE('',*,*,#2706,.T.);
#3755=ORIENTED_EDGE('',*,*,#2707,.T.);
#3756=ORIENTED_EDGE('',*,*,#2708,.F.);
#3757=ORIENTED_EDGE('',*,*,#2707,.F.);
#3758=ORIENTED_EDGE('',*,*,#2709,.T.);
#3759=ORIENTED_EDGE('',*,*,#2710,.T.);
#3760=ORIENTED_EDGE('',*,*,#2711,.T.);
#3761=ORIENTED_EDGE('',*,*,#2712,.F.);
#3762=ORIENTED_EDGE('',*,*,#2713,.T.);
#3763=ORIENTED_EDGE('',*,*,#2714,.T.);
#3764=ORIENTED_EDGE('',*,*,#2715,.T.);
#3765=ORIENTED_EDGE('',*,*,#2710,.F.);
#3766=ORIENTED_EDGE('',*,*,#2716,.F.);
#3767=ORIENTED_EDGE('',*,*,#2717,.T.);
#3768=ORIENTED_EDGE('',*,*,#2718,.F.);
#3769=ORIENTED_EDGE('',*,*,#2682,.T.);
#3770=ORIENTED_EDGE('',*,*,#2694,.T.);
#3771=ORIENTED_EDGE('',*,*,#2719,.F.);
#3772=ORIENTED_EDGE('',*,*,#2720,.T.);
#3773=ORIENTED_EDGE('',*,*,#2721,.F.);
#3774=ORIENTED_EDGE('',*,*,#2722,.F.);
#3775=ORIENTED_EDGE('',*,*,#2723,.F.);
#3776=ORIENTED_EDGE('',*,*,#2724,.F.);
#3777=ORIENTED_EDGE('',*,*,#2725,.F.);
#3778=ORIENTED_EDGE('',*,*,#2726,.F.);
#3779=ORIENTED_EDGE('',*,*,#2727,.F.);
#3780=ORIENTED_EDGE('',*,*,#2717,.F.);
#3781=ORIENTED_EDGE('',*,*,#2455,.F.);
#3782=ORIENTED_EDGE('',*,*,#2728,.T.);
#3783=ORIENTED_EDGE('',*,*,#2729,.F.);
#3784=ORIENTED_EDGE('',*,*,#2730,.T.);
#3785=ORIENTED_EDGE('',*,*,#2731,.T.);
#3786=ORIENTED_EDGE('',*,*,#2732,.T.);
#3787=ORIENTED_EDGE('',*,*,#2733,.F.);
#3788=ORIENTED_EDGE('',*,*,#2734,.F.);
#3789=ORIENTED_EDGE('',*,*,#2638,.T.);
#3790=ORIENTED_EDGE('',*,*,#2735,.T.);
#3791=ORIENTED_EDGE('',*,*,#2662,.T.);
#3792=ORIENTED_EDGE('',*,*,#2666,.T.);
#3793=ORIENTED_EDGE('',*,*,#2671,.T.);
#3794=ORIENTED_EDGE('',*,*,#2675,.T.);
#3795=ORIENTED_EDGE('',*,*,#2678,.T.);
#3796=ORIENTED_EDGE('',*,*,#2736,.T.);
#3797=ORIENTED_EDGE('',*,*,#2737,.T.);
#3798=ORIENTED_EDGE('',*,*,#2731,.F.);
#3799=ORIENTED_EDGE('',*,*,#2738,.T.);
#3800=ORIENTED_EDGE('',*,*,#2616,.T.);
#3801=ORIENTED_EDGE('',*,*,#2608,.T.);
#3802=ORIENTED_EDGE('',*,*,#2739,.T.);
#3803=ORIENTED_EDGE('',*,*,#2740,.T.);
#3804=ORIENTED_EDGE('',*,*,#2741,.T.);
#3805=ORIENTED_EDGE('',*,*,#2742,.F.);
#3806=ORIENTED_EDGE('',*,*,#2663,.T.);
#3807=ORIENTED_EDGE('',*,*,#2735,.F.);
#3808=ORIENTED_EDGE('',*,*,#2637,.T.);
#3809=ORIENTED_EDGE('',*,*,#2743,.T.);
#3810=ORIENTED_EDGE('',*,*,#2744,.F.);
#3811=ORIENTED_EDGE('',*,*,#2745,.F.);
#3812=ORIENTED_EDGE('',*,*,#2746,.T.);
#3813=ORIENTED_EDGE('',*,*,#2747,.F.);
#3814=ORIENTED_EDGE('',*,*,#2743,.F.);
#3815=ORIENTED_EDGE('',*,*,#2636,.T.);
#3816=ORIENTED_EDGE('',*,*,#2625,.T.);
#3817=ORIENTED_EDGE('',*,*,#2748,.F.);
#3818=ORIENTED_EDGE('',*,*,#2749,.T.);
#3819=ORIENTED_EDGE('',*,*,#2622,.T.);
#3820=ORIENTED_EDGE('',*,*,#2750,.T.);
#3821=ORIENTED_EDGE('',*,*,#2751,.F.);
#3822=ORIENTED_EDGE('',*,*,#2746,.F.);
#3823=ORIENTED_EDGE('',*,*,#2752,.F.);
#3824=ORIENTED_EDGE('',*,*,#2750,.F.);
#3825=ORIENTED_EDGE('',*,*,#2621,.T.);
#3826=ORIENTED_EDGE('',*,*,#2753,.T.);
#3827=ORIENTED_EDGE('',*,*,#2754,.F.);
#3828=ORIENTED_EDGE('',*,*,#2755,.F.);
#3829=ORIENTED_EDGE('',*,*,#2756,.F.);
#3830=ORIENTED_EDGE('',*,*,#2757,.T.);
#3831=ORIENTED_EDGE('',*,*,#2758,.T.);
#3832=ORIENTED_EDGE('',*,*,#2759,.F.);
#3833=ORIENTED_EDGE('',*,*,#2758,.F.);
#3834=ORIENTED_EDGE('',*,*,#2760,.T.);
#3835=ORIENTED_EDGE('',*,*,#2761,.T.);
#3836=ORIENTED_EDGE('',*,*,#2762,.F.);
#3837=ORIENTED_EDGE('',*,*,#2763,.F.);
#3838=ORIENTED_EDGE('',*,*,#2641,.T.);
#3839=ORIENTED_EDGE('',*,*,#2764,.T.);
#3840=ORIENTED_EDGE('',*,*,#2659,.T.);
#3841=ORIENTED_EDGE('',*,*,#2765,.F.);
#3842=ORIENTED_EDGE('',*,*,#2766,.F.);
#3843=ORIENTED_EDGE('',*,*,#2767,.F.);
#3844=ORIENTED_EDGE('',*,*,#2642,.T.);
#3845=ORIENTED_EDGE('',*,*,#2763,.T.);
#3846=ORIENTED_EDGE('',*,*,#2768,.F.);
#3847=ORIENTED_EDGE('',*,*,#2769,.F.);
#3848=ORIENTED_EDGE('',*,*,#2643,.T.);
#3849=ORIENTED_EDGE('',*,*,#2767,.T.);
#3850=ORIENTED_EDGE('',*,*,#2770,.F.);
#3851=ORIENTED_EDGE('',*,*,#2771,.F.);
#3852=ORIENTED_EDGE('',*,*,#2657,.T.);
#3853=ORIENTED_EDGE('',*,*,#2772,.F.);
#3854=ORIENTED_EDGE('',*,*,#2773,.F.);
#3855=ORIENTED_EDGE('',*,*,#2761,.F.);
#3856=ORIENTED_EDGE('',*,*,#2774,.T.);
#3857=ORIENTED_EDGE('',*,*,#2775,.T.);
#3858=ORIENTED_EDGE('',*,*,#2776,.F.);
#3859=ORIENTED_EDGE('',*,*,#2777,.F.);
#3860=ORIENTED_EDGE('',*,*,#2778,.T.);
#3861=ORIENTED_EDGE('',*,*,#2594,.F.);
#3862=ORIENTED_EDGE('',*,*,#2696,.T.);
#3863=ORIENTED_EDGE('',*,*,#2779,.F.);
#3864=ORIENTED_EDGE('',*,*,#2653,.T.);
#3865=ORIENTED_EDGE('',*,*,#2780,.F.);
#3866=ORIENTED_EDGE('',*,*,#2781,.F.);
#3867=ORIENTED_EDGE('',*,*,#2782,.T.);
#3868=ORIENTED_EDGE('',*,*,#2644,.T.);
#3869=ORIENTED_EDGE('',*,*,#2769,.T.);
#3870=ORIENTED_EDGE('',*,*,#2783,.F.);
#3871=ORIENTED_EDGE('',*,*,#2784,.F.);
#3872=ORIENTED_EDGE('',*,*,#2785,.F.);
#3873=ORIENTED_EDGE('',*,*,#2786,.F.);
#3874=ORIENTED_EDGE('',*,*,#2787,.F.);
#3875=ORIENTED_EDGE('',*,*,#2788,.F.);
#3876=ORIENTED_EDGE('',*,*,#2789,.F.);
#3877=ORIENTED_EDGE('',*,*,#2790,.F.);
#3878=ORIENTED_EDGE('',*,*,#2791,.T.);
#3879=ORIENTED_EDGE('',*,*,#2792,.F.);
#3880=ORIENTED_EDGE('',*,*,#2793,.T.);
#3881=ORIENTED_EDGE('',*,*,#2794,.F.);
#3882=ORIENTED_EDGE('',*,*,#2795,.F.);
#3883=ORIENTED_EDGE('',*,*,#2796,.F.);
#3884=ORIENTED_EDGE('',*,*,#2597,.F.);
#3885=ORIENTED_EDGE('',*,*,#2648,.F.);
#3886=ORIENTED_EDGE('',*,*,#2797,.F.);
#3887=ORIENTED_EDGE('',*,*,#2798,.F.);
#3888=ORIENTED_EDGE('',*,*,#2799,.F.);
#3889=ORIENTED_EDGE('',*,*,#2800,.T.);
#3890=ORIENTED_EDGE('',*,*,#2351,.T.);
#3891=ORIENTED_EDGE('',*,*,#2598,.F.);
#3892=ORIENTED_EDGE('',*,*,#2796,.T.);
#3893=ORIENTED_EDGE('',*,*,#2801,.T.);
#3894=ORIENTED_EDGE('',*,*,#2802,.F.);
#3895=ORIENTED_EDGE('',*,*,#2803,.F.);
#3896=ORIENTED_EDGE('',*,*,#2591,.F.);
#3897=ORIENTED_EDGE('',*,*,#2474,.T.);
#3898=ORIENTED_EDGE('',*,*,#2804,.F.);
#3899=ORIENTED_EDGE('',*,*,#2805,.F.);
#3900=ORIENTED_EDGE('',*,*,#2775,.F.);
#3901=ORIENTED_EDGE('',*,*,#2806,.F.);
#3902=ORIENTED_EDGE('',*,*,#2807,.F.);
#3903=ORIENTED_EDGE('',*,*,#2808,.F.);
#3904=ORIENTED_EDGE('',*,*,#2649,.T.);
#3905=ORIENTED_EDGE('',*,*,#2595,.F.);
#3906=ORIENTED_EDGE('',*,*,#2778,.F.);
#3907=ORIENTED_EDGE('',*,*,#2809,.F.);
#3908=ORIENTED_EDGE('',*,*,#2793,.F.);
#3909=ORIENTED_EDGE('',*,*,#2810,.F.);
#3910=ORIENTED_EDGE('',*,*,#2602,.F.);
#3911=ORIENTED_EDGE('',*,*,#2811,.F.);
#3912=ORIENTED_EDGE('',*,*,#2812,.T.);
#3913=ORIENTED_EDGE('',*,*,#2813,.F.);
#3914=ORIENTED_EDGE('',*,*,#2651,.T.);
#3915=ORIENTED_EDGE('',*,*,#2814,.F.);
#3916=ORIENTED_EDGE('',*,*,#2801,.F.);
#3917=ORIENTED_EDGE('',*,*,#2795,.T.);
#3918=ORIENTED_EDGE('',*,*,#2815,.F.);
#3919=ORIENTED_EDGE('',*,*,#2816,.F.);
#3920=ORIENTED_EDGE('',*,*,#2800,.F.);
#3921=ORIENTED_EDGE('',*,*,#2817,.F.);
#3922=ORIENTED_EDGE('',*,*,#2818,.F.);
#3923=ORIENTED_EDGE('',*,*,#2807,.T.);
#3924=ORIENTED_EDGE('',*,*,#2819,.T.);
#3925=ORIENTED_EDGE('',*,*,#2820,.T.);
#3926=ORIENTED_EDGE('',*,*,#2821,.F.);
#3927=ORIENTED_EDGE('',*,*,#2812,.F.);
#3928=ORIENTED_EDGE('',*,*,#2822,.F.);
#3929=ORIENTED_EDGE('',*,*,#2655,.T.);
#3930=ORIENTED_EDGE('',*,*,#2823,.F.);
#3931=ORIENTED_EDGE('',*,*,#2791,.F.);
#3932=ORIENTED_EDGE('',*,*,#2824,.F.);
#3933=ORIENTED_EDGE('',*,*,#2825,.F.);
#3934=ORIENTED_EDGE('',*,*,#2820,.F.);
#3935=ORIENTED_EDGE('',*,*,#2826,.T.);
#3936=ORIENTED_EDGE('',*,*,#2827,.F.);
#3937=ORIENTED_EDGE('',*,*,#2826,.F.);
#3938=ORIENTED_EDGE('',*,*,#2819,.F.);
#3939=ORIENTED_EDGE('',*,*,#2806,.T.);
#3940=ORIENTED_EDGE('',*,*,#2774,.F.);
#3941=ORIENTED_EDGE('',*,*,#2760,.F.);
#3942=ORIENTED_EDGE('',*,*,#2757,.F.);
#3943=ORIENTED_EDGE('',*,*,#2828,.F.);
#3944=ORIENTED_EDGE('',*,*,#2631,.F.);
#3945=ORIENTED_EDGE('',*,*,#2829,.F.);
#3946=ORIENTED_EDGE('',*,*,#2830,.F.);
#3947=ORIENTED_EDGE('',*,*,#2831,.F.);
#3948=ORIENTED_EDGE('',*,*,#2832,.F.);
#3949=ORIENTED_EDGE('',*,*,#2830,.T.);
#3950=ORIENTED_EDGE('',*,*,#2833,.T.);
#3951=ORIENTED_EDGE('',*,*,#2834,.F.);
#3952=ORIENTED_EDGE('',*,*,#2835,.T.);
#3953=ORIENTED_EDGE('',*,*,#2836,.T.);
#3954=ORIENTED_EDGE('',*,*,#2837,.T.);
#3955=ORIENTED_EDGE('',*,*,#2838,.F.);
#3956=ORIENTED_EDGE('',*,*,#2839,.F.);
#3957=ORIENTED_EDGE('',*,*,#2833,.F.);
#3958=ORIENTED_EDGE('',*,*,#2829,.T.);
#3959=ORIENTED_EDGE('',*,*,#2630,.T.);
#3960=ORIENTED_EDGE('',*,*,#2840,.F.);
#3961=ORIENTED_EDGE('',*,*,#2837,.F.);
#3962=ORIENTED_EDGE('',*,*,#2841,.T.);
#3963=ORIENTED_EDGE('',*,*,#2842,.T.);
#3964=ORIENTED_EDGE('',*,*,#2843,.F.);
#3965=ORIENTED_EDGE('',*,*,#2842,.F.);
#3966=ORIENTED_EDGE('',*,*,#2844,.T.);
#3967=ORIENTED_EDGE('',*,*,#2845,.T.);
#3968=ORIENTED_EDGE('',*,*,#2846,.F.);
#3969=ORIENTED_EDGE('',*,*,#2847,.F.);
#3970=ORIENTED_EDGE('',*,*,#2848,.F.);
#3971=ORIENTED_EDGE('',*,*,#2845,.F.);
#3972=ORIENTED_EDGE('',*,*,#2849,.T.);
#3973=ORIENTED_EDGE('',*,*,#2850,.F.);
#3974=ORIENTED_EDGE('',*,*,#2632,.T.);
#3975=ORIENTED_EDGE('',*,*,#2828,.T.);
#3976=ORIENTED_EDGE('',*,*,#2756,.T.);
#3977=ORIENTED_EDGE('',*,*,#2851,.F.);
#3978=ORIENTED_EDGE('',*,*,#2852,.F.);
#3979=ORIENTED_EDGE('',*,*,#2853,.T.);
#3980=ORIENTED_EDGE('',*,*,#2854,.T.);
#3981=ORIENTED_EDGE('',*,*,#2855,.F.);
#3982=ORIENTED_EDGE('',*,*,#2849,.F.);
#3983=ORIENTED_EDGE('',*,*,#2844,.F.);
#3984=ORIENTED_EDGE('',*,*,#2841,.F.);
#3985=ORIENTED_EDGE('',*,*,#2836,.F.);
#3986=ORIENTED_EDGE('',*,*,#2856,.T.);
#3987=ORIENTED_EDGE('',*,*,#2853,.F.);
#3988=ORIENTED_EDGE('',*,*,#2857,.F.);
#3989=ORIENTED_EDGE('',*,*,#2858,.T.);
#3990=ORIENTED_EDGE('',*,*,#2859,.F.);
#3991=ORIENTED_EDGE('',*,*,#2860,.F.);
#3992=ORIENTED_EDGE('',*,*,#2617,.T.);
#3993=ORIENTED_EDGE('',*,*,#2738,.F.);
#3994=ORIENTED_EDGE('',*,*,#2730,.F.);
#3995=ORIENTED_EDGE('',*,*,#2861,.F.);
#3996=ORIENTED_EDGE('',*,*,#2686,.F.);
#3997=ORIENTED_EDGE('',*,*,#2862,.F.);
#3998=ORIENTED_EDGE('',*,*,#2863,.F.);
#3999=ORIENTED_EDGE('',*,*,#2713,.F.);
#4000=ORIENTED_EDGE('',*,*,#2709,.F.);
#4001=ORIENTED_EDGE('',*,*,#2706,.F.);
#4002=ORIENTED_EDGE('',*,*,#2864,.F.);
#4003=ORIENTED_EDGE('',*,*,#2865,.F.);
#4004=ORIENTED_EDGE('',*,*,#2866,.F.);
#4005=ORIENTED_EDGE('',*,*,#2867,.F.);
#4006=ORIENTED_EDGE('',*,*,#2868,.F.);
#4007=ORIENTED_EDGE('',*,*,#2869,.T.);
#4008=ORIENTED_EDGE('',*,*,#2857,.T.);
#4009=ORIENTED_EDGE('',*,*,#2852,.T.);
#4010=ORIENTED_EDGE('',*,*,#2870,.F.);
#4011=ORIENTED_EDGE('',*,*,#2871,.F.);
#4012=ORIENTED_EDGE('',*,*,#2872,.F.);
#4013=ORIENTED_EDGE('',*,*,#2871,.T.);
#4014=ORIENTED_EDGE('',*,*,#2873,.F.);
#4015=ORIENTED_EDGE('',*,*,#2874,.F.);
#4016=ORIENTED_EDGE('',*,*,#2859,.T.);
#4017=ORIENTED_EDGE('',*,*,#2875,.T.);
#4018=ORIENTED_EDGE('',*,*,#2876,.F.);
#4019=ORIENTED_EDGE('',*,*,#2877,.F.);
#4020=ORIENTED_EDGE('',*,*,#2867,.T.);
#4021=ORIENTED_EDGE('',*,*,#2878,.T.);
#4022=ORIENTED_EDGE('',*,*,#2879,.F.);
#4023=ORIENTED_EDGE('',*,*,#2880,.F.);
#4024=ORIENTED_EDGE('',*,*,#2881,.F.);
#4025=ORIENTED_EDGE('',*,*,#2882,.T.);
#4026=ORIENTED_EDGE('',*,*,#2883,.T.);
#4027=ORIENTED_EDGE('',*,*,#2884,.F.);
#4028=ORIENTED_EDGE('',*,*,#2885,.F.);
#4029=ORIENTED_EDGE('',*,*,#2886,.F.);
#4030=ORIENTED_EDGE('',*,*,#2887,.T.);
#4031=ORIENTED_EDGE('',*,*,#2612,.T.);
#4032=ORIENTED_EDGE('',*,*,#2888,.F.);
#4033=ORIENTED_EDGE('',*,*,#2618,.T.);
#4034=ORIENTED_EDGE('',*,*,#2860,.T.);
#4035=ORIENTED_EDGE('',*,*,#2874,.T.);
#4036=ORIENTED_EDGE('',*,*,#2889,.F.);
#4037=ORIENTED_EDGE('',*,*,#2890,.F.);
#4038=ORIENTED_EDGE('',*,*,#2891,.F.);
#4039=ORIENTED_EDGE('',*,*,#2892,.T.);
#4040=ORIENTED_EDGE('',*,*,#2893,.F.);
#4041=ORIENTED_EDGE('',*,*,#2878,.F.);
#4042=ORIENTED_EDGE('',*,*,#2866,.T.);
#4043=ORIENTED_EDGE('',*,*,#2894,.T.);
#4044=ORIENTED_EDGE('',*,*,#2895,.F.);
#4045=ORIENTED_EDGE('',*,*,#2896,.F.);
#4046=ORIENTED_EDGE('',*,*,#2897,.F.);
#4047=ORIENTED_EDGE('',*,*,#2885,.T.);
#4048=ORIENTED_EDGE('',*,*,#2898,.F.);
#4049=ORIENTED_EDGE('',*,*,#2899,.F.);
#4050=ORIENTED_EDGE('',*,*,#2890,.T.);
#4051=ORIENTED_EDGE('',*,*,#2900,.F.);
#4052=ORIENTED_EDGE('',*,*,#2901,.F.);
#4053=ORIENTED_EDGE('',*,*,#2880,.T.);
#4054=ORIENTED_EDGE('',*,*,#2902,.F.);
#4055=ORIENTED_EDGE('',*,*,#2903,.F.);
#4056=ORIENTED_EDGE('',*,*,#2904,.F.);
#4057=ORIENTED_EDGE('',*,*,#2892,.F.);
#4058=ORIENTED_EDGE('',*,*,#2905,.F.);
#4059=ORIENTED_EDGE('',*,*,#2906,.F.);
#4060=ORIENTED_EDGE('',*,*,#2907,.F.);
#4061=ORIENTED_EDGE('',*,*,#2882,.F.);
#4062=ORIENTED_EDGE('',*,*,#2908,.F.);
#4063=ORIENTED_EDGE('',*,*,#2909,.T.);
#4064=ORIENTED_EDGE('',*,*,#2736,.F.);
#4065=ORIENTED_EDGE('',*,*,#2677,.F.);
#4066=ORIENTED_EDGE('',*,*,#2910,.F.);
#4067=ORIENTED_EDGE('',*,*,#2732,.F.);
#4068=ORIENTED_EDGE('',*,*,#2737,.F.);
#4069=ORIENTED_EDGE('',*,*,#2909,.F.);
#4070=ORIENTED_EDGE('',*,*,#2911,.F.);
#4071=ORIENTED_EDGE('',*,*,#2711,.F.);
#4072=ORIENTED_EDGE('',*,*,#2715,.F.);
#4073=ORIENTED_EDGE('',*,*,#2912,.F.);
#4074=ORIENTED_EDGE('',*,*,#2913,.F.);
#4075=ORIENTED_EDGE('',*,*,#2914,.T.);
#4076=ORIENTED_EDGE('',*,*,#2454,.F.);
#4077=ORIENTED_EDGE('',*,*,#2605,.T.);
#4078=ORIENTED_EDGE('',*,*,#2915,.F.);
#4079=ORIENTED_EDGE('',*,*,#2728,.F.);
#4080=ORIENTED_EDGE('',*,*,#2916,.F.);
#4081=ORIENTED_EDGE('',*,*,#2917,.F.);
#4082=ORIENTED_EDGE('',*,*,#2894,.F.);
#4083=ORIENTED_EDGE('',*,*,#2865,.T.);
#4084=ORIENTED_EDGE('',*,*,#2918,.F.);
#4085=ORIENTED_EDGE('',*,*,#2919,.F.);
#4086=ORIENTED_EDGE('',*,*,#2920,.T.);
#4087=ORIENTED_EDGE('',*,*,#2921,.F.);
#4088=ORIENTED_EDGE('',*,*,#2922,.F.);
#4089=ORIENTED_EDGE('',*,*,#2918,.T.);
#4090=ORIENTED_EDGE('',*,*,#2864,.T.);
#4091=ORIENTED_EDGE('',*,*,#2705,.T.);
#4092=ORIENTED_EDGE('',*,*,#2923,.F.);
#4093=ORIENTED_EDGE('',*,*,#2924,.F.);
#4094=ORIENTED_EDGE('',*,*,#2925,.F.);
#4095=ORIENTED_EDGE('',*,*,#2926,.F.);
#4096=ORIENTED_EDGE('',*,*,#2920,.F.);
#4097=ORIENTED_EDGE('',*,*,#2927,.F.);
#4098=ORIENTED_EDGE('',*,*,#2667,.T.);
#4099=ORIENTED_EDGE('',*,*,#2660,.T.);
#4100=ORIENTED_EDGE('',*,*,#2764,.F.);
#4101=ORIENTED_EDGE('',*,*,#2640,.T.);
#4102=ORIENTED_EDGE('',*,*,#2928,.T.);
#4103=ORIENTED_EDGE('',*,*,#2929,.F.);
#4104=ORIENTED_EDGE('',*,*,#2896,.T.);
#4105=ORIENTED_EDGE('',*,*,#2930,.F.);
#4106=ORIENTED_EDGE('',*,*,#2931,.F.);
#4107=ORIENTED_EDGE('',*,*,#2928,.F.);
#4108=ORIENTED_EDGE('',*,*,#2639,.T.);
#4109=ORIENTED_EDGE('',*,*,#2741,.F.);
#4110=ORIENTED_EDGE('',*,*,#2932,.F.);
#4111=ORIENTED_EDGE('',*,*,#2933,.F.);
#4112=ORIENTED_EDGE('',*,*,#2613,.F.);
#4113=ORIENTED_EDGE('',*,*,#2887,.F.);
#4114=ORIENTED_EDGE('',*,*,#2934,.F.);
#4115=ORIENTED_EDGE('',*,*,#2935,.F.);
#4116=ORIENTED_EDGE('',*,*,#2932,.T.);
#4117=ORIENTED_EDGE('',*,*,#2740,.F.);
#4118=ORIENTED_EDGE('',*,*,#2936,.F.);
#4119=ORIENTED_EDGE('',*,*,#2937,.F.);
#4120=ORIENTED_EDGE('',*,*,#2936,.T.);
#4121=ORIENTED_EDGE('',*,*,#2739,.F.);
#4122=ORIENTED_EDGE('',*,*,#2607,.F.);
#4123=ORIENTED_EDGE('',*,*,#2938,.F.);
#4124=ORIENTED_EDGE('',*,*,#2875,.F.);
#4125=ORIENTED_EDGE('',*,*,#2858,.F.);
#4126=ORIENTED_EDGE('',*,*,#2869,.F.);
#4127=ORIENTED_EDGE('',*,*,#2939,.F.);
#4128=ORIENTED_EDGE('',*,*,#2940,.T.);
#4129=ORIENTED_EDGE('',*,*,#2941,.T.);
#4130=ORIENTED_EDGE('',*,*,#2942,.F.);
#4131=ORIENTED_EDGE('',*,*,#2722,.T.);
#4132=ORIENTED_EDGE('',*,*,#2943,.F.);
#4133=ORIENTED_EDGE('',*,*,#2944,.F.);
#4134=ORIENTED_EDGE('',*,*,#2862,.T.);
#4135=ORIENTED_EDGE('',*,*,#2685,.T.);
#4136=ORIENTED_EDGE('',*,*,#2945,.F.);
#4137=ORIENTED_EDGE('',*,*,#2725,.T.);
#4138=ORIENTED_EDGE('',*,*,#2946,.F.);
#4139=ORIENTED_EDGE('',*,*,#2947,.F.);
#4140=ORIENTED_EDGE('',*,*,#2854,.F.);
#4141=ORIENTED_EDGE('',*,*,#2856,.F.);
#4142=ORIENTED_EDGE('',*,*,#2835,.F.);
#4143=ORIENTED_EDGE('',*,*,#2948,.F.);
#4144=ORIENTED_EDGE('',*,*,#2949,.F.);
#4145=ORIENTED_EDGE('',*,*,#2912,.T.);
#4146=ORIENTED_EDGE('',*,*,#2714,.F.);
#4147=ORIENTED_EDGE('',*,*,#2863,.T.);
#4148=ORIENTED_EDGE('',*,*,#2944,.T.);
#4149=ORIENTED_EDGE('',*,*,#2950,.F.);
#4150=ORIENTED_EDGE('',*,*,#2951,.F.);
#4151=ORIENTED_EDGE('',*,*,#2952,.T.);
#4152=ORIENTED_EDGE('',*,*,#2953,.F.);
#4153=ORIENTED_EDGE('',*,*,#2914,.F.);
#4154=ORIENTED_EDGE('',*,*,#2954,.F.);
#4155=ORIENTED_EDGE('',*,*,#2941,.F.);
#4156=ORIENTED_EDGE('',*,*,#2955,.T.);
#4157=ORIENTED_EDGE('',*,*,#2956,.F.);
#4158=ORIENTED_EDGE('',*,*,#2957,.F.);
#4159=ORIENTED_EDGE('',*,*,#2958,.F.);
#4160=ORIENTED_EDGE('',*,*,#2959,.F.);
#4161=ORIENTED_EDGE('',*,*,#2960,.F.);
#4162=ORIENTED_EDGE('',*,*,#2883,.F.);
#4163=ORIENTED_EDGE('',*,*,#2907,.T.);
#4164=ORIENTED_EDGE('',*,*,#2961,.F.);
#4165=ORIENTED_EDGE('',*,*,#2955,.F.);
#4166=ORIENTED_EDGE('',*,*,#2940,.F.);
#4167=ORIENTED_EDGE('',*,*,#2962,.F.);
#4168=ORIENTED_EDGE('',*,*,#2963,.F.);
#4169=ORIENTED_EDGE('',*,*,#2964,.F.);
#4170=ORIENTED_EDGE('',*,*,#2965,.F.);
#4171=ORIENTED_EDGE('',*,*,#2966,.F.);
#4172=ORIENTED_EDGE('',*,*,#2952,.F.);
#4173=ORIENTED_EDGE('',*,*,#2322,.T.);
#4174=ORIENTED_EDGE('',*,*,#2967,.F.);
#4175=ORIENTED_EDGE('',*,*,#2687,.T.);
#4176=ORIENTED_EDGE('',*,*,#2861,.T.);
#4177=ORIENTED_EDGE('',*,*,#2729,.T.);
#4178=ORIENTED_EDGE('',*,*,#2915,.T.);
#4179=ORIENTED_EDGE('',*,*,#2604,.T.);
#4180=ORIENTED_EDGE('',*,*,#2458,.F.);
#4181=ORIENTED_EDGE('',*,*,#2342,.T.);
#4182=ORIENTED_EDGE('',*,*,#2457,.F.);
#4183=ORIENTED_EDGE('',*,*,#2968,.F.);
#4184=ORIENTED_EDGE('',*,*,#2969,.F.);
#4185=ORIENTED_EDGE('',*,*,#2970,.F.);
#4186=ORIENTED_EDGE('',*,*,#2971,.F.);
#4187=ORIENTED_EDGE('',*,*,#2383,.T.);
#4188=ORIENTED_EDGE('',*,*,#2972,.F.);
#4189=ORIENTED_EDGE('',*,*,#2973,.F.);
#4190=ORIENTED_EDGE('',*,*,#2974,.F.);
#4191=ORIENTED_EDGE('',*,*,#2720,.F.);
#4192=ORIENTED_EDGE('',*,*,#2975,.F.);
#4193=ORIENTED_EDGE('',*,*,#2976,.F.);
#4194=ORIENTED_EDGE('',*,*,#2977,.F.);
#4195=ORIENTED_EDGE('',*,*,#2451,.T.);
#4196=ORIENTED_EDGE('',*,*,#2978,.F.);
#4197=ORIENTED_EDGE('',*,*,#2979,.F.);
#4198=ORIENTED_EDGE('',*,*,#2980,.F.);
#4199=ORIENTED_EDGE('',*,*,#2969,.T.);
#4200=ORIENTED_EDGE('',*,*,#2981,.F.);
#4201=ORIENTED_EDGE('',*,*,#2982,.F.);
#4202=ORIENTED_EDGE('',*,*,#2983,.F.);
#4203=ORIENTED_EDGE('',*,*,#2984,.F.);
#4204=ORIENTED_EDGE('',*,*,#2985,.F.);
#4205=ORIENTED_EDGE('',*,*,#2959,.T.);
#4206=ORIENTED_EDGE('',*,*,#2986,.F.);
#4207=ORIENTED_EDGE('',*,*,#2987,.F.);
#4208=ORIENTED_EDGE('',*,*,#2634,.T.);
#4209=ORIENTED_EDGE('',*,*,#2988,.T.);
#4210=ORIENTED_EDGE('',*,*,#2989,.F.);
#4211=ORIENTED_EDGE('',*,*,#2627,.T.);
#4212=ORIENTED_EDGE('',*,*,#2635,.T.);
#4213=ORIENTED_EDGE('',*,*,#2987,.T.);
#4214=ORIENTED_EDGE('',*,*,#2990,.F.);
#4215=ORIENTED_EDGE('',*,*,#2991,.F.);
#4216=ORIENTED_EDGE('',*,*,#2992,.F.);
#4217=ORIENTED_EDGE('',*,*,#2991,.T.);
#4218=ORIENTED_EDGE('',*,*,#2993,.F.);
#4219=ORIENTED_EDGE('',*,*,#2753,.F.);
#4220=ORIENTED_EDGE('',*,*,#2620,.T.);
#4221=ORIENTED_EDGE('',*,*,#2994,.T.);
#4222=ORIENTED_EDGE('',*,*,#2995,.F.);
#4223=ORIENTED_EDGE('',*,*,#2996,.F.);
#4224=ORIENTED_EDGE('',*,*,#2997,.F.);
#4225=ORIENTED_EDGE('',*,*,#2998,.F.);
#4226=ORIENTED_EDGE('',*,*,#2957,.T.);
#4227=ORIENTED_EDGE('',*,*,#2999,.F.);
#4228=ORIENTED_EDGE('',*,*,#3000,.F.);
#4229=ORIENTED_EDGE('',*,*,#3001,.F.);
#4230=ORIENTED_EDGE('',*,*,#2988,.F.);
#4231=ORIENTED_EDGE('',*,*,#2646,.T.);
#4232=ORIENTED_EDGE('',*,*,#3002,.T.);
#4233=ORIENTED_EDGE('',*,*,#3003,.F.);
#4234=ORIENTED_EDGE('',*,*,#2788,.T.);
#4235=ORIENTED_EDGE('',*,*,#3004,.F.);
#4236=ORIENTED_EDGE('',*,*,#3005,.F.);
#4237=ORIENTED_EDGE('',*,*,#3000,.T.);
#4238=ORIENTED_EDGE('',*,*,#3006,.F.);
#4239=ORIENTED_EDGE('',*,*,#3007,.F.);
#4240=ORIENTED_EDGE('',*,*,#2691,.T.);
#4241=ORIENTED_EDGE('',*,*,#3008,.F.);
#4242=ORIENTED_EDGE('',*,*,#3009,.F.);
#4243=ORIENTED_EDGE('',*,*,#3010,.F.);
#4244=ORIENTED_EDGE('',*,*,#3011,.F.);
#4245=ORIENTED_EDGE('',*,*,#3010,.T.);
#4246=ORIENTED_EDGE('',*,*,#3012,.F.);
#4247=ORIENTED_EDGE('',*,*,#2317,.F.);
#4248=ORIENTED_EDGE('',*,*,#3013,.F.);
#4249=ORIENTED_EDGE('',*,*,#3014,.F.);
#4250=ORIENTED_EDGE('',*,*,#2994,.F.);
#4251=ORIENTED_EDGE('',*,*,#2623,.F.);
#4252=ORIENTED_EDGE('',*,*,#2749,.F.);
#4253=ORIENTED_EDGE('',*,*,#3015,.F.);
#4254=ORIENTED_EDGE('',*,*,#3016,.F.);
#4255=ORIENTED_EDGE('',*,*,#3002,.F.);
#4256=ORIENTED_EDGE('',*,*,#2645,.F.);
#4257=ORIENTED_EDGE('',*,*,#2782,.F.);
#4258=ORIENTED_EDGE('',*,*,#2813,.T.);
#4259=ORIENTED_EDGE('',*,*,#2794,.T.);
#4260=ORIENTED_EDGE('',*,*,#2647,.T.);
#4261=ORIENTED_EDGE('',*,*,#2611,.T.);
#4262=ORIENTED_EDGE('',*,*,#3017,.T.);
#4263=ORIENTED_EDGE('',*,*,#2898,.T.);
#4264=ORIENTED_EDGE('',*,*,#2884,.T.);
#4265=ORIENTED_EDGE('',*,*,#2947,.T.);
#4266=ORIENTED_EDGE('',*,*,#3018,.T.);
#4267=ORIENTED_EDGE('',*,*,#2633,.T.);
#4268=ORIENTED_EDGE('',*,*,#2850,.T.);
#4269=ORIENTED_EDGE('',*,*,#2925,.T.);
#4270=ORIENTED_EDGE('',*,*,#3019,.T.);
#4271=ORIENTED_EDGE('',*,*,#2903,.T.);
#4272=ORIENTED_EDGE('',*,*,#3020,.F.);
#4273=ORIENTED_EDGE('',*,*,#2771,.T.);
#4274=ORIENTED_EDGE('',*,*,#3021,.F.);
#4275=ORIENTED_EDGE('',*,*,#2765,.T.);
#4276=ORIENTED_EDGE('',*,*,#2658,.T.);
#4277=ORIENTED_EDGE('',*,*,#2974,.T.);
#4278=ORIENTED_EDGE('',*,*,#3022,.T.);
#4279=ORIENTED_EDGE('',*,*,#2950,.T.);
#4280=ORIENTED_EDGE('',*,*,#2961,.T.);
#4281=ORIENTED_EDGE('',*,*,#2939,.T.);
#4282=ORIENTED_EDGE('',*,*,#2721,.T.);
#4283=ORIENTED_EDGE('',*,*,#2973,.T.);
#4284=ORIENTED_EDGE('',*,*,#3023,.T.);
#4285=ORIENTED_EDGE('',*,*,#2962,.T.);
#4286=ORIENTED_EDGE('',*,*,#2951,.T.);
#4287=ORIENTED_EDGE('',*,*,#3022,.F.);
#4288=ORIENTED_EDGE('',*,*,#2972,.T.);
#4289=ORIENTED_EDGE('',*,*,#2378,.T.);
#4290=ORIENTED_EDGE('',*,*,#3024,.T.);
#4291=ORIENTED_EDGE('',*,*,#2963,.T.);
#4292=ORIENTED_EDGE('',*,*,#3023,.F.);
#4293=ORIENTED_EDGE('',*,*,#2377,.T.);
#4294=ORIENTED_EDGE('',*,*,#3025,.T.);
#4295=ORIENTED_EDGE('',*,*,#2964,.T.);
#4296=ORIENTED_EDGE('',*,*,#3024,.F.);
#4297=ORIENTED_EDGE('',*,*,#2376,.T.);
#4298=ORIENTED_EDGE('',*,*,#2983,.T.);
#4299=ORIENTED_EDGE('',*,*,#3026,.T.);
#4300=ORIENTED_EDGE('',*,*,#2965,.T.);
#4301=ORIENTED_EDGE('',*,*,#3025,.F.);
#4302=ORIENTED_EDGE('',*,*,#2786,.T.);
#4303=ORIENTED_EDGE('',*,*,#3027,.F.);
#4304=ORIENTED_EDGE('',*,*,#2996,.T.);
#4305=ORIENTED_EDGE('',*,*,#3028,.T.);
#4306=ORIENTED_EDGE('',*,*,#2787,.T.);
#4307=ORIENTED_EDGE('',*,*,#3028,.F.);
#4308=ORIENTED_EDGE('',*,*,#2995,.T.);
#4309=ORIENTED_EDGE('',*,*,#2956,.T.);
#4310=ORIENTED_EDGE('',*,*,#2985,.T.);
#4311=ORIENTED_EDGE('',*,*,#3029,.T.);
#4312=ORIENTED_EDGE('',*,*,#3004,.T.);
#4313=ORIENTED_EDGE('',*,*,#3005,.T.);
#4314=ORIENTED_EDGE('',*,*,#3029,.F.);
#4315=ORIENTED_EDGE('',*,*,#2984,.T.);
#4316=ORIENTED_EDGE('',*,*,#3001,.T.);
#4317=ORIENTED_EDGE('',*,*,#3016,.T.);
#4318=ORIENTED_EDGE('',*,*,#3030,.T.);
#4319=ORIENTED_EDGE('',*,*,#2789,.T.);
#4320=ORIENTED_EDGE('',*,*,#3003,.T.);
#4321=ORIENTED_EDGE('',*,*,#2999,.T.);
#4322=ORIENTED_EDGE('',*,*,#2979,.T.);
#4323=ORIENTED_EDGE('',*,*,#3031,.T.);
#4324=ORIENTED_EDGE('',*,*,#3008,.T.);
#4325=ORIENTED_EDGE('',*,*,#2690,.T.);
#4326=ORIENTED_EDGE('',*,*,#3032,.F.);
#4327=ORIENTED_EDGE('',*,*,#2316,.T.);
#4328=ORIENTED_EDGE('',*,*,#2977,.T.);
#4329=ORIENTED_EDGE('',*,*,#3033,.T.);
#4330=ORIENTED_EDGE('',*,*,#3006,.T.);
#4331=ORIENTED_EDGE('',*,*,#3011,.T.);
#4332=ORIENTED_EDGE('',*,*,#2976,.T.);
#4333=ORIENTED_EDGE('',*,*,#3034,.T.);
#4334=ORIENTED_EDGE('',*,*,#2692,.T.);
#4335=ORIENTED_EDGE('',*,*,#3007,.T.);
#4336=ORIENTED_EDGE('',*,*,#3033,.F.);
#4337=ORIENTED_EDGE('',*,*,#2975,.T.);
#4338=ORIENTED_EDGE('',*,*,#2719,.T.);
#4339=ORIENTED_EDGE('',*,*,#2716,.T.);
#4340=ORIENTED_EDGE('',*,*,#2693,.T.);
#4341=ORIENTED_EDGE('',*,*,#2680,.T.);
#4342=ORIENTED_EDGE('',*,*,#3034,.F.);
#4343=ORIENTED_EDGE('',*,*,#2614,.T.);
#4344=ORIENTED_EDGE('',*,*,#2933,.T.);
#4345=ORIENTED_EDGE('',*,*,#2886,.T.);
#4346=ORIENTED_EDGE('',*,*,#2897,.T.);
#4347=ORIENTED_EDGE('',*,*,#2929,.T.);
#4348=ORIENTED_EDGE('',*,*,#2931,.T.);
#4349=ORIENTED_EDGE('',*,*,#3035,.F.);
#4350=ORIENTED_EDGE('',*,*,#2698,.T.);
#4351=ORIENTED_EDGE('',*,*,#3036,.F.);
#4352=ORIENTED_EDGE('',*,*,#2802,.T.);
#4353=ORIENTED_EDGE('',*,*,#2814,.T.);
#4354=ORIENTED_EDGE('',*,*,#2650,.T.);
#4355=ORIENTED_EDGE('',*,*,#2808,.T.);
#4356=ORIENTED_EDGE('',*,*,#2777,.T.);
#4357=ORIENTED_EDGE('',*,*,#3037,.T.);
#4358=ORIENTED_EDGE('',*,*,#2683,.T.);
#4359=ORIENTED_EDGE('',*,*,#2718,.T.);
#4360=ORIENTED_EDGE('',*,*,#2727,.T.);
#4361=ORIENTED_EDGE('',*,*,#3038,.T.);
#4362=ORIENTED_EDGE('',*,*,#2872,.T.);
#4363=ORIENTED_EDGE('',*,*,#2938,.T.);
#4364=ORIENTED_EDGE('',*,*,#2868,.T.);
#4365=ORIENTED_EDGE('',*,*,#2684,.T.);
#4366=ORIENTED_EDGE('',*,*,#3038,.F.);
#4367=ORIENTED_EDGE('',*,*,#2726,.T.);
#4368=ORIENTED_EDGE('',*,*,#2945,.T.);
#4369=ORIENTED_EDGE('',*,*,#2922,.T.);
#4370=ORIENTED_EDGE('',*,*,#3039,.T.);
#4371=ORIENTED_EDGE('',*,*,#2916,.T.);
#4372=ORIENTED_EDGE('',*,*,#2799,.T.);
#4373=ORIENTED_EDGE('',*,*,#3040,.F.);
#4374=ORIENTED_EDGE('',*,*,#2699,.T.);
#4375=ORIENTED_EDGE('',*,*,#3037,.F.);
#4376=ORIENTED_EDGE('',*,*,#2776,.T.);
#4377=ORIENTED_EDGE('',*,*,#2805,.T.);
#4378=ORIENTED_EDGE('',*,*,#3041,.T.);
#4379=ORIENTED_EDGE('',*,*,#2817,.T.);
#4380=ORIENTED_EDGE('',*,*,#2619,.T.);
#4381=ORIENTED_EDGE('',*,*,#2888,.T.);
#4382=ORIENTED_EDGE('',*,*,#2899,.T.);
#4383=ORIENTED_EDGE('',*,*,#3017,.F.);
#4384=ORIENTED_EDGE('',*,*,#2723,.T.);
#4385=ORIENTED_EDGE('',*,*,#2942,.T.);
#4386=ORIENTED_EDGE('',*,*,#2954,.T.);
#4387=ORIENTED_EDGE('',*,*,#2913,.T.);
#4388=ORIENTED_EDGE('',*,*,#2949,.T.);
#4389=ORIENTED_EDGE('',*,*,#3042,.F.);
#4390=ORIENTED_EDGE('',*,*,#2712,.T.);
#4391=ORIENTED_EDGE('',*,*,#2911,.T.);
#4392=ORIENTED_EDGE('',*,*,#2908,.T.);
#4393=ORIENTED_EDGE('',*,*,#2881,.T.);
#4394=ORIENTED_EDGE('',*,*,#2901,.T.);
#4395=ORIENTED_EDGE('',*,*,#3043,.F.);
#4396=ORIENTED_EDGE('',*,*,#2780,.T.);
#4397=ORIENTED_EDGE('',*,*,#2652,.T.);
#4398=ORIENTED_EDGE('',*,*,#2822,.T.);
#4399=ORIENTED_EDGE('',*,*,#2811,.T.);
#4400=ORIENTED_EDGE('',*,*,#2601,.T.);
#4401=ORIENTED_EDGE('',*,*,#3044,.F.);
#4402=ORIENTED_EDGE('',*,*,#2702,.T.);
#4403=ORIENTED_EDGE('',*,*,#3045,.F.);
#4404=ORIENTED_EDGE('',*,*,#2809,.T.);
#4405=ORIENTED_EDGE('',*,*,#2821,.T.);
#4406=ORIENTED_EDGE('',*,*,#2790,.T.);
#4407=ORIENTED_EDGE('',*,*,#2906,.T.);
#4408=ORIENTED_EDGE('',*,*,#3046,.T.);
#4409=ORIENTED_EDGE('',*,*,#2668,.T.);
#4410=ORIENTED_EDGE('',*,*,#2927,.T.);
#4411=ORIENTED_EDGE('',*,*,#2895,.T.);
#4412=ORIENTED_EDGE('',*,*,#2879,.T.);
#4413=ORIENTED_EDGE('',*,*,#2960,.T.);
#4414=ORIENTED_EDGE('',*,*,#2373,.T.);
#4415=ORIENTED_EDGE('',*,*,#2603,.T.);
#4416=ORIENTED_EDGE('',*,*,#2810,.T.);
#4417=ORIENTED_EDGE('',*,*,#2792,.T.);
#4418=ORIENTED_EDGE('',*,*,#2823,.T.);
#4419=ORIENTED_EDGE('',*,*,#2654,.T.);
#4420=ORIENTED_EDGE('',*,*,#2779,.T.);
#4421=ORIENTED_EDGE('',*,*,#2695,.T.);
#4422=ORIENTED_EDGE('',*,*,#3047,.F.);
#4423=ORIENTED_EDGE('',*,*,#2599,.T.);
#4424=ORIENTED_EDGE('',*,*,#2460,.T.);
#4425=ORIENTED_EDGE('',*,*,#2600,.T.);
#4426=ORIENTED_EDGE('',*,*,#3047,.T.);
#4427=ORIENTED_EDGE('',*,*,#2703,.T.);
#4428=ORIENTED_EDGE('',*,*,#3044,.T.);
#4429=ORIENTED_EDGE('',*,*,#2798,.T.);
#4430=ORIENTED_EDGE('',*,*,#3048,.T.);
#4431=ORIENTED_EDGE('',*,*,#2700,.T.);
#4432=ORIENTED_EDGE('',*,*,#3040,.T.);
#4433=ORIENTED_EDGE('',*,*,#2697,.T.);
#4434=ORIENTED_EDGE('',*,*,#2592,.T.);
#4435=ORIENTED_EDGE('',*,*,#2803,.T.);
#4436=ORIENTED_EDGE('',*,*,#3036,.T.);
#4437=ORIENTED_EDGE('',*,*,#2770,.T.);
#4438=ORIENTED_EDGE('',*,*,#2766,.T.);
#4439=ORIENTED_EDGE('',*,*,#2762,.T.);
#4440=ORIENTED_EDGE('',*,*,#3021,.T.);
#4441=ORIENTED_EDGE('',*,*,#2923,.T.);
#4442=ORIENTED_EDGE('',*,*,#2919,.T.);
#4443=ORIENTED_EDGE('',*,*,#2704,.T.);
#4444=ORIENTED_EDGE('',*,*,#2708,.T.);
#4445=ORIENTED_EDGE('',*,*,#3043,.T.);
#4446=ORIENTED_EDGE('',*,*,#2900,.T.);
#4447=ORIENTED_EDGE('',*,*,#2889,.T.);
#4448=ORIENTED_EDGE('',*,*,#2873,.T.);
#4449=ORIENTED_EDGE('',*,*,#2870,.T.);
#4450=ORIENTED_EDGE('',*,*,#2851,.T.);
#4451=ORIENTED_EDGE('',*,*,#2755,.T.);
#4452=ORIENTED_EDGE('',*,*,#2759,.T.);
#4453=ORIENTED_EDGE('',*,*,#2773,.T.);
#4454=ORIENTED_EDGE('',*,*,#3045,.T.);
#4455=ORIENTED_EDGE('',*,*,#2701,.T.);
#4456=ORIENTED_EDGE('',*,*,#3048,.F.);
#4457=ORIENTED_EDGE('',*,*,#2797,.T.);
#4458=ORIENTED_EDGE('',*,*,#2816,.T.);
#4459=ORIENTED_EDGE('',*,*,#3049,.F.);
#4460=ORIENTED_EDGE('',*,*,#2838,.T.);
#4461=ORIENTED_EDGE('',*,*,#2840,.T.);
#4462=ORIENTED_EDGE('',*,*,#2843,.T.);
#4463=ORIENTED_EDGE('',*,*,#2848,.T.);
#4464=ORIENTED_EDGE('',*,*,#3050,.F.);
#4465=ORIENTED_EDGE('',*,*,#2724,.T.);
#4466=ORIENTED_EDGE('',*,*,#3042,.T.);
#4467=ORIENTED_EDGE('',*,*,#2948,.T.);
#4468=ORIENTED_EDGE('',*,*,#2943,.T.);
#4469=ORIENTED_EDGE('',*,*,#2946,.T.);
#4470=ORIENTED_EDGE('',*,*,#2834,.T.);
#4471=ORIENTED_EDGE('',*,*,#2629,.T.);
#4472=ORIENTED_EDGE('',*,*,#3018,.F.);
#4473=ORIENTED_EDGE('',*,*,#2926,.T.);
#4474=ORIENTED_EDGE('',*,*,#3020,.T.);
#4475=ORIENTED_EDGE('',*,*,#2902,.T.);
#4476=ORIENTED_EDGE('',*,*,#2891,.T.);
#4477=ORIENTED_EDGE('',*,*,#2917,.T.);
#4478=ORIENTED_EDGE('',*,*,#3039,.F.);
#4479=ORIENTED_EDGE('',*,*,#2921,.T.);
#4480=ORIENTED_EDGE('',*,*,#2818,.T.);
#4481=ORIENTED_EDGE('',*,*,#3041,.F.);
#4482=ORIENTED_EDGE('',*,*,#2804,.T.);
#4483=ORIENTED_EDGE('',*,*,#2924,.T.);
#4484=ORIENTED_EDGE('',*,*,#3050,.T.);
#4485=ORIENTED_EDGE('',*,*,#2847,.T.);
#4486=ORIENTED_EDGE('',*,*,#3051,.F.);
#4487=ORIENTED_EDGE('',*,*,#2876,.T.);
#4488=ORIENTED_EDGE('',*,*,#2893,.T.);
#4489=ORIENTED_EDGE('',*,*,#2904,.T.);
#4490=ORIENTED_EDGE('',*,*,#3019,.F.);
#4491=ORIENTED_EDGE('',*,*,#2839,.T.);
#4492=ORIENTED_EDGE('',*,*,#3049,.T.);
#4493=ORIENTED_EDGE('',*,*,#2815,.T.);
#4494=ORIENTED_EDGE('',*,*,#2825,.T.);
#4495=ORIENTED_EDGE('',*,*,#3052,.F.);
#4496=ORIENTED_EDGE('',*,*,#2831,.T.);
#4497=ORIENTED_EDGE('',*,*,#2877,.T.);
#4498=ORIENTED_EDGE('',*,*,#3051,.T.);
#4499=ORIENTED_EDGE('',*,*,#2846,.T.);
#4500=ORIENTED_EDGE('',*,*,#2855,.T.);
#4501=ORIENTED_EDGE('',*,*,#2832,.T.);
#4502=ORIENTED_EDGE('',*,*,#3052,.T.);
#4503=ORIENTED_EDGE('',*,*,#2824,.T.);
#4504=ORIENTED_EDGE('',*,*,#2827,.T.);
#4505=ORIENTED_EDGE('',*,*,#2610,.T.);
#4506=ORIENTED_EDGE('',*,*,#2615,.T.);
#4507=ORIENTED_EDGE('',*,*,#3035,.T.);
#4508=ORIENTED_EDGE('',*,*,#2930,.T.);
#4509=ORIENTED_EDGE('',*,*,#2935,.T.);
#4510=ORIENTED_EDGE('',*,*,#3053,.F.);
#4511=ORIENTED_EDGE('',*,*,#2606,.T.);
#4512=ORIENTED_EDGE('',*,*,#3053,.T.);
#4513=ORIENTED_EDGE('',*,*,#2934,.T.);
#4514=ORIENTED_EDGE('',*,*,#2937,.T.);
#4515=ORIENTED_EDGE('',*,*,#2676,.T.);
#4516=ORIENTED_EDGE('',*,*,#3054,.T.);
#4517=ORIENTED_EDGE('',*,*,#2672,.T.);
#4518=ORIENTED_EDGE('',*,*,#2664,.T.);
#4519=ORIENTED_EDGE('',*,*,#3046,.F.);
#4520=ORIENTED_EDGE('',*,*,#2905,.T.);
#4521=ORIENTED_EDGE('',*,*,#2679,.T.);
#4522=ORIENTED_EDGE('',*,*,#2673,.T.);
#4523=ORIENTED_EDGE('',*,*,#2669,.T.);
#4524=ORIENTED_EDGE('',*,*,#3054,.F.);
#4525=ORIENTED_EDGE('',*,*,#2772,.T.);
#4526=ORIENTED_EDGE('',*,*,#2656,.T.);
#4527=ORIENTED_EDGE('',*,*,#2742,.T.);
#4528=ORIENTED_EDGE('',*,*,#3055,.T.);
#4529=ORIENTED_EDGE('',*,*,#2982,.T.);
#4530=ORIENTED_EDGE('',*,*,#3056,.T.);
#4531=ORIENTED_EDGE('',*,*,#2733,.T.);
#4532=ORIENTED_EDGE('',*,*,#2910,.T.);
#4533=ORIENTED_EDGE('',*,*,#2953,.T.);
#4534=ORIENTED_EDGE('',*,*,#2966,.T.);
#4535=ORIENTED_EDGE('',*,*,#3026,.F.);
#4536=ORIENTED_EDGE('',*,*,#2783,.T.);
#4537=ORIENTED_EDGE('',*,*,#2768,.T.);
#4538=ORIENTED_EDGE('',*,*,#3055,.F.);
#4539=ORIENTED_EDGE('',*,*,#2744,.T.);
#4540=ORIENTED_EDGE('',*,*,#2747,.T.);
#4541=ORIENTED_EDGE('',*,*,#2751,.T.);
#4542=ORIENTED_EDGE('',*,*,#2752,.T.);
#4543=ORIENTED_EDGE('',*,*,#3057,.T.);
#4544=ORIENTED_EDGE('',*,*,#2981,.T.);
#4545=ORIENTED_EDGE('',*,*,#2968,.T.);
#4546=ORIENTED_EDGE('',*,*,#2456,.T.);
#4547=ORIENTED_EDGE('',*,*,#2734,.T.);
#4548=ORIENTED_EDGE('',*,*,#3056,.F.);
#4549=ORIENTED_EDGE('',*,*,#2784,.T.);
#4550=ORIENTED_EDGE('',*,*,#3057,.F.);
#4551=ORIENTED_EDGE('',*,*,#2754,.T.);
#4552=ORIENTED_EDGE('',*,*,#2993,.T.);
#4553=ORIENTED_EDGE('',*,*,#2990,.T.);
#4554=ORIENTED_EDGE('',*,*,#2986,.T.);
#4555=ORIENTED_EDGE('',*,*,#2958,.T.);
#4556=ORIENTED_EDGE('',*,*,#2998,.T.);
#4557=ORIENTED_EDGE('',*,*,#3058,.T.);
#4558=ORIENTED_EDGE('',*,*,#2785,.T.);
#4559=ORIENTED_EDGE('',*,*,#3058,.F.);
#4560=ORIENTED_EDGE('',*,*,#2997,.T.);
#4561=ORIENTED_EDGE('',*,*,#3027,.T.);
#4562=ORIENTED_EDGE('',*,*,#3014,.T.);
#4563=ORIENTED_EDGE('',*,*,#3059,.T.);
#4564=ORIENTED_EDGE('',*,*,#2628,.T.);
#4565=ORIENTED_EDGE('',*,*,#2989,.T.);
#4566=ORIENTED_EDGE('',*,*,#2992,.T.);
#4567=ORIENTED_EDGE('',*,*,#2343,.T.);
#4568=ORIENTED_EDGE('',*,*,#2971,.T.);
#4569=ORIENTED_EDGE('',*,*,#3060,.T.);
#4570=ORIENTED_EDGE('',*,*,#2688,.T.);
#4571=ORIENTED_EDGE('',*,*,#2967,.T.);
#4572=ORIENTED_EDGE('',*,*,#2321,.T.);
#4573=ORIENTED_EDGE('',*,*,#3015,.T.);
#4574=ORIENTED_EDGE('',*,*,#2781,.T.);
#4575=ORIENTED_EDGE('',*,*,#3030,.F.);
#4576=ORIENTED_EDGE('',*,*,#3013,.T.);
#4577=ORIENTED_EDGE('',*,*,#2748,.T.);
#4578=ORIENTED_EDGE('',*,*,#2745,.T.);
#4579=ORIENTED_EDGE('',*,*,#2624,.T.);
#4580=ORIENTED_EDGE('',*,*,#3059,.F.);
#4581=ORIENTED_EDGE('',*,*,#2980,.T.);
#4582=ORIENTED_EDGE('',*,*,#3032,.T.);
#4583=ORIENTED_EDGE('',*,*,#2689,.T.);
#4584=ORIENTED_EDGE('',*,*,#3060,.F.);
#4585=ORIENTED_EDGE('',*,*,#2970,.T.);
#4586=ORIENTED_EDGE('',*,*,#2978,.T.);
#4587=ORIENTED_EDGE('',*,*,#2318,.T.);
#4588=ORIENTED_EDGE('',*,*,#3012,.T.);
#4589=ORIENTED_EDGE('',*,*,#3009,.T.);
#4590=ORIENTED_EDGE('',*,*,#3031,.F.);
#4591=ORIENTED_EDGE('',*,*,#2485,.T.);
#4592=ORIENTED_EDGE('',*,*,#3061,.T.);
#4593=ORIENTED_EDGE('',*,*,#3062,.T.);
#4594=ORIENTED_EDGE('',*,*,#3063,.T.);
#4595=ORIENTED_EDGE('',*,*,#2484,.T.);
#4596=ORIENTED_EDGE('',*,*,#2441,.T.);
#4597=ORIENTED_EDGE('',*,*,#3064,.T.);
#4598=ORIENTED_EDGE('',*,*,#3065,.F.);
#4599=ORIENTED_EDGE('',*,*,#3066,.T.);
#4600=ORIENTED_EDGE('',*,*,#3067,.T.);
#4601=ORIENTED_EDGE('',*,*,#3068,.T.);
#4602=ORIENTED_EDGE('',*,*,#3069,.T.);
#4603=ORIENTED_EDGE('',*,*,#3070,.T.);
#4604=ORIENTED_EDGE('',*,*,#3061,.F.);
#4605=ORIENTED_EDGE('',*,*,#3067,.F.);
#4606=ORIENTED_EDGE('',*,*,#3071,.F.);
#4607=ORIENTED_EDGE('',*,*,#3072,.T.);
#4608=ORIENTED_EDGE('',*,*,#3068,.F.);
#4609=ORIENTED_EDGE('',*,*,#3072,.F.);
#4610=ORIENTED_EDGE('',*,*,#3073,.F.);
#4611=ORIENTED_EDGE('',*,*,#3074,.F.);
#4612=ORIENTED_EDGE('',*,*,#3075,.F.);
#4613=ORIENTED_EDGE('',*,*,#3076,.F.);
#4614=ORIENTED_EDGE('',*,*,#2440,.T.);
#4615=ORIENTED_EDGE('',*,*,#3077,.F.);
#4616=ORIENTED_EDGE('',*,*,#3078,.F.);
#4617=ORIENTED_EDGE('',*,*,#3064,.F.);
#4618=ORIENTED_EDGE('',*,*,#3069,.F.);
#4619=ORIENTED_EDGE('',*,*,#3076,.T.);
#4620=ORIENTED_EDGE('',*,*,#3079,.F.);
#4621=ORIENTED_EDGE('',*,*,#3080,.F.);
#4622=ORIENTED_EDGE('',*,*,#3081,.T.);
#4623=ORIENTED_EDGE('',*,*,#3070,.F.);
#4624=ORIENTED_EDGE('',*,*,#3081,.F.);
#4625=ORIENTED_EDGE('',*,*,#3082,.F.);
#4626=ORIENTED_EDGE('',*,*,#3062,.F.);
#4627=ORIENTED_EDGE('',*,*,#3066,.F.);
#4628=ORIENTED_EDGE('',*,*,#3083,.F.);
#4629=ORIENTED_EDGE('',*,*,#3084,.F.);
#4630=ORIENTED_EDGE('',*,*,#3073,.T.);
#4631=ORIENTED_EDGE('',*,*,#3071,.T.);
#4632=ORIENTED_EDGE('',*,*,#3075,.T.);
#4633=ORIENTED_EDGE('',*,*,#3085,.T.);
#4634=ORIENTED_EDGE('',*,*,#3079,.T.);
#4635=ORIENTED_EDGE('',*,*,#2475,.T.);
#4636=ORIENTED_EDGE('',*,*,#3063,.F.);
#4637=ORIENTED_EDGE('',*,*,#3082,.T.);
#4638=ORIENTED_EDGE('',*,*,#3080,.T.);
#4639=ORIENTED_EDGE('',*,*,#3085,.F.);
#4640=ORIENTED_EDGE('',*,*,#3074,.T.);
#4641=ORIENTED_EDGE('',*,*,#3084,.T.);
#4642=ORIENTED_EDGE('',*,*,#3086,.T.);
#4643=ORIENTED_EDGE('',*,*,#3077,.T.);
#4644=ORIENTED_EDGE('',*,*,#2439,.T.);
#4645=ORIENTED_EDGE('',*,*,#3078,.T.);
#4646=ORIENTED_EDGE('',*,*,#3086,.F.);
#4647=ORIENTED_EDGE('',*,*,#3083,.T.);
#4648=ORIENTED_EDGE('',*,*,#3065,.T.);
#4649=PLANE('',#5043);
#4650=PLANE('',#5044);
#4651=PLANE('',#5045);
#4652=PLANE('',#5046);
#4653=PLANE('',#5047);
#4654=PLANE('',#5048);
#4655=PLANE('',#5049);
#4656=PLANE('',#5050);
#4657=PLANE('',#5051);
#4658=PLANE('',#5052);
#4659=PLANE('',#5053);
#4660=PLANE('',#5054);
#4661=PLANE('',#5055);
#4662=PLANE('',#5056);
#4663=PLANE('',#5057);
#4664=PLANE('',#5058);
#4665=PLANE('',#5059);
#4666=PLANE('',#5060);
#4667=PLANE('',#5061);
#4668=PLANE('',#5062);
#4669=PLANE('',#5063);
#4670=PLANE('',#5064);
#4671=PLANE('',#5065);
#4672=PLANE('',#5066);
#4673=PLANE('',#5067);
#4674=PLANE('',#5068);
#4675=PLANE('',#5069);
#4676=PLANE('',#5070);
#4677=PLANE('',#5071);
#4678=PLANE('',#5072);
#4679=PLANE('',#5073);
#4680=PLANE('',#5074);
#4681=PLANE('',#5075);
#4682=PLANE('',#5076);
#4683=PLANE('',#5077);
#4684=PLANE('',#5078);
#4685=PLANE('',#5079);
#4686=PLANE('',#5080);
#4687=PLANE('',#5081);
#4688=PLANE('',#5082);
#4689=PLANE('',#5083);
#4690=PLANE('',#5084);
#4691=PLANE('',#5085);
#4692=PLANE('',#5086);
#4693=PLANE('',#5087);
#4694=PLANE('',#5088);
#4695=PLANE('',#5089);
#4696=PLANE('',#5090);
#4697=PLANE('',#5091);
#4698=PLANE('',#5092);
#4699=PLANE('',#5093);
#4700=PLANE('',#5094);
#4701=PLANE('',#5095);
#4702=PLANE('',#5096);
#4703=PLANE('',#5097);
#4704=PLANE('',#5098);
#4705=PLANE('',#5099);
#4706=PLANE('',#5100);
#4707=PLANE('',#5101);
#4708=PLANE('',#5102);
#4709=PLANE('',#5103);
#4710=PLANE('',#5104);
#4711=PLANE('',#5105);
#4712=PLANE('',#5106);
#4713=PLANE('',#5107);
#4714=PLANE('',#5108);
#4715=PLANE('',#5109);
#4716=PLANE('',#5110);
#4717=PLANE('',#5111);
#4718=PLANE('',#5112);
#4719=PLANE('',#5113);
#4720=PLANE('',#5114);
#4721=PLANE('',#5115);
#4722=PLANE('',#5116);
#4723=PLANE('',#5117);
#4724=PLANE('',#5118);
#4725=PLANE('',#5119);
#4726=PLANE('',#5120);
#4727=PLANE('',#5121);
#4728=PLANE('',#5122);
#4729=PLANE('',#5123);
#4730=PLANE('',#5124);
#4731=PLANE('',#5125);
#4732=PLANE('',#5126);
#4733=PLANE('',#5127);
#4734=PLANE('',#5128);
#4735=PLANE('',#5129);
#4736=PLANE('',#5130);
#4737=PLANE('',#5131);
#4738=PLANE('',#5132);
#4739=PLANE('',#5133);
#4740=PLANE('',#5134);
#4741=PLANE('',#5135);
#4742=PLANE('',#5136);
#4743=PLANE('',#5137);
#4744=PLANE('',#5138);
#4745=PLANE('',#5139);
#4746=PLANE('',#5140);
#4747=PLANE('',#5141);
#4748=PLANE('',#5142);
#4749=PLANE('',#5143);
#4750=PLANE('',#5144);
#4751=PLANE('',#5145);
#4752=PLANE('',#5146);
#4753=PLANE('',#5147);
#4754=PLANE('',#5148);
#4755=PLANE('',#5149);
#4756=PLANE('',#5150);
#4757=PLANE('',#5151);
#4758=PLANE('',#5152);
#4759=PLANE('',#5153);
#4760=PLANE('',#5154);
#4761=PLANE('',#5155);
#4762=PLANE('',#5156);
#4763=PLANE('',#5157);
#4764=PLANE('',#5158);
#4765=PLANE('',#5159);
#4766=PLANE('',#5160);
#4767=PLANE('',#5161);
#4768=PLANE('',#5162);
#4769=PLANE('',#5163);
#4770=PLANE('',#5164);
#4771=PLANE('',#5165);
#4772=PLANE('',#5166);
#4773=PLANE('',#5167);
#4774=PLANE('',#5168);
#4775=PLANE('',#5169);
#4776=PLANE('',#5170);
#4777=PLANE('',#5171);
#4778=PLANE('',#5172);
#4779=PLANE('',#5173);
#4780=PLANE('',#5174);
#4781=PLANE('',#5175);
#4782=PLANE('',#5176);
#4783=ADVANCED_FACE('',(#585),#4649,.T.);
#4784=ADVANCED_FACE('',(#586),#4650,.F.);
#4785=ADVANCED_FACE('',(#587),#4651,.F.);
#4786=ADVANCED_FACE('',(#588),#4652,.F.);
#4787=ADVANCED_FACE('',(#589,#139,#140),#4653,.T.);
#4788=ADVANCED_FACE('',(#590),#4654,.F.);
#4789=ADVANCED_FACE('',(#591),#4655,.T.);
#4790=ADVANCED_FACE('',(#592),#4656,.T.);
#4791=ADVANCED_FACE('',(#593,#141),#4657,.T.);
#4792=ADVANCED_FACE('',(#594),#4658,.F.);
#4793=ADVANCED_FACE('',(#595),#4659,.T.);
#4794=ADVANCED_FACE('',(#596,#142),#4660,.T.);
#4795=ADVANCED_FACE('',(#597),#4661,.T.);
#4796=ADVANCED_FACE('',(#598),#4662,.F.);
#4797=ADVANCED_FACE('',(#599),#4663,.F.);
#4798=ADVANCED_FACE('',(#600),#4664,.T.);
#4799=ADVANCED_FACE('',(#601),#4665,.T.);
#4800=ADVANCED_FACE('',(#602),#4666,.F.);
#4801=ADVANCED_FACE('',(#603),#4667,.F.);
#4802=ADVANCED_FACE('',(#604,#143),#4668,.T.);
#4803=ADVANCED_FACE('',(#605),#4669,.F.);
#4804=ADVANCED_FACE('',(#606,#144),#4670,.T.);
#4805=ADVANCED_FACE('',(#607),#15,.T.);
#4806=ADVANCED_FACE('',(#608),#16,.T.);
#4807=ADVANCED_FACE('',(#609),#17,.T.);
#4808=ADVANCED_FACE('',(#610),#4671,.T.);
#4809=ADVANCED_FACE('',(#611),#18,.T.);
#4810=ADVANCED_FACE('',(#612),#19,.T.);
#4811=ADVANCED_FACE('',(#613),#20,.T.);
#4812=ADVANCED_FACE('',(#614),#21,.T.);
#4813=ADVANCED_FACE('',(#615),#22,.T.);
#4814=ADVANCED_FACE('',(#616),#4672,.T.);
#4815=ADVANCED_FACE('',(#617),#23,.T.);
#4816=ADVANCED_FACE('',(#618),#24,.T.);
#4817=ADVANCED_FACE('',(#619),#4673,.F.);
#4818=ADVANCED_FACE('',(#620),#4674,.F.);
#4819=ADVANCED_FACE('',(#621),#25,.T.);
#4820=ADVANCED_FACE('',(#622),#26,.T.);
#4821=ADVANCED_FACE('',(#623),#4675,.F.);
#4822=ADVANCED_FACE('',(#624),#4676,.F.);
#4823=ADVANCED_FACE('',(#625),#4677,.F.);
#4824=ADVANCED_FACE('',(#626),#4678,.F.);
#4825=ADVANCED_FACE('',(#627,#145),#4679,.F.);
#4826=ADVANCED_FACE('',(#628),#27,.T.);
#4827=ADVANCED_FACE('',(#629),#4680,.T.);
#4828=ADVANCED_FACE('',(#630),#28,.T.);
#4829=ADVANCED_FACE('',(#631),#29,.T.);
#4830=ADVANCED_FACE('',(#632),#4681,.T.);
#4831=ADVANCED_FACE('',(#633),#30,.T.);
#4832=ADVANCED_FACE('',(#634),#31,.T.);
#4833=ADVANCED_FACE('',(#635),#4682,.T.);
#4834=ADVANCED_FACE('',(#636),#32,.T.);
#4835=ADVANCED_FACE('',(#637),#4683,.T.);
#4836=ADVANCED_FACE('',(#638),#33,.T.);
#4837=ADVANCED_FACE('',(#639),#34,.T.);
#4838=ADVANCED_FACE('',(#640),#35,.T.);
#4839=ADVANCED_FACE('',(#641),#4684,.T.);
#4840=ADVANCED_FACE('',(#642),#4685,.T.);
#4841=ADVANCED_FACE('',(#643),#4686,.T.);
#4842=ADVANCED_FACE('',(#644),#4687,.T.);
#4843=ADVANCED_FACE('',(#645),#36,.T.);
#4844=ADVANCED_FACE('',(#646),#37,.T.);
#4845=ADVANCED_FACE('',(#647),#38,.T.);
#4846=ADVANCED_FACE('',(#648),#4688,.T.);
#4847=ADVANCED_FACE('',(#649),#39,.T.);
#4848=ADVANCED_FACE('',(#650),#40,.T.);
#4849=ADVANCED_FACE('',(#651),#41,.T.);
#4850=ADVANCED_FACE('',(#652),#42,.T.);
#4851=ADVANCED_FACE('',(#653),#43,.T.);
#4852=ADVANCED_FACE('',(#654),#44,.T.);
#4853=ADVANCED_FACE('',(#655),#4689,.T.);
#4854=ADVANCED_FACE('',(#656),#4690,.T.);
#4855=ADVANCED_FACE('',(#657),#45,.T.);
#4856=ADVANCED_FACE('',(#658),#4691,.T.);
#4857=ADVANCED_FACE('',(#659),#4692,.T.);
#4858=ADVANCED_FACE('',(#660),#46,.T.);
#4859=ADVANCED_FACE('',(#661),#47,.T.);
#4860=ADVANCED_FACE('',(#662),#4693,.T.);
#4861=ADVANCED_FACE('',(#663),#48,.T.);
#4862=ADVANCED_FACE('',(#664),#49,.T.);
#4863=ADVANCED_FACE('',(#665),#50,.T.);
#4864=ADVANCED_FACE('',(#666),#51,.T.);
#4865=ADVANCED_FACE('',(#667),#4694,.T.);
#4866=ADVANCED_FACE('',(#668),#52,.T.);
#4867=ADVANCED_FACE('',(#669),#53,.T.);
#4868=ADVANCED_FACE('',(#670),#54,.T.);
#4869=ADVANCED_FACE('',(#671),#4695,.T.);
#4870=ADVANCED_FACE('',(#672),#55,.T.);
#4871=ADVANCED_FACE('',(#673),#56,.T.);
#4872=ADVANCED_FACE('',(#674),#4696,.T.);
#4873=ADVANCED_FACE('',(#675),#57,.T.);
#4874=ADVANCED_FACE('',(#676),#4697,.T.);
#4875=ADVANCED_FACE('',(#677),#4698,.T.);
#4876=ADVANCED_FACE('',(#678),#4699,.T.);
#4877=ADVANCED_FACE('',(#679),#4700,.T.);
#4878=ADVANCED_FACE('',(#680),#4701,.T.);
#4879=ADVANCED_FACE('',(#681),#58,.T.);
#4880=ADVANCED_FACE('',(#682),#4702,.T.);
#4881=ADVANCED_FACE('',(#683),#4703,.T.);
#4882=ADVANCED_FACE('',(#684),#4704,.T.);
#4883=ADVANCED_FACE('',(#685),#59,.T.);
#4884=ADVANCED_FACE('',(#686),#4705,.T.);
#4885=ADVANCED_FACE('',(#687),#60,.T.);
#4886=ADVANCED_FACE('',(#688),#4706,.T.);
#4887=ADVANCED_FACE('',(#689),#61,.T.);
#4888=ADVANCED_FACE('',(#690),#62,.T.);
#4889=ADVANCED_FACE('',(#691),#63,.T.);
#4890=ADVANCED_FACE('',(#692),#64,.T.);
#4891=ADVANCED_FACE('',(#693),#4707,.T.);
#4892=ADVANCED_FACE('',(#694),#4708,.T.);
#4893=ADVANCED_FACE('',(#695),#65,.T.);
#4894=ADVANCED_FACE('',(#696),#66,.T.);
#4895=ADVANCED_FACE('',(#697),#4709,.T.);
#4896=ADVANCED_FACE('',(#698),#4710,.T.);
#4897=ADVANCED_FACE('',(#699),#4711,.T.);
#4898=ADVANCED_FACE('',(#700),#67,.T.);
#4899=ADVANCED_FACE('',(#701),#4712,.T.);
#4900=ADVANCED_FACE('',(#702),#68,.T.);
#4901=ADVANCED_FACE('',(#703),#69,.T.);
#4902=ADVANCED_FACE('',(#704),#4713,.T.);
#4903=ADVANCED_FACE('',(#705),#4714,.T.);
#4904=ADVANCED_FACE('',(#706),#70,.T.);
#4905=ADVANCED_FACE('',(#707),#71,.T.);
#4906=ADVANCED_FACE('',(#708),#72,.T.);
#4907=ADVANCED_FACE('',(#709),#4715,.T.);
#4908=ADVANCED_FACE('',(#710),#4716,.T.);
#4909=ADVANCED_FACE('',(#711),#73,.T.);
#4910=ADVANCED_FACE('',(#712),#74,.T.);
#4911=ADVANCED_FACE('',(#713),#4717,.T.);
#4912=ADVANCED_FACE('',(#714),#4718,.T.);
#4913=ADVANCED_FACE('',(#715),#75,.T.);
#4914=ADVANCED_FACE('',(#716),#76,.T.);
#4915=ADVANCED_FACE('',(#717),#77,.T.);
#4916=ADVANCED_FACE('',(#718),#78,.T.);
#4917=ADVANCED_FACE('',(#719),#79,.T.);
#4918=ADVANCED_FACE('',(#720),#4719,.T.);
#4919=ADVANCED_FACE('',(#721),#80,.T.);
#4920=ADVANCED_FACE('',(#722),#81,.T.);
#4921=ADVANCED_FACE('',(#723),#82,.T.);
#4922=ADVANCED_FACE('',(#724),#83,.T.);
#4923=ADVANCED_FACE('',(#725),#4720,.T.);
#4924=ADVANCED_FACE('',(#726),#84,.T.);
#4925=ADVANCED_FACE('',(#727),#4721,.T.);
#4926=ADVANCED_FACE('',(#728),#4722,.T.);
#4927=ADVANCED_FACE('',(#729),#85,.T.);
#4928=ADVANCED_FACE('',(#730),#4723,.T.);
#4929=ADVANCED_FACE('',(#731),#4724,.T.);
#4930=ADVANCED_FACE('',(#732),#4725,.T.);
#4931=ADVANCED_FACE('',(#733),#4726,.T.);
#4932=ADVANCED_FACE('',(#734),#86,.T.);
#4933=ADVANCED_FACE('',(#735),#87,.T.);
#4934=ADVANCED_FACE('',(#736),#88,.T.);
#4935=ADVANCED_FACE('',(#737),#4727,.T.);
#4936=ADVANCED_FACE('',(#738),#4728,.T.);
#4937=ADVANCED_FACE('',(#739),#4729,.T.);
#4938=ADVANCED_FACE('',(#740),#4730,.T.);
#4939=ADVANCED_FACE('',(#741),#89,.T.);
#4940=ADVANCED_FACE('',(#742),#4731,.T.);
#4941=ADVANCED_FACE('',(#743),#4732,.T.);
#4942=ADVANCED_FACE('',(#744),#4733,.T.);
#4943=ADVANCED_FACE('',(#745),#90,.T.);
#4944=ADVANCED_FACE('',(#746),#91,.T.);
#4945=ADVANCED_FACE('',(#747),#4734,.T.);
#4946=ADVANCED_FACE('',(#748),#4735,.T.);
#4947=ADVANCED_FACE('',(#749),#4736,.T.);
#4948=ADVANCED_FACE('',(#750),#4737,.T.);
#4949=ADVANCED_FACE('',(#751),#4738,.T.);
#4950=ADVANCED_FACE('',(#752),#92,.T.);
#4951=ADVANCED_FACE('',(#753),#4739,.T.);
#4952=ADVANCED_FACE('',(#754),#4740,.T.);
#4953=ADVANCED_FACE('',(#755),#93,.T.);
#4954=ADVANCED_FACE('',(#756),#94,.T.);
#4955=ADVANCED_FACE('',(#757),#95,.T.);
#4956=ADVANCED_FACE('',(#758),#4741,.T.);
#4957=ADVANCED_FACE('',(#759),#96,.T.);
#4958=ADVANCED_FACE('',(#760),#4742,.T.);
#4959=ADVANCED_FACE('',(#761),#97,.T.);
#4960=ADVANCED_FACE('',(#762),#4743,.T.);
#4961=ADVANCED_FACE('',(#763),#98,.T.);
#4962=ADVANCED_FACE('',(#764),#4744,.T.);
#4963=ADVANCED_FACE('',(#765),#4745,.T.);
#4964=ADVANCED_FACE('',(#766),#99,.T.);
#4965=ADVANCED_FACE('',(#767),#100,.T.);
#4966=ADVANCED_FACE('',(#768),#4746,.T.);
#4967=ADVANCED_FACE('',(#769),#4747,.T.);
#4968=ADVANCED_FACE('',(#770),#4748,.T.);
#4969=ADVANCED_FACE('',(#771),#101,.T.);
#4970=ADVANCED_FACE('',(#772),#102,.T.);
#4971=ADVANCED_FACE('',(#773),#4749,.T.);
#4972=ADVANCED_FACE('',(#774),#4750,.T.);
#4973=ADVANCED_FACE('',(#775),#103,.T.);
#4974=ADVANCED_FACE('',(#776),#104,.T.);
#4975=ADVANCED_FACE('',(#777),#4751,.T.);
#4976=ADVANCED_FACE('',(#778),#105,.T.);
#4977=ADVANCED_FACE('',(#779),#4752,.T.);
#4978=ADVANCED_FACE('',(#780),#106,.T.);
#4979=ADVANCED_FACE('',(#781),#107,.T.);
#4980=ADVANCED_FACE('',(#782),#108,.T.);
#4981=ADVANCED_FACE('',(#783),#4753,.T.);
#4982=ADVANCED_FACE('',(#784),#109,.T.);
#4983=ADVANCED_FACE('',(#785),#4754,.T.);
#4984=ADVANCED_FACE('',(#786),#110,.T.);
#4985=ADVANCED_FACE('',(#787),#4755,.T.);
#4986=ADVANCED_FACE('',(#788),#111,.T.);
#4987=ADVANCED_FACE('',(#789),#112,.T.);
#4988=ADVANCED_FACE('',(#790),#113,.T.);
#4989=ADVANCED_FACE('',(#791),#114,.T.);
#4990=ADVANCED_FACE('',(#792),#4756,.T.);
#4991=ADVANCED_FACE('',(#793),#4757,.T.);
#4992=ADVANCED_FACE('',(#794),#4758,.T.);
#4993=ADVANCED_FACE('',(#795),#4759,.T.);
#4994=ADVANCED_FACE('',(#796),#4760,.T.);
#4995=ADVANCED_FACE('',(#797),#115,.T.);
#4996=ADVANCED_FACE('',(#798),#116,.T.);
#4997=ADVANCED_FACE('',(#799),#117,.T.);
#4998=ADVANCED_FACE('',(#800),#118,.T.);
#4999=ADVANCED_FACE('',(#801),#119,.T.);
#5000=ADVANCED_FACE('',(#802),#120,.T.);
#5001=ADVANCED_FACE('',(#803),#4761,.T.);
#5002=ADVANCED_FACE('',(#804),#4762,.T.);
#5003=ADVANCED_FACE('',(#805),#4763,.T.);
#5004=ADVANCED_FACE('',(#806),#4764,.T.);
#5005=ADVANCED_FACE('',(#807),#4765,.T.);
#5006=ADVANCED_FACE('',(#808),#4766,.T.);
#5007=ADVANCED_FACE('',(#809),#121,.T.);
#5008=ADVANCED_FACE('',(#810),#122,.T.);
#5009=ADVANCED_FACE('',(#811),#123,.T.);
#5010=ADVANCED_FACE('',(#812),#124,.T.);
#5011=ADVANCED_FACE('',(#813),#125,.T.);
#5012=ADVANCED_FACE('',(#814),#4767,.T.);
#5013=ADVANCED_FACE('',(#815),#4768,.T.);
#5014=ADVANCED_FACE('',(#816),#4769,.T.);
#5015=ADVANCED_FACE('',(#817),#126,.T.);
#5016=ADVANCED_FACE('',(#818),#4770,.T.);
#5017=ADVANCED_FACE('',(#819),#127,.T.);
#5018=ADVANCED_FACE('',(#820),#4771,.T.);
#5019=ADVANCED_FACE('',(#821),#4772,.T.);
#5020=ADVANCED_FACE('',(#822),#4773,.T.);
#5021=ADVANCED_FACE('',(#823),#4774,.T.);
#5022=ADVANCED_FACE('',(#824),#128,.T.);
#5023=ADVANCED_FACE('',(#825),#129,.T.);
#5024=ADVANCED_FACE('',(#826),#130,.T.);
#5025=ADVANCED_FACE('',(#827),#131,.T.);
#5026=ADVANCED_FACE('',(#828),#4775,.T.);
#5027=ADVANCED_FACE('',(#829),#4776,.T.);
#5028=ADVANCED_FACE('',(#830),#4777,.T.);
#5029=ADVANCED_FACE('',(#831),#132,.T.);
#5030=ADVANCED_FACE('',(#832),#4778,.T.);
#5031=ADVANCED_FACE('',(#833),#133,.T.);
#5032=ADVANCED_FACE('',(#834),#4779,.T.);
#5033=ADVANCED_FACE('',(#835),#4780,.T.);
#5034=ADVANCED_FACE('',(#836),#134,.T.);
#5035=ADVANCED_FACE('',(#837),#135,.T.);
#5036=ADVANCED_FACE('',(#838),#136,.T.);
#5037=ADVANCED_FACE('',(#839),#137,.T.);
#5038=ADVANCED_FACE('',(#840),#4781,.T.);
#5039=ADVANCED_FACE('',(#841),#138,.T.);
#5040=ADVANCED_FACE('',(#842),#4782,.T.);
#5041=CLOSED_SHELL('',(#4783,#4784,#4785,#4786,#4787,#4788,#4789,#4790,
#4791,#4792,#4793,#4794,#4795,#4796,#4797,#4798,#4799,#4800,#4801,#4802,
#4803,#4804,#4805,#4806,#4807,#4808,#4809,#4810,#4811,#4812,#4813,#4814,
#4815,#4816,#4817,#4818,#4819,#4820,#4821,#4822,#4823,#4824,#4825,#4826,
#4827,#4828,#4829,#4830,#4831,#4832,#4833,#4834,#4835,#4836,#4837,#4838,
#4839,#4840,#4841,#4842,#4843,#4844,#4845,#4846,#4847,#4848,#4849,#4850,
#4851,#4852,#4853,#4854,#4855,#4856,#4857,#4858,#4859,#4860,#4861,#4862,
#4863,#4864,#4865,#4866,#4867,#4868,#4869,#4870,#4871,#4872,#4873,#4874,
#4875,#4876,#4877,#4878,#4879,#4880,#4881,#4882,#4883,#4884,#4885,#4886,
#4887,#4888,#4889,#4890,#4891,#4892,#4893,#4894,#4895,#4896,#4897,#4898,
#4899,#4900,#4901,#4902,#4903,#4904,#4905,#4906,#4907,#4908,#4909,#4910,
#4911,#4912,#4913,#4914,#4915,#4916,#4917,#4918,#4919,#4920,#4921,#4922,
#4923,#4924,#4925,#4926,#4927,#4928,#4929,#4930,#4931,#4932,#4933,#4934,
#4935,#4936,#4937,#4938,#4939,#4940,#4941,#4942,#4943,#4944,#4945,#4946,
#4947,#4948,#4949,#4950,#4951,#4952,#4953,#4954,#4955,#4956,#4957,#4958,
#4959,#4960,#4961,#4962,#4963,#4964,#4965,#4966,#4967,#4968,#4969,#4970,
#4971,#4972,#4973,#4974,#4975,#4976,#4977,#4978,#4979,#4980,#4981,#4982,
#4983,#4984,#4985,#4986,#4987,#4988,#4989,#4990,#4991,#4992,#4993,#4994,
#4995,#4996,#4997,#4998,#4999,#5000,#5001,#5002,#5003,#5004,#5005,#5006,
#5007,#5008,#5009,#5010,#5011,#5012,#5013,#5014,#5015,#5016,#5017,#5018,
#5019,#5020,#5021,#5022,#5023,#5024,#5025,#5026,#5027,#5028,#5029,#5030,
#5031,#5032,#5033,#5034,#5035,#5036,#5037,#5038,#5039,#5040));
#5042=AXIS2_PLACEMENT_3D('',#5789,#5177,#5178);
#5043=AXIS2_PLACEMENT_3D('',#5790,#5179,#5180);
#5044=AXIS2_PLACEMENT_3D('',#5799,#5185,#5186);
#5045=AXIS2_PLACEMENT_3D('',#5805,#5190,#5191);
#5046=AXIS2_PLACEMENT_3D('',#5825,#5197,#5198);
#5047=AXIS2_PLACEMENT_3D('',#5856,#5204,#5205);
#5048=AXIS2_PLACEMENT_3D('',#5905,#5212,#5213);
#5049=AXIS2_PLACEMENT_3D('',#5927,#5217,#5218);
#5050=AXIS2_PLACEMENT_3D('',#5933,#5222,#5223);
#5051=AXIS2_PLACEMENT_3D('',#5954,#5227,#5228);
#5052=AXIS2_PLACEMENT_3D('',#5965,#5235,#5236);
#5053=AXIS2_PLACEMENT_3D('',#5972,#5241,#5242);
#5054=AXIS2_PLACEMENT_3D('',#5974,#5244,#5245);
#5055=AXIS2_PLACEMENT_3D('',#5978,#5248,#5249);
#5056=AXIS2_PLACEMENT_3D('',#6001,#5254,#5255);
#5057=AXIS2_PLACEMENT_3D('',#6021,#5261,#5262);
#5058=AXIS2_PLACEMENT_3D('',#6024,#5265,#5266);
#5059=AXIS2_PLACEMENT_3D('',#6039,#5269,#5270);
#5060=AXIS2_PLACEMENT_3D('',#6058,#5272,#5273);
#5061=AXIS2_PLACEMENT_3D('',#6084,#5277,#5278);
#5062=AXIS2_PLACEMENT_3D('',#6107,#5283,#5284);
#5063=AXIS2_PLACEMENT_3D('',#6113,#5289,#5290);
#5064=AXIS2_PLACEMENT_3D('',#6115,#5292,#5293);
#5065=AXIS2_PLACEMENT_3D('',#6205,#5296,#5297);
#5066=AXIS2_PLACEMENT_3D('',#6338,#5299,#5300);
#5067=AXIS2_PLACEMENT_3D('',#6421,#5304,#5305);
#5068=AXIS2_PLACEMENT_3D('',#6424,#5308,#5309);
#5069=AXIS2_PLACEMENT_3D('',#6522,#5312,#5313);
#5070=AXIS2_PLACEMENT_3D('',#6544,#5318,#5319);
#5071=AXIS2_PLACEMENT_3D('',#6548,#5322,#5323);
#5072=AXIS2_PLACEMENT_3D('',#6571,#5327,#5328);
#5073=AXIS2_PLACEMENT_3D('',#6607,#5334,#5335);
#5074=AXIS2_PLACEMENT_3D('',#6645,#5336,#5337);
#5075=AXIS2_PLACEMENT_3D('',#6699,#5339,#5340);
#5076=AXIS2_PLACEMENT_3D('',#6725,#5342,#5343);
#5077=AXIS2_PLACEMENT_3D('',#6794,#5345,#5346);
#5078=AXIS2_PLACEMENT_3D('',#6908,#5352,#5353);
#5079=AXIS2_PLACEMENT_3D('',#6920,#5357,#5358);
#5080=AXIS2_PLACEMENT_3D('',#6932,#5362,#5363);
#5081=AXIS2_PLACEMENT_3D('',#6969,#5366,#5367);
#5082=AXIS2_PLACEMENT_3D('',#7066,#5369,#5370);
#5083=AXIS2_PLACEMENT_3D('',#7261,#5375,#5376);
#5084=AXIS2_PLACEMENT_3D('',#7269,#5377,#5378);
#5085=AXIS2_PLACEMENT_3D('',#7281,#5380,#5381);
#5086=AXIS2_PLACEMENT_3D('',#7283,#5383,#5384);
#5087=AXIS2_PLACEMENT_3D('',#7327,#5387,#5388);
#5088=AXIS2_PLACEMENT_3D('',#7464,#5392,#5393);
#5089=AXIS2_PLACEMENT_3D('',#7500,#5395,#5396);
#5090=AXIS2_PLACEMENT_3D('',#7645,#5398,#5399);
#5091=AXIS2_PLACEMENT_3D('',#7684,#5404,#5405);
#5092=AXIS2_PLACEMENT_3D('',#7708,#5413,#5414);
#5093=AXIS2_PLACEMENT_3D('',#7729,#5417,#5418);
#5094=AXIS2_PLACEMENT_3D('',#7743,#5423,#5424);
#5095=AXIS2_PLACEMENT_3D('',#7766,#5427,#5428);
#5096=AXIS2_PLACEMENT_3D('',#7837,#5441,#5442);
#5097=AXIS2_PLACEMENT_3D('',#7861,#5444,#5445);
#5098=AXIS2_PLACEMENT_3D('',#7887,#5452,#5453);
#5099=AXIS2_PLACEMENT_3D('',#7941,#5459,#5460);
#5100=AXIS2_PLACEMENT_3D('',#7991,#5464,#5465);
#5101=AXIS2_PLACEMENT_3D('',#8178,#5480,#5481);
#5102=AXIS2_PLACEMENT_3D('',#8184,#5485,#5486);
#5103=AXIS2_PLACEMENT_3D('',#8374,#5493,#5494);
#5104=AXIS2_PLACEMENT_3D('',#8391,#5501,#5502);
#5105=AXIS2_PLACEMENT_3D('',#8397,#5506,#5507);
#5106=AXIS2_PLACEMENT_3D('',#8431,#5512,#5513);
#5107=AXIS2_PLACEMENT_3D('',#8500,#5519,#5520);
#5108=AXIS2_PLACEMENT_3D('',#8510,#5524,#5525);
#5109=AXIS2_PLACEMENT_3D('',#8682,#5530,#5531);
#5110=AXIS2_PLACEMENT_3D('',#8703,#5532,#5533);
#5111=AXIS2_PLACEMENT_3D('',#8768,#5536,#5537);
#5112=AXIS2_PLACEMENT_3D('',#8785,#5540,#5541);
#5113=AXIS2_PLACEMENT_3D('',#9009,#5543,#5544);
#5114=AXIS2_PLACEMENT_3D('',#9148,#5550,#5551);
#5115=AXIS2_PLACEMENT_3D('',#9199,#5556,#5557);
#5116=AXIS2_PLACEMENT_3D('',#9239,#5567,#5568);
#5117=AXIS2_PLACEMENT_3D('',#9275,#5574,#5575);
#5118=AXIS2_PLACEMENT_3D('',#9287,#5578,#5579);
#5119=AXIS2_PLACEMENT_3D('',#9307,#5582,#5583);
#5120=AXIS2_PLACEMENT_3D('',#9327,#5585,#5586);
#5121=AXIS2_PLACEMENT_3D('',#9523,#5592,#5593);
#5122=AXIS2_PLACEMENT_3D('',#9538,#5597,#5598);
#5123=AXIS2_PLACEMENT_3D('',#9556,#5601,#5602);
#5124=AXIS2_PLACEMENT_3D('',#9558,#5604,#5605);
#5125=AXIS2_PLACEMENT_3D('',#9605,#5607,#5608);
#5126=AXIS2_PLACEMENT_3D('',#9625,#5611,#5612);
#5127=AXIS2_PLACEMENT_3D('',#9636,#5614,#5615);
#5128=AXIS2_PLACEMENT_3D('',#9683,#5619,#5620);
#5129=AXIS2_PLACEMENT_3D('',#9688,#5621,#5622);
#5130=AXIS2_PLACEMENT_3D('',#9690,#5624,#5625);
#5131=AXIS2_PLACEMENT_3D('',#9710,#5627,#5628);
#5132=AXIS2_PLACEMENT_3D('',#9715,#5632,#5633);
#5133=AXIS2_PLACEMENT_3D('',#9747,#5635,#5636);
#5134=AXIS2_PLACEMENT_3D('',#9764,#5641,#5642);
#5135=AXIS2_PLACEMENT_3D('',#9910,#5644,#5645);
#5136=AXIS2_PLACEMENT_3D('',#9941,#5647,#5648);
#5137=AXIS2_PLACEMENT_3D('',#10030,#5656,#5657);
#5138=AXIS2_PLACEMENT_3D('',#10101,#5659,#5660);
#5139=AXIS2_PLACEMENT_3D('',#10130,#5661,#5662);
#5140=AXIS2_PLACEMENT_3D('',#10243,#5666,#5667);
#5141=AXIS2_PLACEMENT_3D('',#10252,#5668,#5669);
#5142=AXIS2_PLACEMENT_3D('',#10259,#5671,#5672);
#5143=AXIS2_PLACEMENT_3D('',#10290,#5675,#5676);
#5144=AXIS2_PLACEMENT_3D('',#10292,#5678,#5679);
#5145=AXIS2_PLACEMENT_3D('',#10317,#5684,#5685);
#5146=AXIS2_PLACEMENT_3D('',#10330,#5688,#5689);
#5147=AXIS2_PLACEMENT_3D('',#10366,#5695,#5696);
#5148=AXIS2_PLACEMENT_3D('',#10378,#5698,#5699);
#5149=AXIS2_PLACEMENT_3D('',#10392,#5703,#5704);
#5150=AXIS2_PLACEMENT_3D('',#10441,#5709,#5710);
#5151=AXIS2_PLACEMENT_3D('',#10442,#5711,#5712);
#5152=AXIS2_PLACEMENT_3D('',#10443,#5713,#5714);
#5153=AXIS2_PLACEMENT_3D('',#10445,#5716,#5717);
#5154=AXIS2_PLACEMENT_3D('',#10448,#5720,#5721);
#5155=AXIS2_PLACEMENT_3D('',#10522,#5726,#5727);
#5156=AXIS2_PLACEMENT_3D('',#10523,#5728,#5729);
#5157=AXIS2_PLACEMENT_3D('',#10525,#5731,#5732);
#5158=AXIS2_PLACEMENT_3D('',#10526,#5733,#5734);
#5159=AXIS2_PLACEMENT_3D('',#10527,#5735,#5736);
#5160=AXIS2_PLACEMENT_3D('',#10530,#5739,#5740);
#5161=AXIS2_PLACEMENT_3D('',#10583,#5743,#5744);
#5162=AXIS2_PLACEMENT_3D('',#10584,#5745,#5746);
#5163=AXIS2_PLACEMENT_3D('',#10585,#5747,#5748);
#5164=AXIS2_PLACEMENT_3D('',#10597,#5750,#5751);
#5165=AXIS2_PLACEMENT_3D('',#10609,#5753,#5754);
#5166=AXIS2_PLACEMENT_3D('',#10611,#5756,#5757);
#5167=AXIS2_PLACEMENT_3D('',#10613,#5759,#5760);
#5168=AXIS2_PLACEMENT_3D('',#10615,#5762,#5763);
#5169=AXIS2_PLACEMENT_3D('',#10659,#5767,#5768);
#5170=AXIS2_PLACEMENT_3D('',#10660,#5769,#5770);
#5171=AXIS2_PLACEMENT_3D('',#10661,#5771,#5772);
#5172=AXIS2_PLACEMENT_3D('',#10672,#5773,#5774);
#5173=AXIS2_PLACEMENT_3D('',#10747,#5776,#5777);
#5174=AXIS2_PLACEMENT_3D('',#10757,#5779,#5780);
#5175=AXIS2_PLACEMENT_3D('',#10874,#5783,#5784);
#5176=AXIS2_PLACEMENT_3D('',#10887,#5787,#5788);
#5177=DIRECTION('axis',(0.,0.,1.));
#5178=DIRECTION('refdir',(1.,0.,0.));
#5179=DIRECTION('center_axis',(0.,1.,0.));
#5180=DIRECTION('ref_axis',(0.,0.,1.));
#5181=DIRECTION('',(-1.,0.,-6.10134606381885E-31));
#5182=DIRECTION('',(0.,0.,-1.));
#5183=DIRECTION('',(1.,0.,0.));
#5184=DIRECTION('',(0.,0.,1.));
#5185=DIRECTION('center_axis',(-1.,0.,0.));
#5186=DIRECTION('ref_axis',(0.,0.,1.));
#5187=DIRECTION('',(0.,1.,5.55111512312579E-16));
#5188=DIRECTION('',(0.,0.,1.));
#5189=DIRECTION('',(0.,-1.,0.));
#5190=DIRECTION('center_axis',(-6.10134606381885E-31,-5.55111512312579E-16,
1.));
#5191=DIRECTION('ref_axis',(1.,0.,6.10134606381885E-31));
#5192=DIRECTION('',(0.,1.,5.55111512312579E-16));
#5193=DIRECTION('',(1.,0.,6.10134606381885E-31));
#5194=DIRECTION('',(0.,-1.,-5.55111512312579E-16));
#5195=DIRECTION('',(-3.46540737946735E-30,-1.,-5.55111512312579E-16));
#5196=DIRECTION('',(0.,-1.,-5.55111512312579E-16));
#5197=DIRECTION('center_axis',(-6.10134606381885E-31,-5.55111512312579E-16,
1.));
#5198=DIRECTION('ref_axis',(1.,0.,6.10134606381885E-31));
#5199=DIRECTION('',(1.,0.,6.10134606381885E-31));
#5200=DIRECTION('',(-1.,4.49640240269892E-15,1.88587013134623E-30));
#5201=DIRECTION('',(1.,0.,6.10134606381885E-31));
#5202=DIRECTION('',(0.,-1.,-5.55111512312579E-16));
#5203=DIRECTION('',(-1.,0.,-6.10134606381885E-31));
#5204=DIRECTION('center_axis',(-1.,0.,0.));
#5205=DIRECTION('ref_axis',(0.,1.,0.));
#5206=DIRECTION('',(0.,0.,-1.));
#5207=DIRECTION('',(0.,-1.,0.));
#5208=DIRECTION('',(0.,0.,-1.));
#5209=DIRECTION('',(0.,-1.,0.));
#5210=DIRECTION('',(0.,-1.,0.));
#5211=DIRECTION('',(0.,0.,-1.));
#5212=DIRECTION('center_axis',(0.,-1.,0.));
#5213=DIRECTION('ref_axis',(-1.,0.,0.));
#5214=DIRECTION('',(0.,0.,1.));
#5215=DIRECTION('',(0.,0.,1.));
#5216=DIRECTION('',(-1.,0.,0.));
#5217=DIRECTION('center_axis',(0.,0.,1.));
#5218=DIRECTION('ref_axis',(1.,0.,0.));
#5219=DIRECTION('',(1.,0.,0.));
#5220=DIRECTION('',(0.,1.,0.));
#5221=DIRECTION('',(-1.,0.,0.));
#5222=DIRECTION('center_axis',(0.,0.,1.));
#5223=DIRECTION('ref_axis',(1.,0.,0.));
#5224=DIRECTION('',(0.,1.,0.));
#5225=DIRECTION('',(0.,1.,0.));
#5226=DIRECTION('',(-1.,0.,0.));
#5227=DIRECTION('center_axis',(0.,0.,1.));
#5228=DIRECTION('ref_axis',(1.,0.,0.));
#5229=DIRECTION('',(1.,0.,0.));
#5230=DIRECTION('',(-2.46519032881566E-33,1.,0.));
#5231=DIRECTION('',(-1.,0.,0.));
#5232=DIRECTION('',(0.,1.,0.));
#5233=DIRECTION('',(1.,0.,0.));
#5234=DIRECTION('',(2.46519032881566E-33,-1.,0.));
#5235=DIRECTION('center_axis',(0.,-1.,0.));
#5236=DIRECTION('ref_axis',(0.,0.,1.));
#5237=DIRECTION('',(-1.,0.,-6.10134606381885E-31));
#5238=DIRECTION('',(0.,0.,1.));
#5239=DIRECTION('',(1.,0.,0.));
#5240=DIRECTION('',(0.,0.,-1.));
#5241=DIRECTION('center_axis',(-1.,0.,0.));
#5242=DIRECTION('ref_axis',(0.,0.,1.));
#5243=DIRECTION('',(0.,0.,1.));
#5244=DIRECTION('center_axis',(0.,-1.,0.));
#5245=DIRECTION('ref_axis',(1.,0.,0.));
#5246=DIRECTION('',(1.,0.,0.));
#5247=DIRECTION('',(0.,0.,1.));
#5248=DIRECTION('center_axis',(0.,0.,1.));
#5249=DIRECTION('ref_axis',(1.,0.,0.));
#5250=DIRECTION('',(4.19852727876417E-33,1.,0.));
#5251=DIRECTION('',(-1.,0.,0.));
#5252=DIRECTION('',(-4.19852727876417E-33,-1.,0.));
#5253=DIRECTION('',(-4.19852727876417E-33,-1.,0.));
#5254=DIRECTION('center_axis',(-6.10134606381885E-31,-5.55111512312579E-16,
1.));
#5255=DIRECTION('ref_axis',(1.,0.,6.10134606381885E-31));
#5256=DIRECTION('',(-2.46519032881566E-33,1.,5.55111512312579E-16));
#5257=DIRECTION('',(-1.3684555315672E-47,-1.,-5.55111512312579E-16));
#5258=DIRECTION('',(-2.46519032881566E-33,1.,5.55111512312579E-16));
#5259=DIRECTION('',(1.,0.,6.10134606381885E-31));
#5260=DIRECTION('',(2.46519032881566E-33,-1.,-5.55111512312579E-16));
#5261=DIRECTION('center_axis',(1.,2.46519032881566E-33,0.));
#5262=DIRECTION('ref_axis',(2.46519032881566E-33,-1.,0.));
#5263=DIRECTION('',(0.,0.,-1.));
#5264=DIRECTION('',(-2.46519032881566E-33,1.,5.55111512312579E-16));
#5265=DIRECTION('center_axis',(0.,-1.,0.));
#5266=DIRECTION('ref_axis',(0.,0.,-1.));
#5267=DIRECTION('',(0.,0.,-1.));
#5268=DIRECTION('',(0.,0.,1.));
#5269=DIRECTION('center_axis',(0.,-1.,0.));
#5270=DIRECTION('ref_axis',(0.,0.,-1.));
#5271=DIRECTION('',(0.,0.,1.));
#5272=DIRECTION('center_axis',(-1.,0.,0.));
#5273=DIRECTION('ref_axis',(0.,0.,-1.));
#5274=DIRECTION('',(0.,1.,5.55111512312579E-16));
#5275=DIRECTION('',(0.,-1.,0.));
#5276=DIRECTION('',(0.,0.,-1.));
#5277=DIRECTION('center_axis',(1.,0.,0.));
#5278=DIRECTION('ref_axis',(0.,0.,1.));
#5279=DIRECTION('',(0.,-1.,-5.55111512312579E-16));
#5280=DIRECTION('',(0.,0.,1.));
#5281=DIRECTION('',(0.,1.,0.));
#5282=DIRECTION('',(0.,4.44088362817115E-16,-1.));
#5283=DIRECTION('center_axis',(0.,1.,0.));
#5284=DIRECTION('ref_axis',(1.,0.,0.));
#5285=DIRECTION('',(-1.,0.,0.));
#5286=DIRECTION('',(0.,0.,1.));
#5287=DIRECTION('',(1.,0.,6.10134606381885E-31));
#5288=DIRECTION('',(-1.,0.,0.));
#5289=DIRECTION('center_axis',(-6.10134606381885E-31,-5.55111512312579E-16,
1.));
#5290=DIRECTION('ref_axis',(1.,0.,6.10134606381885E-31));
#5291=DIRECTION('',(-1.,0.,-6.10134606381885E-31));
#5292=DIRECTION('center_axis',(1.,2.46519032881566E-33,0.));
#5293=DIRECTION('ref_axis',(2.46519032881566E-33,-1.,0.));
#5294=DIRECTION('',(4.19852727876417E-33,1.,0.));
#5295=DIRECTION('',(1.,-4.49640240269892E-15,-1.88587013134623E-30));
#5296=DIRECTION('center_axis',(0.447213930496026,0.894427023501803,3.97204632526301E-16));
#5297=DIRECTION('ref_axis',(0.894427023501803,-0.447213930496026,-1.98602502222987E-16));
#5298=DIRECTION('',(1.,-4.49640240269892E-15,-1.88587013134623E-30));
#5299=DIRECTION('center_axis',(0.,0.,1.));
#5300=DIRECTION('ref_axis',(1.,0.,0.));
#5301=DIRECTION('',(1.,0.,0.));
#5302=DIRECTION('',(1.,0.,0.));
#5303=DIRECTION('',(1.,0.,0.));
#5304=DIRECTION('center_axis',(-1.,0.,0.));
#5305=DIRECTION('ref_axis',(0.,1.,0.));
#5306=DIRECTION('',(0.,0.,1.));
#5307=DIRECTION('',(0.,-1.,-5.55111512312579E-16));
#5308=DIRECTION('center_axis',(0.,1.,0.));
#5309=DIRECTION('ref_axis',(1.,0.,0.));
#5310=DIRECTION('',(6.07715176601704E-63,4.44088362817115E-16,-1.));
#5311=DIRECTION('',(6.07715176601704E-63,4.44088362817115E-16,-1.));
#5312=DIRECTION('center_axis',(1.,-4.19852727876417E-33,0.));
#5313=DIRECTION('ref_axis',(4.19852727876417E-33,1.,0.));
#5314=DIRECTION('',(-4.19852727876417E-33,-1.,-4.44088362817115E-16));
#5315=DIRECTION('',(0.,0.,-1.));
#5316=DIRECTION('',(4.19852727876417E-33,1.,0.));
#5317=DIRECTION('',(0.,0.,1.));
#5318=DIRECTION('center_axis',(0.,-1.,0.));
#5319=DIRECTION('ref_axis',(1.,0.,0.));
#5320=DIRECTION('',(1.,0.,0.));
#5321=DIRECTION('',(0.,0.,-1.));
#5322=DIRECTION('center_axis',(-1.,0.,0.));
#5323=DIRECTION('ref_axis',(0.,-1.,0.));
#5324=DIRECTION('',(0.,-1.,0.));
#5325=DIRECTION('',(0.,0.,-1.));
#5326=DIRECTION('',(0.,1.,4.44088362817115E-16));
#5327=DIRECTION('center_axis',(0.,1.,0.));
#5328=DIRECTION('ref_axis',(-1.,0.,0.));
#5329=DIRECTION('',(1.,0.,6.07715176601704E-63));
#5330=DIRECTION('',(-1.,0.,0.));
#5331=DIRECTION('',(1.,0.,6.07715176601704E-63));
#5332=DIRECTION('',(1.,0.,6.07715176601704E-63));
#5333=DIRECTION('',(1.,0.,6.07715176601704E-63));
#5334=DIRECTION('center_axis',(0.,0.,1.));
#5335=DIRECTION('ref_axis',(1.,0.,0.));
#5336=DIRECTION('center_axis',(6.07715176601704E-63,4.44088362817115E-16,
-1.));
#5337=DIRECTION('ref_axis',(-1.,1.3684555315672E-47,0.));
#5338=DIRECTION('',(0.,-1.,0.));
#5339=DIRECTION('center_axis',(0.,0.,1.));
#5340=DIRECTION('ref_axis',(-1.,0.,0.));
#5341=DIRECTION('',(1.,-4.49640240269892E-15,-1.88587013134623E-30));
#5342=DIRECTION('center_axis',(6.07715176601704E-63,4.44088362817115E-16,
-1.));
#5343=DIRECTION('ref_axis',(-1.,1.3684555315672E-47,0.));
#5344=DIRECTION('',(6.07715176601704E-63,4.44088362817115E-16,-1.));
#5345=DIRECTION('center_axis',(1.,0.,-6.15161737520937E-15));
#5346=DIRECTION('ref_axis',(6.15161737520937E-15,0.,1.));
#5347=DIRECTION('',(0.,-1.,0.));
#5348=DIRECTION('',(6.15161737520937E-15,-1.80742223321893E-15,1.));
#5349=DIRECTION('',(0.,-1.,0.));
#5350=DIRECTION('',(1.,-4.49640240269892E-15,-1.88587013134623E-30));
#5351=DIRECTION('',(1.,-4.49640240269892E-15,-1.88587013134623E-30));
#5352=DIRECTION('center_axis',(6.10134606381885E-31,5.55111512312579E-16,
-1.));
#5353=DIRECTION('ref_axis',(4.49640240269892E-15,1.,5.55111512312579E-16));
#5354=DIRECTION('',(0.976310991157499,-0.216372014237197,-1.20110596045329E-16));
#5355=DIRECTION('',(1.,-4.49640240269892E-15,-1.88587013134623E-30));
#5356=DIRECTION('',(-3.32129115371409E-30,-1.,-5.55111512312579E-16));
#5357=DIRECTION('center_axis',(-6.10134606381885E-31,-5.55111512312579E-16,
1.));
#5358=DIRECTION('ref_axis',(-4.49640240269892E-15,-1.,-5.55111512312579E-16));
#5359=DIRECTION('',(-0.976310991157499,0.216372014237197,1.20110596045329E-16));
#5360=DIRECTION('',(3.32129115371409E-30,1.,5.55111512312579E-16));
#5361=DIRECTION('',(1.,-4.49640240269892E-15,-1.88587013134623E-30));
#5362=DIRECTION('center_axis',(1.,0.,-5.98310624090228E-15));
#5363=DIRECTION('ref_axis',(5.98310624090228E-15,0.,1.));
#5364=DIRECTION('',(5.98310624090228E-15,-1.77007645520184E-15,1.));
#5365=DIRECTION('',(0.,-1.,0.));
#5366=DIRECTION('center_axis',(0.,0.,-1.));
#5367=DIRECTION('ref_axis',(1.,0.,0.));
#5368=DIRECTION('',(0.976310991157499,-0.216372014237197,0.));
#5369=DIRECTION('center_axis',(0.,0.,1.));
#5370=DIRECTION('ref_axis',(-1.,0.,0.));
#5371=DIRECTION('',(1.,-4.49640240269892E-15,-1.88587013134623E-30));
#5372=DIRECTION('',(1.,-4.49640240269892E-15,-1.88587013134623E-30));
#5373=DIRECTION('',(1.,-4.49640240269892E-15,-1.88587013134623E-30));
#5374=DIRECTION('',(1.,-4.49640240269892E-15,-1.88587013134623E-30));
#5375=DIRECTION('center_axis',(0.,0.,1.));
#5376=DIRECTION('ref_axis',(-1.,0.,0.));
#5377=DIRECTION('center_axis',(0.21200056968692,0.977269542374273,4.33994031104022E-16));
#5378=DIRECTION('ref_axis',(0.977269542374273,-0.21200056968692,-9.414698590856E-17));
#5379=DIRECTION('',(6.07715176601704E-63,4.44088362817115E-16,-1.));
#5380=DIRECTION('center_axis',(-0.216372014237197,-0.976310991157499,-4.33568349663489E-16));
#5381=DIRECTION('ref_axis',(-0.976310991157499,0.216372014237197,9.60882935620383E-17));
#5382=DIRECTION('',(6.07715176601704E-63,4.44088362817115E-16,-1.));
#5383=DIRECTION('center_axis',(-0.216372014237197,-0.976310991157499,-4.33568349663489E-16));
#5384=DIRECTION('ref_axis',(-0.976310991157499,0.216372014237197,9.60882935620383E-17));
#5385=DIRECTION('',(6.07715176601704E-63,4.44088362817115E-16,-1.));
#5386=DIRECTION('',(6.07715176601704E-63,4.44088362817115E-16,-1.));
#5387=DIRECTION('center_axis',(6.07715176601704E-63,4.44088362817115E-16,
-1.));
#5388=DIRECTION('ref_axis',(-1.,1.3684555315672E-47,0.));
#5389=DIRECTION('',(6.07715176601704E-63,4.44088362817115E-16,-1.));
#5390=DIRECTION('',(6.07715176601704E-63,4.44088362817115E-16,-1.));
#5391=DIRECTION('',(0.,-1.,0.));
#5392=DIRECTION('center_axis',(0.,0.,1.));
#5393=DIRECTION('ref_axis',(-1.,0.,0.));
#5394=DIRECTION('',(1.,-4.49640240269892E-15,-1.88587013134623E-30));
#5395=DIRECTION('center_axis',(-1.,0.,6.24271510713493E-15));
#5396=DIRECTION('ref_axis',(-6.24271510713493E-15,0.,-1.));
#5397=DIRECTION('',(1.,-4.49640240269892E-15,-1.88587013134623E-30));
#5398=DIRECTION('center_axis',(0.,0.,-1.));
#5399=DIRECTION('ref_axis',(1.,0.,0.));
#5400=DIRECTION('',(1.,-4.49640240269892E-15,0.));
#5401=DIRECTION('',(0.,-1.,0.));
#5402=DIRECTION('',(0.,-1.,0.));
#5403=DIRECTION('',(0.,-1.,0.));
#5404=DIRECTION('center_axis',(0.,0.,1.));
#5405=DIRECTION('ref_axis',(-1.,0.,0.));
#5406=DIRECTION('',(1.,-4.49640240269892E-15,0.));
#5407=DIRECTION('',(0.,-1.,0.));
#5408=DIRECTION('',(1.,-1.3684555315672E-47,0.));
#5409=DIRECTION('',(-1.,4.49640240269892E-15,0.));
#5410=DIRECTION('',(0.,-1.,0.));
#5411=DIRECTION('',(1.,-4.49640240269892E-15,0.));
#5412=DIRECTION('',(1.3684555315672E-47,1.,0.));
#5413=DIRECTION('center_axis',(-1.,0.,5.98310624090228E-15));
#5414=DIRECTION('ref_axis',(-5.98310624090228E-15,0.,-1.));
#5415=DIRECTION('',(-3.32129115371409E-30,-1.,-5.55111512312579E-16));
#5416=DIRECTION('',(0.,-1.,0.));
#5417=DIRECTION('center_axis',(0.,0.,-1.));
#5418=DIRECTION('ref_axis',(1.,0.,0.));
#5419=DIRECTION('',(-1.3684555315672E-47,-1.,0.));
#5420=DIRECTION('',(-1.,4.49640240269892E-15,0.));
#5421=DIRECTION('',(0.,-1.,0.));
#5422=DIRECTION('',(1.,-4.49640240269892E-15,0.));
#5423=DIRECTION('center_axis',(0.,0.,-1.));
#5424=DIRECTION('ref_axis',(1.,0.,0.));
#5425=DIRECTION('',(0.,-1.,0.));
#5426=DIRECTION('',(-1.3684555315672E-47,-1.,0.));
#5427=DIRECTION('center_axis',(-1.,0.,6.15161737520937E-15));
#5428=DIRECTION('ref_axis',(-6.15161737520937E-15,0.,-1.));
#5429=DIRECTION('',(-6.15161737520937E-15,5.55111512312606E-16,-1.));
#5430=DIRECTION('',(6.15161737520937E-15,-5.55111512312606E-16,1.));
#5431=DIRECTION('',(-1.21300268507577E-15,-0.980366427096555,-0.197184351868843));
#5432=DIRECTION('',(-6.15161737520937E-15,5.55111512312606E-16,-1.));
#5433=DIRECTION('',(0.,-1.,0.));
#5434=DIRECTION('',(6.15161737520937E-15,-5.55111512312606E-16,1.));
#5435=DIRECTION('',(-1.49260546490742E-15,-0.970117334556017,-0.242636265207672));
#5436=DIRECTION('',(6.15161737520937E-15,-5.55111512312606E-16,1.));
#5437=DIRECTION('',(0.,-1.,0.));
#5438=DIRECTION('',(-6.15161737520937E-15,0.,-1.));
#5439=DIRECTION('',(0.,-1.,0.));
#5440=DIRECTION('',(0.,-1.,0.));
#5441=DIRECTION('center_axis',(0.,0.,1.));
#5442=DIRECTION('ref_axis',(-1.,0.,0.));
#5443=DIRECTION('',(0.,-1.,0.));
#5444=DIRECTION('center_axis',(1.,0.,-6.15161737520937E-15));
#5445=DIRECTION('ref_axis',(6.15161737520937E-15,0.,1.));
#5446=DIRECTION('',(6.15161737520937E-15,-4.44088362817115E-16,1.));
#5447=DIRECTION('',(1.49260546490742E-15,0.970117334556017,0.242636265207672));
#5448=DIRECTION('',(-6.15161737520937E-15,5.55111512312606E-16,-1.));
#5449=DIRECTION('',(0.,-1.,0.));
#5450=DIRECTION('',(6.15161737520937E-15,-5.55111512312606E-16,1.));
#5451=DIRECTION('',(1.21300268507577E-15,0.980366427096555,0.197184351868843));
#5452=DIRECTION('center_axis',(0.,0.,-1.));
#5453=DIRECTION('ref_axis',(1.,0.,0.));
#5454=DIRECTION('',(-1.,1.3684555315672E-47,0.));
#5455=DIRECTION('',(0.,-1.,0.));
#5456=DIRECTION('',(1.,-4.49640240269892E-15,0.));
#5457=DIRECTION('',(-1.,4.49640240269892E-15,0.));
#5458=DIRECTION('',(0.,-1.,0.));
#5459=DIRECTION('center_axis',(1.,0.,-6.01164036967806E-15));
#5460=DIRECTION('ref_axis',(6.01164036967806E-15,0.,1.));
#5461=DIRECTION('',(0.,-1.,0.));
#5462=DIRECTION('',(6.01164036967806E-15,-5.55111512312606E-16,1.));
#5463=DIRECTION('',(0.,-1.,0.));
#5464=DIRECTION('center_axis',(0.,0.,-1.));
#5465=DIRECTION('ref_axis',(1.,0.,0.));
#5466=DIRECTION('',(0.,-1.,0.));
#5467=DIRECTION('',(-1.,4.49640240269892E-15,0.));
#5468=DIRECTION('',(-1.3684555315672E-47,-1.,0.));
#5469=DIRECTION('',(-1.,4.49640240269892E-15,0.));
#5470=DIRECTION('',(0.,-1.,0.));
#5471=DIRECTION('',(1.,-4.49640240269892E-15,0.));
#5472=DIRECTION('',(-1.3684555315672E-47,-1.,0.));
#5473=DIRECTION('',(1.,-1.3684555315672E-47,0.));
#5474=DIRECTION('',(0.,-1.,0.));
#5475=DIRECTION('',(-1.,1.3684555315672E-47,0.));
#5476=DIRECTION('',(1.,-4.49640240269892E-15,-1.88587013134623E-30));
#5477=DIRECTION('',(1.,-4.49640240269892E-15,-1.88587013134623E-30));
#5478=DIRECTION('',(1.,-4.49640240269892E-15,-1.88587013134623E-30));
#5479=DIRECTION('',(1.,-4.49640240269892E-15,-1.88587013134623E-30));
#5480=DIRECTION('center_axis',(4.49640240269892E-15,1.,5.55111512312579E-16));
#5481=DIRECTION('ref_axis',(-6.10134606381885E-31,-5.55111512312579E-16,
1.));
#5482=DIRECTION('',(5.98310624090228E-15,-5.55111512312606E-16,1.));
#5483=DIRECTION('',(1.,-4.49640240269892E-15,-1.88587013134623E-30));
#5484=DIRECTION('',(-5.98310624090228E-15,5.55111512312606E-16,-1.));
#5485=DIRECTION('center_axis',(4.49640240269892E-15,1.,5.55111512312579E-16));
#5486=DIRECTION('ref_axis',(-6.10134606381885E-31,-5.55111512312579E-16,
1.));
#5487=DIRECTION('',(1.,-4.49640240269892E-15,-1.88587013134623E-30));
#5488=DIRECTION('',(1.,-4.49640240269892E-15,-1.88587013134623E-30));
#5489=DIRECTION('',(1.,-4.49640240269892E-15,-1.88587013134623E-30));
#5490=DIRECTION('',(1.,-4.49640240269892E-15,-1.88587013134623E-30));
#5491=DIRECTION('',(1.,-4.49640240269892E-15,-1.88587013134623E-30));
#5492=DIRECTION('',(1.,-4.49640240269892E-15,-1.88587013134623E-30));
#5493=DIRECTION('center_axis',(-4.49640240269892E-15,-1.,-5.55111512312579E-16));
#5494=DIRECTION('ref_axis',(6.10134606381885E-31,5.55111512312579E-16,-1.));
#5495=DIRECTION('',(1.,-4.49640240269892E-15,-1.88587013134623E-30));
#5496=DIRECTION('',(-1.,4.49640240269892E-15,0.));
#5497=DIRECTION('',(5.98310624090228E-15,-5.55111512312606E-16,1.));
#5498=DIRECTION('',(-5.98310624090228E-15,5.55111512312606E-16,-1.));
#5499=DIRECTION('',(-6.01164036967806E-15,5.55111512312606E-16,-1.));
#5500=DIRECTION('',(1.,-4.49640240269892E-15,0.));
#5501=DIRECTION('center_axis',(-8.86620193517693E-16,-0.197184351868843,
0.980366427096555));
#5502=DIRECTION('ref_axis',(-4.40812195832231E-15,-0.980366427096555,-0.197184351868843));
#5503=DIRECTION('',(-1.,4.01623004722792E-31,-9.04376332167453E-16));
#5504=DIRECTION('',(1.,-4.49640240269892E-15,-1.88587013134623E-30));
#5505=DIRECTION('',(-1.34158786012306E-47,-0.980366427096555,-0.197184351868843));
#5506=DIRECTION('center_axis',(4.49640240269892E-15,1.,5.55111512312579E-16));
#5507=DIRECTION('ref_axis',(-6.10134606381885E-31,-5.55111512312579E-16,
1.));
#5508=DIRECTION('',(7.59645419660784E-63,5.55111512312579E-16,-1.));
#5509=DIRECTION('',(1.,-4.49640240269892E-15,-1.88587013134623E-30));
#5510=DIRECTION('',(-7.59645419660784E-63,-5.55111512312579E-16,1.));
#5511=DIRECTION('',(1.,-4.49640240269892E-15,-1.88587013134623E-30));
#5512=DIRECTION('center_axis',(-6.10134606381885E-31,-5.55111512312579E-16,
1.));
#5513=DIRECTION('ref_axis',(-4.49640240269892E-15,-1.,-5.55111512312579E-16));
#5514=DIRECTION('',(-1.3684555315672E-47,-1.,-5.55111512312579E-16));
#5515=DIRECTION('',(1.,-4.49640240269892E-15,-1.88587013134623E-30));
#5516=DIRECTION('',(1.,-4.49640240269892E-15,-1.88587013134623E-30));
#5517=DIRECTION('',(1.,-4.49640240269892E-15,-1.88587013134623E-30));
#5518=DIRECTION('',(1.,-4.49640240269892E-15,-1.88587013134623E-30));
#5519=DIRECTION('center_axis',(-1.09099028586167E-15,-0.242636265207672,
0.970117334556018));
#5520=DIRECTION('ref_axis',(-4.36203791399755E-15,-0.970117334556017,-0.242636265207672));
#5521=DIRECTION('',(-1.32756243274241E-47,-0.970117334556017,-0.242636265207672));
#5522=DIRECTION('',(1.,-4.49640240269892E-15,-1.88587013134623E-30));
#5523=DIRECTION('',(1.,-4.49640240269892E-15,-1.88587013134623E-30));
#5524=DIRECTION('center_axis',(4.49640240269892E-15,1.,5.55111512312579E-16));
#5525=DIRECTION('ref_axis',(-6.10134606381885E-31,-5.55111512312579E-16,
1.));
#5526=DIRECTION('',(-7.59645419660784E-63,-5.55111512312579E-16,1.));
#5527=DIRECTION('',(1.,-4.49640240269892E-15,-1.88587013134623E-30));
#5528=DIRECTION('',(1.,-4.49640240269892E-15,-1.88587013134623E-30));
#5529=DIRECTION('',(1.,-4.49640240269892E-15,-1.88587013134623E-30));
#5530=DIRECTION('center_axis',(1.,-4.49640240269892E-15,-1.88587013134623E-30));
#5531=DIRECTION('ref_axis',(-4.49640240269892E-15,-1.,-5.55111512312579E-16));
#5532=DIRECTION('center_axis',(-1.,0.,6.24271510713493E-15));
#5533=DIRECTION('ref_axis',(-6.24271510713493E-15,0.,-1.));
#5534=DIRECTION('',(1.,-4.49640240269892E-15,-1.88587013134623E-30));
#5535=DIRECTION('',(1.,-4.49640240269892E-15,-1.88587013134623E-30));
#5536=DIRECTION('center_axis',(0.,0.,1.));
#5537=DIRECTION('ref_axis',(-1.,0.,0.));
#5538=DIRECTION('',(1.3684555315672E-47,1.,0.));
#5539=DIRECTION('',(0.,-1.,0.));
#5540=DIRECTION('center_axis',(0.,0.,1.));
#5541=DIRECTION('ref_axis',(-1.,0.,0.));
#5542=DIRECTION('',(1.,-4.49640240269892E-15,-1.88587013134623E-30));
#5543=DIRECTION('center_axis',(-1.,0.,6.15161737520937E-15));
#5544=DIRECTION('ref_axis',(-6.15161737520937E-15,0.,-1.));
#5545=DIRECTION('',(6.15161737520937E-15,-4.44088362817115E-16,1.));
#5546=DIRECTION('',(1.,-4.49640240269892E-15,-1.88587013134623E-30));
#5547=DIRECTION('',(1.,-4.49640240269892E-15,-1.88587013134623E-30));
#5548=DIRECTION('',(1.,-4.49640240269892E-15,-1.88587013134623E-30));
#5549=DIRECTION('',(1.,-4.49640240269892E-15,-1.88587013134623E-30));
#5550=DIRECTION('center_axis',(6.10134606381885E-31,5.55111512312579E-16,
-1.));
#5551=DIRECTION('ref_axis',(4.49640240269892E-15,1.,5.55111512312579E-16));
#5552=DIRECTION('',(-1.,2.84638233761868E-46,-6.10134606381885E-31));
#5553=DIRECTION('',(1.3684555315672E-47,1.,5.55111512312579E-16));
#5554=DIRECTION('',(3.32129115371409E-30,1.,5.55111512312579E-16));
#5555=DIRECTION('',(1.,-4.49640240269892E-15,-1.88587013134623E-30));
#5556=DIRECTION('center_axis',(-1.,0.,5.98310624090228E-15));
#5557=DIRECTION('ref_axis',(-5.98310624090228E-15,0.,-1.));
#5558=DIRECTION('',(5.98310624090228E-15,-4.44088362817115E-16,1.));
#5559=DIRECTION('',(0.,-1.,0.));
#5560=DIRECTION('',(5.77493127558194E-15,0.26148992269567,0.965206206117953));
#5561=DIRECTION('',(0.,-1.,0.));
#5562=DIRECTION('',(5.98310624090228E-15,-5.55111512312606E-16,1.));
#5563=DIRECTION('',(-5.98310624090228E-15,5.55111512312606E-16,-1.));
#5564=DIRECTION('',(5.98310624090228E-15,-5.55111512312606E-16,1.));
#5565=DIRECTION('',(0.,-1.,0.));
#5566=DIRECTION('',(-3.32129115371409E-30,-1.,-5.55111512312579E-16));
#5567=DIRECTION('center_axis',(4.33995550428867E-15,0.965206206117953,-0.26148992269567));
#5568=DIRECTION('ref_axis',(1.17576391669037E-15,0.26148992269567,0.965206206117953));
#5569=DIRECTION('',(-3.5783733116197E-48,-0.26148992269567,-0.965206206117953));
#5570=DIRECTION('',(1.,-4.49640240269892E-15,0.));
#5571=DIRECTION('',(3.5783733116197E-48,0.26148992269567,0.965206206117953));
#5572=DIRECTION('',(1.,-4.49640240269892E-15,-1.88587013134623E-30));
#5573=DIRECTION('',(1.,-4.49640240269892E-15,-1.88587013134623E-30));
#5574=DIRECTION('center_axis',(-6.10134606381885E-31,-5.55111512312579E-16,
1.));
#5575=DIRECTION('ref_axis',(-4.49640240269892E-15,-1.,-5.55111512312579E-16));
#5576=DIRECTION('',(1.,-2.84638233761868E-46,6.10134606381885E-31));
#5577=DIRECTION('',(1.,-4.49640240269892E-15,-1.88587013134623E-30));
#5578=DIRECTION('center_axis',(4.49640240269892E-15,1.,5.55111512312579E-16));
#5579=DIRECTION('ref_axis',(-6.10134606381885E-31,-5.55111512312579E-16,
1.));
#5580=DIRECTION('',(1.,-4.49640240269892E-15,-1.88587013134623E-30));
#5581=DIRECTION('',(1.,-4.49640240269892E-15,0.));
#5582=DIRECTION('center_axis',(4.49640240269892E-15,1.,5.55111512312579E-16));
#5583=DIRECTION('ref_axis',(-6.10134606381885E-31,-5.55111512312579E-16,
1.));
#5584=DIRECTION('',(1.,-4.49640240269892E-15,-1.88587013134623E-30));
#5585=DIRECTION('center_axis',(4.49640240269892E-15,1.,5.55111512312579E-16));
#5586=DIRECTION('ref_axis',(-6.10134606381885E-31,-5.55111512312579E-16,
1.));
#5587=DIRECTION('',(7.59645419660784E-63,5.55111512312579E-16,-1.));
#5588=DIRECTION('',(-7.59645419660784E-63,-5.55111512312579E-16,1.));
#5589=DIRECTION('',(1.,-4.49640240269892E-15,-1.88587013134623E-30));
#5590=DIRECTION('',(1.,-4.49640240269892E-15,-1.88587013134623E-30));
#5591=DIRECTION('',(1.,-4.49640240269892E-15,-1.88587013134623E-30));
#5592=DIRECTION('center_axis',(0.,0.,1.));
#5593=DIRECTION('ref_axis',(-1.,0.,0.));
#5594=DIRECTION('',(1.,-1.3684555315672E-47,0.));
#5595=DIRECTION('',(0.,-1.,0.));
#5596=DIRECTION('',(0.,-1.,0.));
#5597=DIRECTION('center_axis',(1.,0.,-5.98310624090228E-15));
#5598=DIRECTION('ref_axis',(5.98310624090228E-15,0.,1.));
#5599=DIRECTION('',(5.98310624090228E-15,-4.44088362817115E-16,1.));
#5600=DIRECTION('',(0.,-1.,0.));
#5601=DIRECTION('center_axis',(1.,0.,-5.98310624090228E-15));
#5602=DIRECTION('ref_axis',(5.98310624090228E-15,0.,1.));
#5603=DIRECTION('',(5.98310624090228E-15,-5.55111512312606E-16,1.));
#5604=DIRECTION('center_axis',(0.,0.,-1.));
#5605=DIRECTION('ref_axis',(1.,0.,0.));
#5606=DIRECTION('',(-1.3684555315672E-47,-1.,0.));
#5607=DIRECTION('center_axis',(0.,0.,1.));
#5608=DIRECTION('ref_axis',(-1.,0.,0.));
#5609=DIRECTION('',(-1.3684555315672E-47,-1.,0.));
#5610=DIRECTION('',(1.,-1.3684555315672E-47,0.));
#5611=DIRECTION('center_axis',(4.49640240269892E-15,1.,5.55111512312579E-16));
#5612=DIRECTION('ref_axis',(-6.10134606381885E-31,-5.55111512312579E-16,
1.));
#5613=DIRECTION('',(-1.,4.49640240269892E-15,0.));
#5614=DIRECTION('center_axis',(0.,0.,-1.));
#5615=DIRECTION('ref_axis',(1.,0.,0.));
#5616=DIRECTION('',(-1.,1.3684555315672E-47,0.));
#5617=DIRECTION('',(0.,-1.,0.));
#5618=DIRECTION('',(0.,-1.,0.));
#5619=DIRECTION('center_axis',(-1.,0.,6.01164036967806E-15));
#5620=DIRECTION('ref_axis',(-6.01164036967806E-15,0.,-1.));
#5621=DIRECTION('center_axis',(0.,0.,1.));
#5622=DIRECTION('ref_axis',(-1.,0.,0.));
#5623=DIRECTION('',(1.3684555315672E-47,1.,0.));
#5624=DIRECTION('center_axis',(4.49640240269892E-15,1.,5.55111512312579E-16));
#5625=DIRECTION('ref_axis',(-6.10134606381885E-31,-5.55111512312579E-16,
1.));
#5626=DIRECTION('',(-1.,4.49640240269892E-15,0.));
#5627=DIRECTION('center_axis',(4.49640240269892E-15,1.,5.55111512312579E-16));
#5628=DIRECTION('ref_axis',(-6.10134606381885E-31,-5.55111512312579E-16,
1.));
#5629=DIRECTION('',(-7.59645419660784E-63,-5.55111512312579E-16,1.));
#5630=DIRECTION('',(1.,-4.49640240269892E-15,-1.88587013134623E-30));
#5631=DIRECTION('',(7.59645419660784E-63,5.55111512312579E-16,-1.));
#5632=DIRECTION('center_axis',(0.,0.,1.));
#5633=DIRECTION('ref_axis',(-1.,0.,0.));
#5634=DIRECTION('',(1.3684555315672E-47,1.,0.));
#5635=DIRECTION('center_axis',(0.,0.,-1.));
#5636=DIRECTION('ref_axis',(1.,0.,0.));
#5637=DIRECTION('',(-1.,1.3684555315672E-47,0.));
#5638=DIRECTION('',(0.,-1.,0.));
#5639=DIRECTION('',(1.,-1.3684555315672E-47,0.));
#5640=DIRECTION('',(0.,-1.,0.));
#5641=DIRECTION('center_axis',(1.,0.,-6.15161737520937E-15));
#5642=DIRECTION('ref_axis',(6.15161737520937E-15,0.,1.));
#5643=DIRECTION('',(0.,-1.,0.));
#5644=DIRECTION('center_axis',(-4.49640240269892E-15,-1.,-5.55111512312579E-16));
#5645=DIRECTION('ref_axis',(6.10134606381885E-31,5.55111512312579E-16,-1.));
#5646=DIRECTION('',(1.,-4.49640240269892E-15,-1.88587013134623E-30));
#5647=DIRECTION('center_axis',(-6.10134606381885E-31,-5.55111512312579E-16,
1.));
#5648=DIRECTION('ref_axis',(-4.49640240269892E-15,-1.,-5.55111512312579E-16));
#5649=DIRECTION('',(1.,-2.84638233761868E-46,6.10134606381885E-31));
#5650=DIRECTION('',(1.,-2.84638233761868E-46,6.10134606381885E-31));
#5651=DIRECTION('',(-1.,2.84638233761868E-46,-6.10134606381885E-31));
#5652=DIRECTION('',(1.3684555315672E-47,1.,5.55111512312579E-16));
#5653=DIRECTION('',(-1.3684555315672E-47,-1.,-5.55111512312579E-16));
#5654=DIRECTION('',(-1.,2.84638233761868E-46,-6.10134606381885E-31));
#5655=DIRECTION('',(1.,-4.49640240269892E-15,-1.88587013134623E-30));
#5656=DIRECTION('center_axis',(-4.49640240269892E-15,-1.,-5.55111512312579E-16));
#5657=DIRECTION('ref_axis',(6.10134606381885E-31,5.55111512312579E-16,-1.));
#5658=DIRECTION('',(1.,-4.49640240269892E-15,-1.88587013134623E-30));
#5659=DIRECTION('center_axis',(0.,0.,1.));
#5660=DIRECTION('ref_axis',(-1.,0.,0.));
#5661=DIRECTION('center_axis',(0.,-1.,0.));
#5662=DIRECTION('ref_axis',(-1.,0.,0.));
#5663=DIRECTION('',(-3.67227100433641E-15,0.,-1.));
#5664=DIRECTION('',(-1.,0.,0.));
#5665=DIRECTION('',(0.,-1.,0.));
#5666=DIRECTION('center_axis',(-1.,0.,6.24272295314244E-15));
#5667=DIRECTION('ref_axis',(-6.24272295314244E-15,0.,-1.));
#5668=DIRECTION('center_axis',(0.,0.,1.));
#5669=DIRECTION('ref_axis',(-1.,0.,0.));
#5670=DIRECTION('',(1.3684555315672E-47,1.,0.));
#5671=DIRECTION('center_axis',(0.,0.,1.));
#5672=DIRECTION('ref_axis',(-1.,0.,0.));
#5673=DIRECTION('',(1.3684555315672E-47,1.,0.));
#5674=DIRECTION('',(6.07715176601704E-63,4.44088362817115E-16,-1.));
#5675=DIRECTION('center_axis',(-1.,1.3684555315672E-47,0.));
#5676=DIRECTION('ref_axis',(1.3684555315672E-47,1.,4.44088362817115E-16));
#5677=DIRECTION('',(6.07715176601704E-63,4.44088362817115E-16,-1.));
#5678=DIRECTION('center_axis',(1.3684555315672E-47,1.,4.44088362817115E-16));
#5679=DIRECTION('ref_axis',(1.,-1.3684555315672E-47,0.));
#5680=DIRECTION('',(6.07715176601704E-63,4.44088362817115E-16,-1.));
#5681=DIRECTION('',(6.07715176601704E-63,4.44088362817115E-16,-1.));
#5682=DIRECTION('',(6.07715176601704E-63,4.44088362817115E-16,-1.));
#5683=DIRECTION('',(6.07715176601704E-63,4.44088362817115E-16,-1.));
#5684=DIRECTION('center_axis',(1.3684555315672E-47,1.,4.44088362817115E-16));
#5685=DIRECTION('ref_axis',(1.,-1.3684555315672E-47,0.));
#5686=DIRECTION('',(6.07715176601704E-63,4.44088362817115E-16,-1.));
#5687=DIRECTION('',(6.07715176601704E-63,4.44088362817115E-16,-1.));
#5688=DIRECTION('center_axis',(1.,-1.3684555315672E-47,0.));
#5689=DIRECTION('ref_axis',(-1.3684555315672E-47,-1.,-4.44088362817115E-16));
#5690=DIRECTION('',(6.07715176601704E-63,4.44088362817115E-16,-1.));
#5691=DIRECTION('',(6.07715176601704E-63,4.44088362817115E-16,-1.));
#5692=DIRECTION('',(6.07715176601704E-63,4.44088362817115E-16,-1.));
#5693=DIRECTION('',(6.07715176601704E-63,4.44088362817115E-16,-1.));
#5694=DIRECTION('',(6.07715176601704E-63,4.44088362817115E-16,-1.));
#5695=DIRECTION('center_axis',(0.120055505578972,-0.992767180954416,-4.40876352048609E-16));
#5696=DIRECTION('ref_axis',(-0.992767180954416,-0.120055505578972,-5.33152529197468E-17));
#5697=DIRECTION('',(6.07715176601704E-63,4.44088362817115E-16,-1.));
#5698=DIRECTION('center_axis',(-1.3684555315672E-47,-1.,-4.44088362817115E-16));
#5699=DIRECTION('ref_axis',(-1.,1.3684555315672E-47,0.));
#5700=DIRECTION('',(6.07715176601704E-63,4.44088362817115E-16,-1.));
#5701=DIRECTION('',(6.07715176601704E-63,4.44088362817115E-16,-1.));
#5702=DIRECTION('',(6.07715176601704E-63,4.44088362817115E-16,-1.));
#5703=DIRECTION('center_axis',(1.3684555315672E-47,1.,4.44088362817115E-16));
#5704=DIRECTION('ref_axis',(1.,-1.3684555315672E-47,0.));
#5705=DIRECTION('',(6.07715176601704E-63,4.44088362817115E-16,-1.));
#5706=DIRECTION('',(6.07715176601704E-63,4.44088362817115E-16,-1.));
#5707=DIRECTION('',(6.07715176601704E-63,4.44088362817115E-16,-1.));
#5708=DIRECTION('',(6.07715176601704E-63,4.44088362817115E-16,-1.));
#5709=DIRECTION('center_axis',(-1.,1.3684555315672E-47,0.));
#5710=DIRECTION('ref_axis',(1.3684555315672E-47,1.,4.44088362817115E-16));
#5711=DIRECTION('center_axis',(-1.,1.3684555315672E-47,0.));
#5712=DIRECTION('ref_axis',(1.3684555315672E-47,1.,4.44088362817115E-16));
#5713=DIRECTION('center_axis',(-1.,1.3684555315672E-47,0.));
#5714=DIRECTION('ref_axis',(1.3684555315672E-47,1.,4.44088362817115E-16));
#5715=DIRECTION('',(6.07715176601704E-63,4.44088362817115E-16,-1.));
#5716=DIRECTION('center_axis',(-1.,1.3684555315672E-47,0.));
#5717=DIRECTION('ref_axis',(1.3684555315672E-47,1.,4.44088362817115E-16));
#5718=DIRECTION('',(1.3684555315672E-47,1.,4.44088362817115E-16));
#5719=DIRECTION('',(6.07715176601704E-63,4.44088362817115E-16,-1.));
#5720=DIRECTION('center_axis',(-1.,1.3684555315672E-47,0.));
#5721=DIRECTION('ref_axis',(1.3684555315672E-47,1.,4.44088362817115E-16));
#5722=DIRECTION('',(6.07715176601704E-63,4.44088362817115E-16,-1.));
#5723=DIRECTION('',(6.07715176601704E-63,4.44088362817115E-16,-1.));
#5724=DIRECTION('',(6.07715176601704E-63,4.44088362817115E-16,-1.));
#5725=DIRECTION('',(6.07715176601704E-63,4.44088362817115E-16,-1.));
#5726=DIRECTION('center_axis',(6.07715176601704E-63,4.44088362817115E-16,
-1.));
#5727=DIRECTION('ref_axis',(-1.,1.3684555315672E-47,0.));
#5728=DIRECTION('center_axis',(6.07715176601704E-63,4.44088362817115E-16,
-1.));
#5729=DIRECTION('ref_axis',(-1.,1.3684555315672E-47,0.));
#5730=DIRECTION('',(-1.3684555315672E-47,-1.,-4.44088362817115E-16));
#5731=DIRECTION('center_axis',(6.07715176601704E-63,4.44088362817115E-16,
-1.));
#5732=DIRECTION('ref_axis',(-1.,1.3684555315672E-47,0.));
#5733=DIRECTION('center_axis',(1.,-1.3684555315672E-47,0.));
#5734=DIRECTION('ref_axis',(-1.3684555315672E-47,-1.,-4.44088362817115E-16));
#5735=DIRECTION('center_axis',(1.,-1.3684555315672E-47,0.));
#5736=DIRECTION('ref_axis',(-1.3684555315672E-47,-1.,-4.44088362817115E-16));
#5737=DIRECTION('',(6.07715176601704E-63,4.44088362817115E-16,-1.));
#5738=DIRECTION('',(6.07715176601704E-63,4.44088362817115E-16,-1.));
#5739=DIRECTION('center_axis',(1.,-1.3684555315672E-47,0.));
#5740=DIRECTION('ref_axis',(-1.3684555315672E-47,-1.,-4.44088362817115E-16));
#5741=DIRECTION('',(6.07715176601704E-63,4.44088362817115E-16,-1.));
#5742=DIRECTION('',(6.07715176601704E-63,4.44088362817115E-16,-1.));
#5743=DIRECTION('center_axis',(1.3684555315672E-47,1.,4.44088362817115E-16));
#5744=DIRECTION('ref_axis',(1.,-1.3684555315672E-47,0.));
#5745=DIRECTION('center_axis',(1.3684555315672E-47,1.,4.44088362817115E-16));
#5746=DIRECTION('ref_axis',(1.,-1.3684555315672E-47,0.));
#5747=DIRECTION('center_axis',(1.3684555315672E-47,1.,4.44088362817115E-16));
#5748=DIRECTION('ref_axis',(1.,-1.3684555315672E-47,0.));
#5749=DIRECTION('',(6.07715176601704E-63,4.44088362817115E-16,-1.));
#5750=DIRECTION('center_axis',(1.3684555315672E-47,1.,4.44088362817115E-16));
#5751=DIRECTION('ref_axis',(1.,-1.3684555315672E-47,0.));
#5752=DIRECTION('',(6.07715176601704E-63,4.44088362817115E-16,-1.));
#5753=DIRECTION('center_axis',(-1.3684555315672E-47,-1.,-4.44088362817115E-16));
#5754=DIRECTION('ref_axis',(-1.,1.3684555315672E-47,0.));
#5755=DIRECTION('',(6.07715176601704E-63,4.44088362817115E-16,-1.));
#5756=DIRECTION('center_axis',(-1.3684555315672E-47,-1.,-4.44088362817115E-16));
#5757=DIRECTION('ref_axis',(-1.,1.3684555315672E-47,0.));
#5758=DIRECTION('',(6.07715176601704E-63,4.44088362817115E-16,-1.));
#5759=DIRECTION('center_axis',(1.,-1.3684555315672E-47,0.));
#5760=DIRECTION('ref_axis',(-1.3684555315672E-47,-1.,-4.44088362817115E-16));
#5761=DIRECTION('',(6.07715176601704E-63,4.44088362817115E-16,-1.));
#5762=DIRECTION('center_axis',(1.,-1.3684555315672E-47,0.));
#5763=DIRECTION('ref_axis',(-1.3684555315672E-47,-1.,-4.44088362817115E-16));
#5764=DIRECTION('',(6.07715176601704E-63,4.44088362817115E-16,-1.));
#5765=DIRECTION('',(6.07715176601704E-63,4.44088362817115E-16,-1.));
#5766=DIRECTION('',(6.07715176601704E-63,4.44088362817115E-16,-1.));
#5767=DIRECTION('center_axis',(-1.,1.3684555315672E-47,0.));
#5768=DIRECTION('ref_axis',(1.3684555315672E-47,1.,4.44088362817115E-16));
#5769=DIRECTION('center_axis',(-1.,1.3684555315672E-47,0.));
#5770=DIRECTION('ref_axis',(1.3684555315672E-47,1.,4.44088362817115E-16));
#5771=DIRECTION('center_axis',(-1.,1.3684555315672E-47,0.));
#5772=DIRECTION('ref_axis',(1.3684555315672E-47,1.,4.44088362817115E-16));
#5773=DIRECTION('center_axis',(6.07715176601704E-63,4.44088362817115E-16,
-1.));
#5774=DIRECTION('ref_axis',(-1.,1.3684555315672E-47,0.));
#5775=DIRECTION('',(6.07715176601704E-63,4.44088362817115E-16,-1.));
#5776=DIRECTION('center_axis',(-1.,0.,6.15161737520937E-15));
#5777=DIRECTION('ref_axis',(-6.15161737520937E-15,0.,-1.));
#5778=DIRECTION('',(0.,-1.,0.));
#5779=DIRECTION('center_axis',(0.,0.,1.));
#5780=DIRECTION('ref_axis',(-1.,0.,0.));
#5781=DIRECTION('',(-0.979021767968515,0.203755681746062,0.));
#5782=DIRECTION('',(1.,-4.49640240269892E-15,-1.88587013134623E-30));
#5783=DIRECTION('center_axis',(-0.203755681746062,-0.979021767968515,-4.34772174099455E-16));
#5784=DIRECTION('ref_axis',(-0.979021767968515,0.203755681746062,9.04855271212938E-17));
#5785=DIRECTION('',(6.07715176601704E-63,4.44088362817115E-16,-1.));
#5786=DIRECTION('',(6.07715176601704E-63,4.44088362817115E-16,-1.));
#5787=DIRECTION('center_axis',(0.182797251036233,0.983150631904184,4.36605754524941E-16));
#5788=DIRECTION('ref_axis',(0.983150631904184,-0.182797251036233,-8.11781319401497E-17));
#5789=CARTESIAN_POINT('',(0.,0.,0.));
#5790=CARTESIAN_POINT('Origin',(-25.,-46.,25.));
#5791=CARTESIAN_POINT('',(-46.,-46.,45.2320279914456));
#5792=CARTESIAN_POINT('',(-50.,-46.,45.2320279914456));
#5793=CARTESIAN_POINT('',(-25.,-46.,45.2320279914456));
#5794=CARTESIAN_POINT('',(-46.,-46.,4.));
#5795=CARTESIAN_POINT('',(-46.,-46.,12.5));
#5796=CARTESIAN_POINT('',(-50.,-46.,4.));
#5797=CARTESIAN_POINT('',(-25.,-46.,4.));
#5798=CARTESIAN_POINT('',(-50.,-46.,0.));
#5799=CARTESIAN_POINT('Origin',(-46.,-50.,0.));
#5800=CARTESIAN_POINT('',(-46.,-50.,45.2320279914456));
#5801=CARTESIAN_POINT('',(-46.,-37.5,45.2320279914456));
#5802=CARTESIAN_POINT('',(-46.,-50.,4.));
#5803=CARTESIAN_POINT('',(-46.,-50.,12.5));
#5804=CARTESIAN_POINT('',(-46.,-37.5,4.));
#5805=CARTESIAN_POINT('Origin',(-25.,-25.,45.2320279914457));
#5806=CARTESIAN_POINT('',(-50.,-4.,45.2320279914457));
#5807=CARTESIAN_POINT('',(-50.,-37.5,45.2320279914456));
#5808=CARTESIAN_POINT('',(-46.,-4.,45.2320279914457));
#5809=CARTESIAN_POINT('',(-25.,-4.,45.2320279914457));
#5810=CARTESIAN_POINT('',(-46.,-35.5287965719741,45.2320279914456));
#5811=CARTESIAN_POINT('',(-46.,-37.5,45.2320279914456));
#5812=CARTESIAN_POINT('',(-47.0173600316049,-35.4035154563228,45.2320279914456));
#5813=CARTESIAN_POINT('Ctrl Pts',(-47.0173600316049,-35.4035154563228,45.2320279914456));
#5814=CARTESIAN_POINT('Ctrl Pts',(-46.6783041985761,-35.4461644364748,45.2320279914456));
#5815=CARTESIAN_POINT('Ctrl Pts',(-46.3392271239142,-35.4885193028173,45.2320279914456));
#5816=CARTESIAN_POINT('Ctrl Pts',(-46.,-35.5287965719741,45.2320279914456));
#5817=CARTESIAN_POINT('',(-47.0173600316049,-40.3756302654981,45.2320279914456));
#5818=CARTESIAN_POINT('',(-47.0173600316049,-15.8447029750064,45.2320279914457));
#5819=CARTESIAN_POINT('',(-46.,-40.2683251404076,45.2320279914456));
#5820=CARTESIAN_POINT('Ctrl Pts',(-46.,-40.2683251404076,45.2320279914456));
#5821=CARTESIAN_POINT('Ctrl Pts',(-46.339194408734,-40.3029162761413,45.2320279914456));
#5822=CARTESIAN_POINT('Ctrl Pts',(-46.6782845967612,-40.3391565473801,45.2320279914456));
#5823=CARTESIAN_POINT('Ctrl Pts',(-47.0173600316049,-40.3756302654981,45.2320279914456));
#5824=CARTESIAN_POINT('',(-46.,-37.5,45.2320279914456));
#5825=CARTESIAN_POINT('Origin',(-25.,-25.,45.2320279914457));
#5826=CARTESIAN_POINT('',(-27.8720025961333,-46.,45.2320279914456));
#5827=CARTESIAN_POINT('',(-12.5,-46.,45.2320279914456));
#5828=CARTESIAN_POINT('',(-28.0287750391292,-48.2616268715294,45.2320279914456));
#5829=CARTESIAN_POINT('Ctrl Pts',(-28.0287750391292,-48.2616268715294,45.2320279914456));
#5830=CARTESIAN_POINT('Ctrl Pts',(-27.9976147105357,-47.9349536439801,45.2320279914456));
#5831=CARTESIAN_POINT('Ctrl Pts',(-27.9695219201607,-47.6080502828056,45.2320279914456));
#5832=CARTESIAN_POINT('Ctrl Pts',(-27.9458236694336,-47.2808172333702,45.2320279914456));
#5833=CARTESIAN_POINT('Ctrl Pts',(-27.9149388062364,-46.8543491331819,45.2320279914456));
#5834=CARTESIAN_POINT('Ctrl Pts',(-27.8915179523255,-46.4273210662079,45.2320279914456));
#5835=CARTESIAN_POINT('Ctrl Pts',(-27.8720025961333,-46.,45.2320279914456));
#5836=CARTESIAN_POINT('',(-21.2129620844023,-48.2616268715294,45.2320279914456));
#5837=CARTESIAN_POINT('',(-37.7897460591378,-48.2616268715293,45.2320279914456));
#5838=CARTESIAN_POINT('',(-21.8848752975464,-47.6532795060143,45.2320279914456));
#5839=CARTESIAN_POINT('Ctrl Pts',(-21.8848752975464,-47.6532795060143,45.2320279914456));
#5840=CARTESIAN_POINT('Ctrl Pts',(-21.6378498555635,-47.8403278589824,45.2320279914456));
#5841=CARTESIAN_POINT('Ctrl Pts',(-21.3908244135806,-48.0273762119506,45.2320279914456));
#5842=CARTESIAN_POINT('Ctrl Pts',(-21.2129620844023,-48.2616268715294,45.2320279914456));
#5843=CARTESIAN_POINT('',(-22.6255083120325,-46.,45.2320279914456));
#5844=CARTESIAN_POINT('Ctrl Pts',(-22.6255083120325,-46.,45.2320279914456));
#5845=CARTESIAN_POINT('Ctrl Pts',(-22.5977037551785,-46.2368653406463,45.2320279914456));
#5846=CARTESIAN_POINT('Ctrl Pts',(-22.5467479041838,-46.4664345832734,45.2320279914456));
#5847=CARTESIAN_POINT('Ctrl Pts',(-22.4604964256287,-46.6848804581627,45.2320279914456));
#5848=CARTESIAN_POINT('Ctrl Pts',(-22.3259129099041,-47.0257350653025,45.2320279914456));
#5849=CARTESIAN_POINT('Ctrl Pts',(-22.1053941037252,-47.3395072856584,45.2320279914456));
#5850=CARTESIAN_POINT('Ctrl Pts',(-21.8848752975464,-47.6532795060143,45.2320279914456));
#5851=CARTESIAN_POINT('',(-4.,-46.,45.2320279914456));
#5852=CARTESIAN_POINT('',(-12.5,-46.,45.2320279914456));
#5853=CARTESIAN_POINT('',(-4.,-50.,45.2320279914456));
#5854=CARTESIAN_POINT('',(-4.,-25.,45.2320279914457));
#5855=CARTESIAN_POINT('',(-12.5,-50.,45.2320279914456));
#5856=CARTESIAN_POINT('Origin',(-50.,-50.,50.));
#5857=CARTESIAN_POINT('',(-50.,-50.,50.));
#5858=CARTESIAN_POINT('',(-50.,-50.,0.));
#5859=CARTESIAN_POINT('',(-50.,-50.,50.));
#5860=CARTESIAN_POINT('',(-50.,0.,50.));
#5861=CARTESIAN_POINT('',(-50.,0.,50.));
#5862=CARTESIAN_POINT('',(-50.,0.,0.));
#5863=CARTESIAN_POINT('',(-50.,0.,50.));
#5864=CARTESIAN_POINT('',(-50.,0.,0.));
#5865=CARTESIAN_POINT('',(-49.9999999987805,-2.83095179058519,3.56401128583659));
#5866=CARTESIAN_POINT('',(-50.,-2.83095178762045,4.));
#5867=CARTESIAN_POINT('Ctrl Pts',(-49.9999999987805,-2.83095179058519,3.56401128583659));
#5868=CARTESIAN_POINT('Ctrl Pts',(-49.9999999987805,-2.83095179058519,3.70934085722439));
#5869=CARTESIAN_POINT('Ctrl Pts',(-49.9999999997173,-2.83095178830771,3.8546704286122));
#5870=CARTESIAN_POINT('Ctrl Pts',(-50.,-2.83095178762045,4.));
#5871=CARTESIAN_POINT('',(-50.,-2.5687539184645,4.));
#5872=CARTESIAN_POINT('Ctrl Pts',(-50.,-2.56875391846449,4.00000000000001));
#5873=CARTESIAN_POINT('Ctrl Pts',(-50.,-2.6120480716515,3.93184006767665));
#5874=CARTESIAN_POINT('Ctrl Pts',(-50.,-2.65456895747401,3.86320110402233));
#5875=CARTESIAN_POINT('Ctrl Pts',(-50.,-2.69626191467347,3.79404924693883));
#5876=CARTESIAN_POINT('Ctrl Pts',(-50.,-2.742130348658,3.71797195224446));
#5877=CARTESIAN_POINT('Ctrl Pts',(-50.,-2.78699671895783,3.64127388920703));
#5878=CARTESIAN_POINT('Ctrl Pts',(-50.,-2.83095179058548,3.56401128583609));
#5879=CARTESIAN_POINT('',(-49.9999999999991,-2.23144332055202,4.50128065883755));
#5880=CARTESIAN_POINT('Ctrl Pts',(-49.9999999999991,-2.23144332055148,4.5012806588383));
#5881=CARTESIAN_POINT('Ctrl Pts',(-49.9999999999991,-2.34812017044522,4.336813733156));
#5882=CARTESIAN_POINT('Ctrl Pts',(-49.9999999999991,-2.46083920754728,4.16989498237884));
#5883=CARTESIAN_POINT('Ctrl Pts',(-49.9999999999991,-2.56875391846449,4.00000000000003));
#5884=CARTESIAN_POINT('',(-50.,-2.23144332055245,7.20550657956558));
#5885=CARTESIAN_POINT('Ctrl Pts',(-50.,-2.23144332055245,7.20550657956558));
#5886=CARTESIAN_POINT('Ctrl Pts',(-50.,-2.23144332055245,6.75150468437625));
#5887=CARTESIAN_POINT('Ctrl Pts',(-50.,-2.23144332055245,6.29750278918691));
#5888=CARTESIAN_POINT('Ctrl Pts',(-50.,-2.23144332055245,5.39609414894423));
#5889=CARTESIAN_POINT('Ctrl Pts',(-49.9999999999991,-2.23144332055202,4.94868740389089));
#5890=CARTESIAN_POINT('Ctrl Pts',(-49.9999999999991,-2.23144332055202,4.50128065883755));
#5891=CARTESIAN_POINT('',(-50.,-2.83095178762044,7.38705785453074));
#5892=CARTESIAN_POINT('Ctrl Pts',(-50.,-2.83095178762044,7.38705785453074));
#5893=CARTESIAN_POINT('Ctrl Pts',(-50.,-2.63163163053216,7.32479283906952));
#5894=CARTESIAN_POINT('Ctrl Pts',(-50.,-2.43172391235566,7.26442971864719));
#5895=CARTESIAN_POINT('Ctrl Pts',(-50.,-2.23144332055245,7.20550657956558));
#5896=CARTESIAN_POINT('Ctrl Pts',(-50.,-2.83095178762045,4.));
#5897=CARTESIAN_POINT('Ctrl Pts',(-50.0000000003271,-2.83095178682518,4.51216449133462));
#5898=CARTESIAN_POINT('Ctrl Pts',(-50.,-2.83095178762045,5.02432898266925));
#5899=CARTESIAN_POINT('Ctrl Pts',(-50.,-2.83095178762045,6.15334826751283));
#5900=CARTESIAN_POINT('Ctrl Pts',(-50.,-2.83095178762044,6.77020306102178));
#5901=CARTESIAN_POINT('Ctrl Pts',(-50.,-2.83095178762044,7.38705785453074));
#5902=CARTESIAN_POINT('',(-50.,-4.,4.));
#5903=CARTESIAN_POINT('',(-50.,0.,4.));
#5904=CARTESIAN_POINT('',(-50.,-4.,0.));
#5905=CARTESIAN_POINT('Origin',(0.,-46.,50.));
#5906=CARTESIAN_POINT('',(-4.,-46.,50.));
#5907=CARTESIAN_POINT('',(-4.,-46.,50.));
#5908=CARTESIAN_POINT('',(-22.6255083120325,-46.,45.4393470132241));
#5909=CARTESIAN_POINT('Ctrl Pts',(-22.6255083120325,-46.,45.4393470132241));
#5910=CARTESIAN_POINT('Ctrl Pts',(-22.6255083120325,-46.,45.3702406726313));
#5911=CARTESIAN_POINT('Ctrl Pts',(-22.6255083120325,-46.,45.3011343320385));
#5912=CARTESIAN_POINT('Ctrl Pts',(-22.6255083120325,-46.,45.2320279914456));
#5913=CARTESIAN_POINT('',(-27.8720025960698,-45.9999999993052,45.4393470131087));
#5914=CARTESIAN_POINT('Ctrl Pts',(-27.8720025960698,-45.9999999993052,45.4393470131087));
#5915=CARTESIAN_POINT('Ctrl Pts',(-26.7882912513018,-45.9999999993052,45.4393470131087));
#5916=CARTESIAN_POINT('Ctrl Pts',(-25.7045799065338,-46.,45.4393470132241));
#5917=CARTESIAN_POINT('Ctrl Pts',(-23.9557484785213,-46.,45.4393470132241));
#5918=CARTESIAN_POINT('Ctrl Pts',(-23.2906283952769,-46.,45.4393470132241));
#5919=CARTESIAN_POINT('Ctrl Pts',(-22.6255083120325,-46.,45.4393470132241));
#5920=CARTESIAN_POINT('Ctrl Pts',(-27.8720025961333,-46.,45.2320279914456));
#5921=CARTESIAN_POINT('Ctrl Pts',(-27.8720025961333,-46.,45.301134332));
#5922=CARTESIAN_POINT('Ctrl Pts',(-27.8720025960698,-45.9999999993052,45.3702406725543));
#5923=CARTESIAN_POINT('Ctrl Pts',(-27.8720025960698,-45.9999999993052,45.4393470131087));
#5924=CARTESIAN_POINT('',(-46.,-46.,50.));
#5925=CARTESIAN_POINT('',(-46.,-46.,50.));
#5926=CARTESIAN_POINT('',(-12.5,-46.,50.));
#5927=CARTESIAN_POINT('Origin',(-25.,-25.,4.));
#5928=CARTESIAN_POINT('',(-4.,-50.,4.));
#5929=CARTESIAN_POINT('',(-50.,-50.,4.));
#5930=CARTESIAN_POINT('',(-4.,-46.,4.));
#5931=CARTESIAN_POINT('',(-4.,-25.,4.));
#5932=CARTESIAN_POINT('',(-37.5,-46.,4.));
#5933=CARTESIAN_POINT('Origin',(-25.,-25.,4.));
#5934=CARTESIAN_POINT('',(-46.,-23.5428444968849,4.));
#5935=CARTESIAN_POINT('',(-46.,-12.5,4.));
#5936=CARTESIAN_POINT('',(-47.8373132293348,-22.803458344453,4.));
#5937=CARTESIAN_POINT('Ctrl Pts',(-47.8373132293348,-22.803458344453,4.00000000000001));
#5938=CARTESIAN_POINT('Ctrl Pts',(-47.2199722056065,-23.0427436648283,4.00000000000001));
#5939=CARTESIAN_POINT('Ctrl Pts',(-46.6067877723827,-23.2881128159919,4.00000000000001));
#5940=CARTESIAN_POINT('Ctrl Pts',(-46.0000000000002,-23.5428444968848,4.00000000000001));
#5941=CARTESIAN_POINT('',(-46.,-22.803458344453,4.));
#5942=CARTESIAN_POINT('Ctrl Pts',(-46.,-22.803458344453,4.));
#5943=CARTESIAN_POINT('Ctrl Pts',(-46.6124377431116,-22.803458344453,4.));
#5944=CARTESIAN_POINT('Ctrl Pts',(-47.2248754862232,-22.803458344453,4.));
#5945=CARTESIAN_POINT('Ctrl Pts',(-47.8373132293348,-22.803458344453,4.));
#5946=CARTESIAN_POINT('',(-46.,-8.21315284650372,4.));
#5947=CARTESIAN_POINT('',(-46.,-12.5,4.));
#5948=CARTESIAN_POINT('',(-49.0467548522462,-4.,4.));
#5949=CARTESIAN_POINT('Ctrl Pts',(-49.0467548522461,-4.00000000000018,4.));
#5950=CARTESIAN_POINT('Ctrl Pts',(-47.9535256235781,-5.35798469178487,4.));
#5951=CARTESIAN_POINT('Ctrl Pts',(-46.9031608516109,-6.74158483503891,4.));
#5952=CARTESIAN_POINT('Ctrl Pts',(-46.,-8.2131528465037,3.99999999999999));
#5953=CARTESIAN_POINT('',(-25.,-4.,4.));
#5954=CARTESIAN_POINT('Origin',(-25.,-25.,50.));
#5955=CARTESIAN_POINT('',(1.23259516440783E-31,-50.,50.));
#5956=CARTESIAN_POINT('',(-50.,-50.,50.));
#5957=CARTESIAN_POINT('',(0.,0.,50.));
#5958=CARTESIAN_POINT('',(1.23259516440783E-31,-50.,50.));
#5959=CARTESIAN_POINT('',(0.,0.,50.));
#5960=CARTESIAN_POINT('',(-46.,-4.,50.));
#5961=CARTESIAN_POINT('',(-46.,-37.5,50.));
#5962=CARTESIAN_POINT('',(-4.,-4.,50.));
#5963=CARTESIAN_POINT('',(-37.5,-4.,50.));
#5964=CARTESIAN_POINT('',(-4.,-12.5,50.));
#5965=CARTESIAN_POINT('Origin',(0.,-46.,0.));
#5966=CARTESIAN_POINT('',(8.25838760153247E-32,-46.,45.2320279914456));
#5967=CARTESIAN_POINT('',(-12.5,-46.,45.2320279914456));
#5968=CARTESIAN_POINT('',(0.,-46.,4.));
#5969=CARTESIAN_POINT('',(0.,-46.,12.5));
#5970=CARTESIAN_POINT('',(-12.5,-46.,4.));
#5971=CARTESIAN_POINT('',(-4.,-46.,12.5));
#5972=CARTESIAN_POINT('Origin',(-4.,-25.,25.));
#5973=CARTESIAN_POINT('',(-4.,-50.,0.));
#5974=CARTESIAN_POINT('Origin',(-50.,-50.,0.));
#5975=CARTESIAN_POINT('',(-2.09926363938209E-31,-50.,0.));
#5976=CARTESIAN_POINT('',(-50.,-50.,0.));
#5977=CARTESIAN_POINT('',(-2.09926363938209E-31,-50.,0.));
#5978=CARTESIAN_POINT('Origin',(-25.,-25.,4.));
#5979=CARTESIAN_POINT('',(0.,-4.,4.));
#5980=CARTESIAN_POINT('',(-2.09926363938209E-31,-50.,4.));
#5981=CARTESIAN_POINT('',(-2.52926060192332,-4.,4.));
#5982=CARTESIAN_POINT('',(-25.,-4.,4.));
#5983=CARTESIAN_POINT('',(-4.,-6.45124048067236,4.));
#5984=CARTESIAN_POINT('Ctrl Pts',(-4.,-6.45124048067237,4.));
#5985=CARTESIAN_POINT('Ctrl Pts',(-3.50437534599207,-5.63768515279956,4.));
#5986=CARTESIAN_POINT('Ctrl Pts',(-3.01558260026222,-4.81965223295735,4.));
#5987=CARTESIAN_POINT('Ctrl Pts',(-2.52926060192332,-4.,4.));
#5988=CARTESIAN_POINT('',(-4.,-22.8034583444532,4.));
#5989=CARTESIAN_POINT('',(-4.,-37.5,4.));
#5990=CARTESIAN_POINT('',(-3.28967201941222,-22.8034583474037,3.99999999910347));
#5991=CARTESIAN_POINT('Ctrl Pts',(-3.28967201941222,-22.8034583474037,3.99999999910347));
#5992=CARTESIAN_POINT('Ctrl Pts',(-3.52644801294148,-22.8034583474037,3.99999999910347));
#5993=CARTESIAN_POINT('Ctrl Pts',(-3.76322400647074,-22.8034583445422,3.99999999997297));
#5994=CARTESIAN_POINT('Ctrl Pts',(-4.,-22.8034583444532,4.));
#5995=CARTESIAN_POINT('',(-4.,-23.1419371002529,4.));
#5996=CARTESIAN_POINT('Ctrl Pts',(-3.99999999999999,-23.1419371002529,4.));
#5997=CARTESIAN_POINT('Ctrl Pts',(-3.76388153007755,-23.0281947129446,4.));
#5998=CARTESIAN_POINT('Ctrl Pts',(-3.52706634111547,-22.915423073511,4.));
#5999=CARTESIAN_POINT('Ctrl Pts',(-3.28967201941221,-22.8034583474036,4.));
#6000=CARTESIAN_POINT('',(-4.,-37.5,4.));
#6001=CARTESIAN_POINT('Origin',(-25.,-25.,45.2320279914457));
#6002=CARTESIAN_POINT('',(-4.,-40.3351636895296,45.2320279914456));
#6003=CARTESIAN_POINT('',(-4.,-12.5,45.2320279914457));
#6004=CARTESIAN_POINT('',(-3.08578014373778,-40.447859965609,45.2320279914456));
#6005=CARTESIAN_POINT('Ctrl Pts',(-3.08578014373778,-40.447859965609,45.2320279914456));
#6006=CARTESIAN_POINT('Ctrl Pts',(-3.39049184620269,-40.4098761141074,45.2320279914456));
#6007=CARTESIAN_POINT('Ctrl Pts',(-3.6952035486676,-40.3718922626058,45.2320279914456));
#6008=CARTESIAN_POINT('Ctrl Pts',(-4.,-40.3351636895296,45.2320279914456));
#6009=CARTESIAN_POINT('',(-3.08578014373778,-35.3823997605309,45.2320279914456));
#6010=CARTESIAN_POINT('',(-3.08578014373778,-33.5359028552719,45.2320279914456));
#6011=CARTESIAN_POINT('',(-4.,-35.4787334991998,45.2320279914456));
#6012=CARTESIAN_POINT('Ctrl Pts',(-4.,-35.4787334991998,45.2320279914456));
#6013=CARTESIAN_POINT('Ctrl Pts',(-3.69522154768763,-35.4471777783036,45.2320279914456));
#6014=CARTESIAN_POINT('Ctrl Pts',(-3.39050084571271,-35.4147887694172,45.2320279914456));
#6015=CARTESIAN_POINT('Ctrl Pts',(-3.08578014373778,-35.3823997605309,45.2320279914456));
#6016=CARTESIAN_POINT('',(-4.,-4.,45.2320279914457));
#6017=CARTESIAN_POINT('',(-4.,-12.5,45.2320279914457));
#6018=CARTESIAN_POINT('',(0.,-4.,45.2320279914457));
#6019=CARTESIAN_POINT('',(-25.,-4.,45.2320279914457));
#6020=CARTESIAN_POINT('',(-3.26237883473189E-48,-12.5,45.2320279914457));
#6021=CARTESIAN_POINT('Origin',(-4.,-9.86076131526265E-33,50.));
#6022=CARTESIAN_POINT('',(-4.,-4.,50.));
#6023=CARTESIAN_POINT('',(-4.,-15.8447029750064,45.2320279914457));
#6024=CARTESIAN_POINT('Origin',(-25.,-4.,25.));
#6025=CARTESIAN_POINT('',(-4.,-4.,7.55915359839108));
#6026=CARTESIAN_POINT('',(-4.,-4.,12.5));
#6027=CARTESIAN_POINT('',(-2.52926060192332,-4.,7.65320575197107));
#6028=CARTESIAN_POINT('Ctrl Pts',(-2.52926060192332,-4.,7.65320575197107));
#6029=CARTESIAN_POINT('Ctrl Pts',(-3.01933136492226,-4.,7.61824592706317));
#6030=CARTESIAN_POINT('Ctrl Pts',(-3.50954996194459,-4.,7.58632275340724));
#6031=CARTESIAN_POINT('Ctrl Pts',(-4.,-4.,7.55915359839108));
#6032=CARTESIAN_POINT('Ctrl Pts',(-2.52926060192332,-4.,4.));
#6033=CARTESIAN_POINT('Ctrl Pts',(-2.52926060192332,-4.,4.41685891461125));
#6034=CARTESIAN_POINT('Ctrl Pts',(-2.52926060192332,-4.,4.83371782922251));
#6035=CARTESIAN_POINT('Ctrl Pts',(-2.52926060192332,-4.,6.05145307987953));
#6036=CARTESIAN_POINT('Ctrl Pts',(-2.52926060192332,-4.,6.8523294159253));
#6037=CARTESIAN_POINT('Ctrl Pts',(-2.52926060192332,-4.,7.65320575197107));
#6038=CARTESIAN_POINT('',(0.,-4.,50.));
#6039=CARTESIAN_POINT('Origin',(-25.,-4.,25.));
#6040=CARTESIAN_POINT('',(-49.046754853616,-3.99999999914926,7.78055730851676));
#6041=CARTESIAN_POINT('Ctrl Pts',(-49.046754853616,-3.99999999914926,7.78055730851676));
#6042=CARTESIAN_POINT('Ctrl Pts',(-49.046754853616,-3.99999999914926,7.0325360303458));
#6043=CARTESIAN_POINT('Ctrl Pts',(-49.0467548522462,-4.,6.28451475217483));
#6044=CARTESIAN_POINT('Ctrl Pts',(-49.0467548522462,-4.,5.02432898266925));
#6045=CARTESIAN_POINT('Ctrl Pts',(-49.0467548522462,-4.,4.51216449133463));
#6046=CARTESIAN_POINT('Ctrl Pts',(-49.0467548522462,-4.,4.));
#6047=CARTESIAN_POINT('',(-49.0241578932381,-4.0000000000009,7.78055730913798));
#6048=CARTESIAN_POINT('Ctrl Pts',(-49.0241578932381,-4.0000000000009,7.78055730913798));
#6049=CARTESIAN_POINT('Ctrl Pts',(-49.031690213364,-4.0000000000009,7.78055730913798));
#6050=CARTESIAN_POINT('Ctrl Pts',(-49.03922253349,-3.99999999914926,7.78055730851676));
#6051=CARTESIAN_POINT('Ctrl Pts',(-49.046754853616,-3.99999999914926,7.78055730851676));
#6052=CARTESIAN_POINT('',(-46.,-4.,7.58261913483587));
#6053=CARTESIAN_POINT('Ctrl Pts',(-46.,-4.,7.58261913483587));
#6054=CARTESIAN_POINT('Ctrl Pts',(-47.0085306262952,-4.,7.63747969549922));
#6055=CARTESIAN_POINT('Ctrl Pts',(-48.0164258824772,-4.,7.70711984501773));
#6056=CARTESIAN_POINT('Ctrl Pts',(-49.0241578932381,-4.,7.78055730913798));
#6057=CARTESIAN_POINT('',(-46.,-4.,37.5));
#6058=CARTESIAN_POINT('Origin',(-46.,0.,50.));
#6059=CARTESIAN_POINT('',(-46.,0.,45.2320279914457));
#6060=CARTESIAN_POINT('',(-46.,-12.5,45.2320279914457));
#6061=CARTESIAN_POINT('',(-45.9999999993466,-3.43465955460963,7.58261913476478));
#6062=CARTESIAN_POINT('Ctrl Pts',(-45.9999999993466,-3.43465955460963,7.58261913476478));
#6063=CARTESIAN_POINT('Ctrl Pts',(-45.9999999993466,-3.62310636973975,7.58261913476478));
#6064=CARTESIAN_POINT('Ctrl Pts',(-45.9999999998273,-3.81155318486988,7.58261913481707));
#6065=CARTESIAN_POINT('Ctrl Pts',(-46.,-4.,7.58261913483587));
#6066=CARTESIAN_POINT('',(-45.999999997656,-0.774330355747817,6.79663711362679));
#6067=CARTESIAN_POINT('Ctrl Pts',(-45.999999997656,-0.774330355747816,6.79663711362679));
#6068=CARTESIAN_POINT('Ctrl Pts',(-45.999999997656,-1.66814940826661,7.0398095905442));
#6069=CARTESIAN_POINT('Ctrl Pts',(-45.999999997656,-2.55997699789447,7.2883042634215));
#6070=CARTESIAN_POINT('Ctrl Pts',(-45.999999997656,-3.43465955460965,7.58261913476479));
#6071=CARTESIAN_POINT('',(-45.9999999996748,-0.774330357899075,6.30103976508471));
#6072=CARTESIAN_POINT('Ctrl Pts',(-45.9999999996748,-0.774330357899075,
6.30103976508471));
#6073=CARTESIAN_POINT('Ctrl Pts',(-45.9999999996748,-0.774330357899075,
6.4662388812654));
#6074=CARTESIAN_POINT('Ctrl Pts',(-45.9999999975682,-0.774330355654182,
6.6314379974461));
#6075=CARTESIAN_POINT('Ctrl Pts',(-45.999999997656,-0.774330355747817,6.79663711362679));
#6076=CARTESIAN_POINT('',(-46.,-2.56875391846452,4.));
#6077=CARTESIAN_POINT('Ctrl Pts',(-46.,-2.56875391846452,4.));
#6078=CARTESIAN_POINT('Ctrl Pts',(-46.,-2.05023007912215,4.81633539856909));
#6079=CARTESIAN_POINT('Ctrl Pts',(-46.,-1.42078655199629,5.5639571696026));
#6080=CARTESIAN_POINT('Ctrl Pts',(-46.,-0.774330357899075,6.30103976508471));
#6081=CARTESIAN_POINT('',(-46.,0.,4.));
#6082=CARTESIAN_POINT('',(-46.,-12.5,4.));
#6083=CARTESIAN_POINT('',(-46.,0.,37.5));
#6084=CARTESIAN_POINT('Origin',(-4.,0.,0.));
#6085=CARTESIAN_POINT('',(-4.,0.,45.2320279914457));
#6086=CARTESIAN_POINT('',(-4.,-12.5,45.2320279914457));
#6087=CARTESIAN_POINT('',(-4.,0.,4.));
#6088=CARTESIAN_POINT('',(-4.,0.,12.5));
#6089=CARTESIAN_POINT('',(-4.,-2.56875391846471,4.));
#6090=CARTESIAN_POINT('',(-4.,-12.5,4.));
#6091=CARTESIAN_POINT('',(-4.00000000329703,-1.45802219471727,5.50239207981296));
#6092=CARTESIAN_POINT('Ctrl Pts',(-4.00000000329703,-1.45802219471727,5.50239207981296));
#6093=CARTESIAN_POINT('Ctrl Pts',(-4.00000000329703,-1.85740879374392,5.01964832298954));
#6094=CARTESIAN_POINT('Ctrl Pts',(-4.00000000329704,-2.23593045411794,4.52397894717295));
#6095=CARTESIAN_POINT('Ctrl Pts',(-4.00000000329704,-2.56875391848415,3.99999999996939));
#6096=CARTESIAN_POINT('',(-4.,-1.4580221980143,6.98452985937573));
#6097=CARTESIAN_POINT('',(-4.,-1.45802219801431,26.4171508735188));
#6098=CARTESIAN_POINT('',(-3.99999999999931,-3.36459668254289,7.55915359839116));
#6099=CARTESIAN_POINT('Ctrl Pts',(-3.99999999999932,-3.36459668254308,7.55915359839122));
#6100=CARTESIAN_POINT('Ctrl Pts',(-3.99999999999932,-2.73583406742541,7.34954029899852));
#6101=CARTESIAN_POINT('Ctrl Pts',(-3.99999999999931,-2.09843874595368,7.16299795668456));
#6102=CARTESIAN_POINT('Ctrl Pts',(-3.99999999999931,-1.45802219801431,6.98452985937572));
#6103=CARTESIAN_POINT('Ctrl Pts',(-4.,-4.,7.55915359839108));
#6104=CARTESIAN_POINT('Ctrl Pts',(-4.,-3.78819889418096,7.55915359839108));
#6105=CARTESIAN_POINT('Ctrl Pts',(-3.99999999999931,-3.57639778836193,7.55915359839116));
#6106=CARTESIAN_POINT('Ctrl Pts',(-3.99999999999931,-3.36459668254289,7.55915359839116));
#6107=CARTESIAN_POINT('Origin',(-50.,0.,50.));
#6108=CARTESIAN_POINT('',(0.,0.,0.));
#6109=CARTESIAN_POINT('',(0.,0.,0.));
#6110=CARTESIAN_POINT('',(0.,0.,0.));
#6111=CARTESIAN_POINT('',(-37.5,0.,45.2320279914457));
#6112=CARTESIAN_POINT('',(0.,0.,4.));
#6113=CARTESIAN_POINT('Origin',(-25.,-25.,45.2320279914457));
#6114=CARTESIAN_POINT('',(-37.5,-4.,45.2320279914457));
#6115=CARTESIAN_POINT('Origin',(0.,0.,50.));
#6116=CARTESIAN_POINT('',(-2.09926363938209E-31,-50.,0.));
#6117=CARTESIAN_POINT('Ctrl Pts',(-50.5794921182752,-0.421867879334109,
6.70094869914831));
#6118=CARTESIAN_POINT('Ctrl Pts',(-0.579492118275198,-0.421867879334334,
6.70094869914831));
#6119=CARTESIAN_POINT('Ctrl Pts',(-50.5794921182752,-1.70568777964481,7.04911826733829));
#6120=CARTESIAN_POINT('Ctrl Pts',(-0.579492118275198,-1.70568777964504,
7.04911826733829));
#6121=CARTESIAN_POINT('Ctrl Pts',(-50.5794921182752,-4.14722824631094,7.71125949897974));
#6122=CARTESIAN_POINT('Ctrl Pts',(-0.579492118275216,-4.14722824631117,
7.71125949897974));
#6123=CARTESIAN_POINT('Ctrl Pts',(-50.5794921182752,-6.42650677543974,8.80704668623423));
#6124=CARTESIAN_POINT('Ctrl Pts',(-0.579492118275224,-6.42650677543997,
8.80704668623423));
#6125=CARTESIAN_POINT('Ctrl Pts',(-50.5794921182752,-7.50728658050599,9.32664297405065));
#6126=CARTESIAN_POINT('Ctrl Pts',(-0.579492118275224,-7.50728658050621,
9.32664297405065));
#6127=CARTESIAN_POINT('',(-6.07230669697066,-0.421867879334309,6.70094869914831));
#6128=CARTESIAN_POINT('Ctrl Pts',(-6.07230669697066,-0.421867879334309,
6.70094869914831));
#6129=CARTESIAN_POINT('Ctrl Pts',(-5.38095394519671,-0.76754457889285,6.79469557687587));
#6130=CARTESIAN_POINT('Ctrl Pts',(-4.68960119342271,-1.11322127845141,6.88844245460343));
#6131=CARTESIAN_POINT('Ctrl Pts',(-4.,-1.4580221980143,6.98452985937573));
#6132=CARTESIAN_POINT('',(-6.98837149227423,-0.421867879334305,6.70094869914831));
#6133=CARTESIAN_POINT('',(-50.5794921182752,-0.421867879334109,6.70094869914831));
#6134=CARTESIAN_POINT('',(-8.33912448946234,-2.95308570476104,7.42547675458801));
#6135=CARTESIAN_POINT('Ctrl Pts',(-8.33912448946234,-2.95308570476104,7.42547675458801));
#6136=CARTESIAN_POINT('Ctrl Pts',(-7.85480160332104,-2.05926141131914,7.14233083168582));
#6137=CARTESIAN_POINT('Ctrl Pts',(-7.39465013108919,-1.19012188177073,6.90929775513644));
#6138=CARTESIAN_POINT('Ctrl Pts',(-6.98837149227422,-0.421867879334302,
6.70094869914831));
#6139=CARTESIAN_POINT('Ctrl Pts',(-8.33912448946233,-2.95308570476104,7.42547675458801));
#6140=CARTESIAN_POINT('Ctrl Pts',(-7.21248389307757,-3.01269101326584,7.44435854176955));
#6141=CARTESIAN_POINT('Ctrl Pts',(-6.0806335096565,-3.07903813471653,7.46522934627996));
#6142=CARTESIAN_POINT('Ctrl Pts',(-4.61451726724364,-3.26771892775442,7.52702540316665));
#6143=CARTESIAN_POINT('Ctrl Pts',(-4.30730660982287,-3.31353194098325,7.5421299256988));
#6144=CARTESIAN_POINT('Ctrl Pts',(-3.99999999999863,-3.36459668254289,7.55915359839116));
#6145=CARTESIAN_POINT('Ctrl Pts',(-42.4176061153412,-15.8519270050988,52.8343017470375));
#6146=CARTESIAN_POINT('Ctrl Pts',(-42.4176061153412,-15.8519270050987,2.8343017470375));
#6147=CARTESIAN_POINT('Ctrl Pts',(-43.4536957549141,-13.2820125711377,52.8343017470375));
#6148=CARTESIAN_POINT('Ctrl Pts',(-43.4536957549141,-13.2820125711376,2.8343017470375));
#6149=CARTESIAN_POINT('Ctrl Pts',(-45.4346716760061,-8.36840430936409,52.8343017470375));
#6150=CARTESIAN_POINT('Ctrl Pts',(-45.4346716760061,-8.36840430936407,2.8343017470375));
#6151=CARTESIAN_POINT('Ctrl Pts',(-48.8022890435369,-4.28344172306328,52.8343017470375));
#6152=CARTESIAN_POINT('Ctrl Pts',(-48.8022890435369,-4.28344172306326,2.83430174703751));
#6153=CARTESIAN_POINT('Ctrl Pts',(-50.4085758328438,-2.33499547128527,52.8343017470375));
#6154=CARTESIAN_POINT('Ctrl Pts',(-50.4085758328438,-2.33499547128525,2.83430174703751));
#6155=CARTESIAN_POINT('',(-50.0694420933727,-2.74656829193692,7.36082056152181));
#6156=CARTESIAN_POINT('Ctrl Pts',(-50.0000000000004,-2.83095178762001,7.38705785453073));
#6157=CARTESIAN_POINT('Ctrl Pts',(-50.0230827687131,-2.80289294926432,7.37829397594718));
#6158=CARTESIAN_POINT('Ctrl Pts',(-50.0462286137354,-2.77476748813703,7.36954793724949));
#6159=CARTESIAN_POINT('Ctrl Pts',(-50.0694420933727,-2.74656829193691,7.36082056152181));
#6160=CARTESIAN_POINT('',(-50.0694420933727,-2.74656829193688,3.70969148807591));
#6161=CARTESIAN_POINT('Ctrl Pts',(-50.0694420933727,-2.74656829193692,7.36082056152181));
#6162=CARTESIAN_POINT('Ctrl Pts',(-50.0694420933727,-2.7465682919369,6.14377753703985));
#6163=CARTESIAN_POINT('Ctrl Pts',(-50.0694420933727,-2.7465682919369,4.92673451255788));
#6164=CARTESIAN_POINT('Ctrl Pts',(-50.0694420933727,-2.74656829193688,3.70969148807591));
#6165=CARTESIAN_POINT('Ctrl Pts',(-50.0694420933727,-2.74656829193688,3.70969148807592));
#6166=CARTESIAN_POINT('Ctrl Pts',(-50.0459967391446,-2.77504916400739,3.6614093723367));
#6167=CARTESIAN_POINT('Ctrl Pts',(-50.0228561222287,-2.80316845508132,3.61284767310204));
#6168=CARTESIAN_POINT('Ctrl Pts',(-49.9999999975611,-2.83095179058519,3.56401128583659));
#6169=CARTESIAN_POINT('Ctrl Pts',(-42.4176061153412,-15.8519270050988,52.8343017470375));
#6170=CARTESIAN_POINT('Ctrl Pts',(-42.4176061153412,-15.8519270050987,2.8343017470375));
#6171=CARTESIAN_POINT('Ctrl Pts',(-43.4536957549141,-13.2820125711377,52.8343017470375));
#6172=CARTESIAN_POINT('Ctrl Pts',(-43.4536957549141,-13.2820125711376,2.8343017470375));
#6173=CARTESIAN_POINT('Ctrl Pts',(-45.4346716760061,-8.36840430936409,52.8343017470375));
#6174=CARTESIAN_POINT('Ctrl Pts',(-45.4346716760061,-8.36840430936407,2.8343017470375));
#6175=CARTESIAN_POINT('Ctrl Pts',(-48.8022890435369,-4.28344172306328,52.8343017470375));
#6176=CARTESIAN_POINT('Ctrl Pts',(-48.8022890435369,-4.28344172306326,2.83430174703751));
#6177=CARTESIAN_POINT('Ctrl Pts',(-50.4085758328438,-2.33499547128527,52.8343017470375));
#6178=CARTESIAN_POINT('Ctrl Pts',(-50.4085758328438,-2.33499547128525,2.83430174703751));
#6179=CARTESIAN_POINT('',(-46.,-8.21315284650371,3.29101061474301));
#6180=CARTESIAN_POINT('Ctrl Pts',(-46.,-8.21315284650372,4.));
#6181=CARTESIAN_POINT('Ctrl Pts',(-46.,-8.21315284650372,3.76367020491434));
#6182=CARTESIAN_POINT('Ctrl Pts',(-46.,-8.21315284650371,3.52734040982867));
#6183=CARTESIAN_POINT('Ctrl Pts',(-46.,-8.21315284650371,3.29101061474301));
#6184=CARTESIAN_POINT('',(-44.5611441777451,-10.8636193594367,4.97742555919469));
#6185=CARTESIAN_POINT('Ctrl Pts',(-46.,-8.21315284650371,3.291010614743));
#6186=CARTESIAN_POINT('Ctrl Pts',(-45.5876502996215,-8.88501614475437,3.68807658824801));
#6187=CARTESIAN_POINT('Ctrl Pts',(-45.1219682906996,-9.70705582792805,4.21459337512822));
#6188=CARTESIAN_POINT('Ctrl Pts',(-44.5611441777451,-10.8636193594367,4.97742555919469));
#6189=CARTESIAN_POINT('',(-43.2746268385203,-13.7499907461329,7.47485298328801));
#6190=CARTESIAN_POINT('Ctrl Pts',(-44.5611441777451,-10.8636193594367,4.97742555919469));
#6191=CARTESIAN_POINT('Ctrl Pts',(-44.1534689171859,-11.7043505765326,5.64173898567531));
#6192=CARTESIAN_POINT('Ctrl Pts',(-43.7827096987833,-12.5460094234866,6.30550829164437));
#6193=CARTESIAN_POINT('Ctrl Pts',(-43.3912528032558,-13.4711597117133,7.19269232690609));
#6194=CARTESIAN_POINT('Ctrl Pts',(-43.3322155718332,-13.6118636835,7.33281495945269));
#6195=CARTESIAN_POINT('Ctrl Pts',(-43.2746268385203,-13.7499907461329,7.47485298328801));
#6196=CARTESIAN_POINT('',(-49.043623728295,-4.00388962737194,7.78197633326473));
#6197=CARTESIAN_POINT('Ctrl Pts',(-43.2746268385203,-13.7499907461329,7.47485298328801));
#6198=CARTESIAN_POINT('Ctrl Pts',(-45.1318470128761,-9.29543249160879,7.52255647001732));
#6199=CARTESIAN_POINT('Ctrl Pts',(-46.3880595555617,-7.30293778344465,7.5883266830376));
#6200=CARTESIAN_POINT('Ctrl Pts',(-49.043623728295,-4.00388962737194,7.78197633326472));
#6201=CARTESIAN_POINT('Ctrl Pts',(-49.0436237283198,-4.0038896273412,7.78197633326472));
#6202=CARTESIAN_POINT('Ctrl Pts',(-49.0446674041331,-4.00259305284944,7.78150308770784));
#6203=CARTESIAN_POINT('Ctrl Pts',(-49.0457111275272,-4.0012964913063,7.7810301635679));
#6204=CARTESIAN_POINT('Ctrl Pts',(-49.0467548535833,-3.99999999833912,7.78055730853157));
#6205=CARTESIAN_POINT('Origin',(-6.79684162139892,-0.0596000779136935,52.8343017470375));
#6206=CARTESIAN_POINT('Ctrl Pts',(-4.00000000659406,-1.45802219471727,5.50239207981296));
#6207=CARTESIAN_POINT('Ctrl Pts',(-4.63585819421221,-1.14009280321759,5.88667745451301));
#6208=CARTESIAN_POINT('Ctrl Pts',(-5.32284311425415,-0.796600021569953,
6.2768119620445));
#6209=CARTESIAN_POINT('Ctrl Pts',(-6.07230669697066,-0.421867879334307,
6.70094869914831));
#6210=CARTESIAN_POINT('Ctrl Pts',(-50.5794921182752,-3.97117665618957,1.12299822154821));
#6211=CARTESIAN_POINT('Ctrl Pts',(-0.579492118275216,-3.9711766561898,1.12299822154821));
#6212=CARTESIAN_POINT('Ctrl Pts',(-50.5794921182752,-3.58691757568451,2.0385695463551));
#6213=CARTESIAN_POINT('Ctrl Pts',(-0.579492118275207,-3.58691757568474,
2.0385695463551));
#6214=CARTESIAN_POINT('Ctrl Pts',(-50.5794921182752,-2.72346673151141,4.09590761177207));
#6215=CARTESIAN_POINT('Ctrl Pts',(-0.579492118275207,-2.72346673151164,
4.09590761177207));
#6216=CARTESIAN_POINT('Ctrl Pts',(-50.5794921182752,-1.2433129956965,5.77120445760759));
#6217=CARTESIAN_POINT('Ctrl Pts',(-0.579492118275198,-1.24331299569673,
5.77120445760759));
#6218=CARTESIAN_POINT('Ctrl Pts',(-50.5794921182752,-0.421867879334109,
6.70094869914831));
#6219=CARTESIAN_POINT('Ctrl Pts',(-0.579492118275198,-0.421867879334334,
6.70094869914831));
#6220=CARTESIAN_POINT('',(-8.13152338139805,-2.56875391793931,4.00000000041357));
#6221=CARTESIAN_POINT('Ctrl Pts',(-4.,-2.56875391846966,3.99999999999611));
#6222=CARTESIAN_POINT('Ctrl Pts',(-4.36423072986117,-2.56875391846682,3.99999999999834));
#6223=CARTESIAN_POINT('Ctrl Pts',(-4.72846145972233,-2.56875391846471,4.));
#6224=CARTESIAN_POINT('Ctrl Pts',(-6.10563592018835,-2.5687539184647,4.));
#6225=CARTESIAN_POINT('Ctrl Pts',(-7.1185796507932,-2.56875391793931,4.00000000041357));
#6226=CARTESIAN_POINT('Ctrl Pts',(-8.13152338139805,-2.56875391793931,4.00000000041357));
#6227=CARTESIAN_POINT('Ctrl Pts',(-6.98837149227423,-0.421867879334305,
6.70094869914831));
#6228=CARTESIAN_POINT('Ctrl Pts',(-7.03788213734479,-0.515490205503395,
6.59498322817342));
#6229=CARTESIAN_POINT('Ctrl Pts',(-7.08609674625819,-0.60662879617737,6.49182077008602));
#6230=CARTESIAN_POINT('Ctrl Pts',(-7.13356913731091,-0.696315548057034,
6.38985711351775));
#6231=CARTESIAN_POINT('Ctrl Pts',(-7.18003716202237,-0.784104810620341,
6.29005068691868));
#6232=CARTESIAN_POINT('Ctrl Pts',(-7.22579404263378,-0.870507541600535,
6.1913956755226));
#6233=CARTESIAN_POINT('Ctrl Pts',(-7.27135918472981,-0.956502160944354,
6.09239414200786));
#6234=CARTESIAN_POINT('Ctrl Pts',(-7.31006654168689,-1.0295541536346,6.00829284174247));
#6235=CARTESIAN_POINT('Ctrl Pts',(-7.34863553214974,-1.1023131806683,5.92394243361065));
#6236=CARTESIAN_POINT('Ctrl Pts',(-7.38738456779132,-1.17535054924375,5.83840698371644));
#6237=CARTESIAN_POINT('Ctrl Pts',(-7.39424973714573,-1.18829058494189,5.82325266207705));
#6238=CARTESIAN_POINT('Ctrl Pts',(-7.40112055798032,-1.20123924575201,5.80806107361615));
#6239=CARTESIAN_POINT('Ctrl Pts',(-7.40799880105652,-1.21419954796774,5.79282691372484));
#6240=CARTESIAN_POINT('Ctrl Pts',(-7.50539595686887,-1.39771975222597,5.57710847688443));
#6241=CARTESIAN_POINT('Ctrl Pts',(-7.60211321805898,-1.57960239743782,5.35752451151829));
#6242=CARTESIAN_POINT('Ctrl Pts',(-7.69641274541083,-1.75647837016236,5.13359951951692));
#6243=CARTESIAN_POINT('Ctrl Pts',(-7.73443371880768,-1.8277936443992,5.0433143780866));
#6244=CARTESIAN_POINT('Ctrl Pts',(-7.77206165295715,-1.89829496154459,4.95232350813343));
#6245=CARTESIAN_POINT('Ctrl Pts',(-7.80918264077391,-1.96776477967413,4.86059777954319));
#6246=CARTESIAN_POINT('Ctrl Pts',(-7.85486275882577,-2.05325252339646,4.74772249370548));
#6247=CARTESIAN_POINT('Ctrl Pts',(-7.89818067387626,-2.1341516674075,4.63773704302982));
#6248=CARTESIAN_POINT('Ctrl Pts',(-7.93949814723839,-2.21122380930178,4.52970220053499));
#6249=CARTESIAN_POINT('Ctrl Pts',(-7.97444524301655,-2.27641287594681,4.43832429959327));
#6250=CARTESIAN_POINT('Ctrl Pts',(-8.00796120391855,-2.33886457205999,4.34834219372274));
#6251=CARTESIAN_POINT('Ctrl Pts',(-8.0402649341597,-2.39900866181871,4.25916829430708));
#6252=CARTESIAN_POINT('Ctrl Pts',(-8.0717697408374,-2.45766529083677,4.1721998098375));
#6253=CARTESIAN_POINT('Ctrl Pts',(-8.10212153624453,-2.51412772555961,4.086000472042));
#6254=CARTESIAN_POINT('Ctrl Pts',(-8.13152338139805,-2.5687539179375,4.00000000082999));
#6255=CARTESIAN_POINT('Ctrl Pts',(-50.5794921182752,-0.421867879334109,
6.70094869914831));
#6256=CARTESIAN_POINT('Ctrl Pts',(-0.579492118275198,-0.421867879334334,
6.70094869914831));
#6257=CARTESIAN_POINT('Ctrl Pts',(-50.5794921182752,-1.70568777964481,7.04911826733829));
#6258=CARTESIAN_POINT('Ctrl Pts',(-0.579492118275198,-1.70568777964504,
7.04911826733829));
#6259=CARTESIAN_POINT('Ctrl Pts',(-50.5794921182752,-4.14722824631094,7.71125949897974));
#6260=CARTESIAN_POINT('Ctrl Pts',(-0.579492118275216,-4.14722824631117,
7.71125949897974));
#6261=CARTESIAN_POINT('Ctrl Pts',(-50.5794921182752,-6.42650677543974,8.80704668623423));
#6262=CARTESIAN_POINT('Ctrl Pts',(-0.579492118275224,-6.42650677543997,
8.80704668623423));
#6263=CARTESIAN_POINT('Ctrl Pts',(-50.5794921182752,-7.50728658050599,9.32664297405065));
#6264=CARTESIAN_POINT('Ctrl Pts',(-0.579492118275224,-7.50728658050621,
9.32664297405065));
#6265=CARTESIAN_POINT('',(-42.7384972472459,-3.06819271428759,7.46218929335884));
#6266=CARTESIAN_POINT('Ctrl Pts',(-45.9999999986931,-3.43465955460963,7.58261913476478));
#6267=CARTESIAN_POINT('Ctrl Pts',(-45.4204895527576,-3.34097442154264,7.55109578075057));
#6268=CARTESIAN_POINT('Ctrl Pts',(-44.83101017403,-3.25894948658031,7.52408293796117));
#6269=CARTESIAN_POINT('Ctrl Pts',(-43.708740546161,-3.14094211861064,7.4856022755751));
#6270=CARTESIAN_POINT('Ctrl Pts',(-43.2226481954972,-3.1008723493507,7.47268406140791));
#6271=CARTESIAN_POINT('Ctrl Pts',(-42.7384972472459,-3.06819271428759,7.46218929335884));
#6272=CARTESIAN_POINT('',(-44.3772724121157,-0.421867879334137,6.70094869914831));
#6273=CARTESIAN_POINT('Ctrl Pts',(-44.3772724121157,-0.421867879334138,
6.70094869914831));
#6274=CARTESIAN_POINT('Ctrl Pts',(-43.8445371179483,-1.27047584602035,6.9310896007282));
#6275=CARTESIAN_POINT('Ctrl Pts',(-43.2826986257215,-2.16885476221084,7.1733750765985));
#6276=CARTESIAN_POINT('Ctrl Pts',(-42.7384972472459,-3.06819271428759,7.46218929335885));
#6277=CARTESIAN_POINT('',(-45.3611399032865,-0.421867879334132,6.70094869914831));
#6278=CARTESIAN_POINT('',(-50.5794921182752,-0.421867879334109,6.70094869914831));
#6279=CARTESIAN_POINT('Ctrl Pts',(-45.9999999953121,-0.77433035574781,6.79663711362679));
#6280=CARTESIAN_POINT('Ctrl Pts',(-45.7997640645273,-0.667642577820849,
6.76761162894708));
#6281=CARTESIAN_POINT('Ctrl Pts',(-45.5883652076669,-0.550771271033266,
6.73590705912952));
#6282=CARTESIAN_POINT('Ctrl Pts',(-45.3611399032865,-0.421867879334133,
6.70094869914831));
#6283=CARTESIAN_POINT('Ctrl Pts',(-50.5794921182752,-0.421867879334109,
6.70094869914831));
#6284=CARTESIAN_POINT('Ctrl Pts',(-0.579492118275198,-0.421867879334334,
6.70094869914831));
#6285=CARTESIAN_POINT('Ctrl Pts',(-50.5794921182752,-1.70568777964481,7.04911826733829));
#6286=CARTESIAN_POINT('Ctrl Pts',(-0.579492118275198,-1.70568777964504,
7.04911826733829));
#6287=CARTESIAN_POINT('Ctrl Pts',(-50.5794921182752,-4.14722824631094,7.71125949897974));
#6288=CARTESIAN_POINT('Ctrl Pts',(-0.579492118275216,-4.14722824631117,
7.71125949897974));
#6289=CARTESIAN_POINT('Ctrl Pts',(-50.5794921182752,-6.42650677543974,8.80704668623423));
#6290=CARTESIAN_POINT('Ctrl Pts',(-0.579492118275224,-6.42650677543997,
8.80704668623423));
#6291=CARTESIAN_POINT('Ctrl Pts',(-50.5794921182752,-7.50728658050599,9.32664297405065));
#6292=CARTESIAN_POINT('Ctrl Pts',(-0.579492118275224,-7.50728658050621,
9.32664297405065));
#6293=CARTESIAN_POINT('',(-50.0694420933727,-2.24912999229399,7.21071409298344));
#6294=CARTESIAN_POINT('Ctrl Pts',(-50.0694420933727,-2.24912999229398,7.21071409298344));
#6295=CARTESIAN_POINT('Ctrl Pts',(-50.0461359461121,-2.24320267284081,7.20896754396449));
#6296=CARTESIAN_POINT('Ctrl Pts',(-50.0229896796132,-2.2373074024478,7.20723180970393));
#6297=CARTESIAN_POINT('Ctrl Pts',(-50.,-2.23144332055245,7.20550657956558));
#6298=CARTESIAN_POINT('Ctrl Pts',(-50.0694420933727,-2.24912999227671,7.21071409297835));
#6299=CARTESIAN_POINT('Ctrl Pts',(-50.0694420933727,-2.41533941937715,7.25968950490558));
#6300=CARTESIAN_POINT('Ctrl Pts',(-50.0694420933727,-2.58118541925608,7.30963617815976));
#6301=CARTESIAN_POINT('Ctrl Pts',(-50.0694420933727,-2.74656829192902,7.36082056151937));
#6302=CARTESIAN_POINT('Ctrl Pts',(-50.4085758328438,-2.33499547128527,52.8343017470375));
#6303=CARTESIAN_POINT('Ctrl Pts',(-50.4085758328438,-2.33499547128525,2.83430174703751));
#6304=CARTESIAN_POINT('Ctrl Pts',(-49.324340858131,-2.06109155479875,52.8343017470375));
#6305=CARTESIAN_POINT('Ctrl Pts',(-49.324340858131,-2.06109155479873,2.83430174703751));
#6306=CARTESIAN_POINT('Ctrl Pts',(-47.2928372381643,-1.54788472155412,52.8343017470375));
#6307=CARTESIAN_POINT('Ctrl Pts',(-47.2928372381643,-1.5478847215541,2.83430174703751));
#6308=CARTESIAN_POINT('Ctrl Pts',(-45.4828175117966,-0.495938160494012,
52.8343017470375));
#6309=CARTESIAN_POINT('Ctrl Pts',(-45.4828175117966,-0.495938160493989,
2.83430174703751));
#6310=CARTESIAN_POINT('Ctrl Pts',(-44.6388244628906,-0.0054266083702359,
52.8343017470375));
#6311=CARTESIAN_POINT('Ctrl Pts',(-44.6388244628906,-0.00542660837021369,
2.83430174703751));
#6312=CARTESIAN_POINT('Ctrl Pts',(-45.3611399032865,-0.421867879334135,
6.70094869914831));
#6313=CARTESIAN_POINT('Ctrl Pts',(-45.4806131553383,-0.489644254191704,
6.62423670344568));
#6314=CARTESIAN_POINT('Ctrl Pts',(-45.5978776815591,-0.55534543456323,6.54987352610851));
#6315=CARTESIAN_POINT('Ctrl Pts',(-45.7133961277395,-0.618964855995239,
6.4777041784341));
#6316=CARTESIAN_POINT('Ctrl Pts',(-45.8100665941088,-0.672204138060838,
6.41730997536147));
#6317=CARTESIAN_POINT('Ctrl Pts',(-45.9055136626645,-0.723987059068147,
6.35845211411633));
#6318=CARTESIAN_POINT('Ctrl Pts',(-45.9999999992877,-0.774330357866083,
6.30103976508471));
#6319=CARTESIAN_POINT('Ctrl Pts',(-50.4085758328438,-2.33499547128527,52.8343017470375));
#6320=CARTESIAN_POINT('Ctrl Pts',(-50.4085758328438,-2.33499547128525,2.83430174703751));
#6321=CARTESIAN_POINT('Ctrl Pts',(-49.324340858131,-2.06109155479875,52.8343017470375));
#6322=CARTESIAN_POINT('Ctrl Pts',(-49.324340858131,-2.06109155479873,2.83430174703751));
#6323=CARTESIAN_POINT('Ctrl Pts',(-47.2928372381643,-1.54788472155412,52.8343017470375));
#6324=CARTESIAN_POINT('Ctrl Pts',(-47.2928372381643,-1.5478847215541,2.83430174703751));
#6325=CARTESIAN_POINT('Ctrl Pts',(-45.4828175117966,-0.495938160494012,
52.8343017470375));
#6326=CARTESIAN_POINT('Ctrl Pts',(-45.4828175117966,-0.495938160493989,
2.83430174703751));
#6327=CARTESIAN_POINT('Ctrl Pts',(-44.6388244628906,-0.0054266083702359,
52.8343017470375));
#6328=CARTESIAN_POINT('Ctrl Pts',(-44.6388244628906,-0.00542660837021369,
2.83430174703751));
#6329=CARTESIAN_POINT('',(-50.0694420933727,-2.24912999229399,4.47628769501173));
#6330=CARTESIAN_POINT('Ctrl Pts',(-49.9999999999983,-2.23144332055202,4.50128065883755));
#6331=CARTESIAN_POINT('Ctrl Pts',(-50.0232488316061,-2.23737393516072,4.49292318960626));
#6332=CARTESIAN_POINT('Ctrl Pts',(-50.046396544536,-2.24326894935104,4.48459058417826));
#6333=CARTESIAN_POINT('Ctrl Pts',(-50.0694420933727,-2.24912999229399,4.47628769501172));
#6334=CARTESIAN_POINT('Ctrl Pts',(-50.0694420933727,-2.24912999229399,4.47628769501173));
#6335=CARTESIAN_POINT('Ctrl Pts',(-50.0694420933727,-2.24912999229399,5.3877631610023));
#6336=CARTESIAN_POINT('Ctrl Pts',(-50.0694420933727,-2.24912999229399,6.29923862699287));
#6337=CARTESIAN_POINT('Ctrl Pts',(-50.0694420933727,-2.24912999229399,7.21071409298344));
#6338=CARTESIAN_POINT('Origin',(-25.,-25.,4.));
#6339=CARTESIAN_POINT('',(-43.0424704070647,-2.56875391846454,3.99999999999999));
#6340=CARTESIAN_POINT('Ctrl Pts',(-43.0424704070647,-2.56875391846454,3.99999999999999));
#6341=CARTESIAN_POINT('Ctrl Pts',(-44.0283136047098,-2.56875391846454,3.99999999999999));
#6342=CARTESIAN_POINT('Ctrl Pts',(-45.0141568023549,-2.56875391846453,4.));
#6343=CARTESIAN_POINT('Ctrl Pts',(-45.9999999999999,-2.56875391846452,4.));
#6344=CARTESIAN_POINT('',(-42.1816937894426,-4.,4.));
#6345=CARTESIAN_POINT('Ctrl Pts',(-42.1816937894426,-3.99999999999998,4.));
#6346=CARTESIAN_POINT('Ctrl Pts',(-42.464295922382,-3.5204894092601,4.));
#6347=CARTESIAN_POINT('Ctrl Pts',(-42.7518040453181,-3.04373463368084,4.));
#6348=CARTESIAN_POINT('Ctrl Pts',(-43.0424704070647,-2.56875391846453,4.));
#6349=CARTESIAN_POINT('',(-33.0115379875424,-4.,4.));
#6350=CARTESIAN_POINT('',(-12.5,-4.,4.));
#6351=CARTESIAN_POINT('',(-32.8248252499305,-2.56875394577934,3.99999997849858));
#6352=CARTESIAN_POINT('Ctrl Pts',(-32.8248252499305,-2.56875394577933,3.99999997849857));
#6353=CARTESIAN_POINT('Ctrl Pts',(-32.8835913890297,-3.04654367304013,3.99999997849857));
#6354=CARTESIAN_POINT('Ctrl Pts',(-32.9451017861191,-3.5237739389439,3.99999997849857));
#6355=CARTESIAN_POINT('Ctrl Pts',(-33.0115379875424,-4.,3.99999997849857));
#6356=CARTESIAN_POINT('',(-27.3250562044411,-2.56875391801237,4.00000000035598));
#6357=CARTESIAN_POINT('Ctrl Pts',(-27.3250562044411,-2.56875391801237,4.00000000035598));
#6358=CARTESIAN_POINT('Ctrl Pts',(-28.2379352989261,-2.56875391801237,4.00000000035598));
#6359=CARTESIAN_POINT('Ctrl Pts',(-29.1508143934111,-2.5687539184646,4.));
#6360=CARTESIAN_POINT('Ctrl Pts',(-30.9840707419076,-2.56875391846459,4.));
#6361=CARTESIAN_POINT('Ctrl Pts',(-31.9044479959191,-2.56875394577934,3.99999997849858));
#6362=CARTESIAN_POINT('Ctrl Pts',(-32.8248252499305,-2.56875394577934,3.99999997849858));
#6363=CARTESIAN_POINT('',(-27.5166768876383,-4.,4.));
#6364=CARTESIAN_POINT('Ctrl Pts',(-27.5166768876383,-4.,4.));
#6365=CARTESIAN_POINT('Ctrl Pts',(-27.4504717834765,-3.52339597860672,4.));
#6366=CARTESIAN_POINT('Ctrl Pts',(-27.387231654601,-3.04618408691968,4.));
#6367=CARTESIAN_POINT('Ctrl Pts',(-27.3250562044411,-2.56875391801237,4.));
#6368=CARTESIAN_POINT('',(-21.7328757910682,-4.,4.));
#6369=CARTESIAN_POINT('',(-12.5,-4.,4.));
#6370=CARTESIAN_POINT('',(-21.3970330449389,-2.56875391834247,4.00000000009616));
#6371=CARTESIAN_POINT('Ctrl Pts',(-21.3970330449389,-2.56875391834247,4.00000000009616));
#6372=CARTESIAN_POINT('Ctrl Pts',(-21.5071650773476,-3.04639289630249,4.00000000009616));
#6373=CARTESIAN_POINT('Ctrl Pts',(-21.6185899294505,-3.52363527982474,4.00000000009616));
#6374=CARTESIAN_POINT('Ctrl Pts',(-21.7328757910682,-4.,4.00000000009616));
#6375=CARTESIAN_POINT('',(-16.0228676825094,-2.56875391846906,3.99999999999653));
#6376=CARTESIAN_POINT('Ctrl Pts',(-16.0228676825094,-2.56875391846906,3.99999999999653));
#6377=CARTESIAN_POINT('Ctrl Pts',(-16.9408608287561,-2.56875391846906,3.99999999999653));
#6378=CARTESIAN_POINT('Ctrl Pts',(-17.8588539750028,-2.56875391846465,4.));
#6379=CARTESIAN_POINT('Ctrl Pts',(-19.650242429146,-2.56875391846464,4.));
#6380=CARTESIAN_POINT('Ctrl Pts',(-20.5236377370424,-2.56875391834248,4.00000000009616));
#6381=CARTESIAN_POINT('Ctrl Pts',(-21.3970330449389,-2.56875391834247,4.00000000009616));
#6382=CARTESIAN_POINT('',(-16.3486310958548,-4.,4.));
#6383=CARTESIAN_POINT('Ctrl Pts',(-16.3486310958548,-4.,4.));
#6384=CARTESIAN_POINT('Ctrl Pts',(-16.2386793344935,-3.52334143345767,4.));
#6385=CARTESIAN_POINT('Ctrl Pts',(-16.1307261561319,-3.04606237720815,4.));
#6386=CARTESIAN_POINT('Ctrl Pts',(-16.0228676825094,-2.56875391846906,4.));
#6387=CARTESIAN_POINT('',(-8.9121055921912,-4.,4.));
#6388=CARTESIAN_POINT('',(-12.5,-4.,4.));
#6389=CARTESIAN_POINT('Ctrl Pts',(-8.13152338139803,-2.56875391793928,4.00000000041357));
#6390=CARTESIAN_POINT('Ctrl Pts',(-8.38927846767362,-3.04736430268929,4.00000000041357));
#6391=CARTESIAN_POINT('Ctrl Pts',(-8.64908081580128,-3.52469179759318,4.00000000041357));
#6392=CARTESIAN_POINT('Ctrl Pts',(-8.91210559219119,-3.99999999999998,4.00000000041357));
#6393=CARTESIAN_POINT('Ctrl Pts',(-50.5794921182752,-3.97117665618957,1.12299822154821));
#6394=CARTESIAN_POINT('Ctrl Pts',(-0.579492118275216,-3.9711766561898,1.12299822154821));
#6395=CARTESIAN_POINT('Ctrl Pts',(-50.5794921182752,-3.58691757568451,2.0385695463551));
#6396=CARTESIAN_POINT('Ctrl Pts',(-0.579492118275207,-3.58691757568474,
2.0385695463551));
#6397=CARTESIAN_POINT('Ctrl Pts',(-50.5794921182752,-2.72346673151141,4.09590761177207));
#6398=CARTESIAN_POINT('Ctrl Pts',(-0.579492118275207,-2.72346673151164,
4.09590761177207));
#6399=CARTESIAN_POINT('Ctrl Pts',(-50.5794921182752,-1.2433129956965,5.77120445760759));
#6400=CARTESIAN_POINT('Ctrl Pts',(-0.579492118275198,-1.24331299569673,
5.77120445760759));
#6401=CARTESIAN_POINT('Ctrl Pts',(-50.5794921182752,-0.421867879334109,
6.70094869914831));
#6402=CARTESIAN_POINT('Ctrl Pts',(-0.579492118275198,-0.421867879334334,
6.70094869914831));
#6403=CARTESIAN_POINT('Ctrl Pts',(-43.0424704070647,-2.56875391846454,3.99999999999999));
#6404=CARTESIAN_POINT('Ctrl Pts',(-43.3977414470053,-1.98820207327433,4.9139888776077));
#6405=CARTESIAN_POINT('Ctrl Pts',(-43.7884430715645,-1.35982951784587,5.63932642539965));
#6406=CARTESIAN_POINT('Ctrl Pts',(-44.3772724121157,-0.421867879334134,
6.70094869914831));
#6407=CARTESIAN_POINT('Ctrl Pts',(-50.5794921182752,-3.97117665618957,1.12299822154821));
#6408=CARTESIAN_POINT('Ctrl Pts',(-0.579492118275216,-3.9711766561898,1.12299822154821));
#6409=CARTESIAN_POINT('Ctrl Pts',(-50.5794921182752,-3.58691757568451,2.0385695463551));
#6410=CARTESIAN_POINT('Ctrl Pts',(-0.579492118275207,-3.58691757568474,
2.0385695463551));
#6411=CARTESIAN_POINT('Ctrl Pts',(-50.5794921182752,-2.72346673151141,4.09590761177207));
#6412=CARTESIAN_POINT('Ctrl Pts',(-0.579492118275207,-2.72346673151164,
4.09590761177207));
#6413=CARTESIAN_POINT('Ctrl Pts',(-50.5794921182752,-1.2433129956965,5.77120445760759));
#6414=CARTESIAN_POINT('Ctrl Pts',(-0.579492118275198,-1.24331299569673,
5.77120445760759));
#6415=CARTESIAN_POINT('Ctrl Pts',(-50.5794921182752,-0.421867879334109,
6.70094869914831));
#6416=CARTESIAN_POINT('Ctrl Pts',(-0.579492118275198,-0.421867879334334,
6.70094869914831));
#6417=CARTESIAN_POINT('Ctrl Pts',(-50.0694420933727,-2.74656829193688,3.70969148807591));
#6418=CARTESIAN_POINT('Ctrl Pts',(-50.0694420933727,-2.58875895318198,3.97721731171047));
#6419=CARTESIAN_POINT('Ctrl Pts',(-50.0694420933727,-2.42471232037827,4.2275537028123));
#6420=CARTESIAN_POINT('Ctrl Pts',(-50.0694420933727,-2.24912999220819,4.47628769513327));
#6421=CARTESIAN_POINT('Origin',(-46.,-50.,50.));
#6422=CARTESIAN_POINT('',(-46.,-4.,50.));
#6423=CARTESIAN_POINT('',(-46.,-40.8447029750064,45.2320279914456));
#6424=CARTESIAN_POINT('Origin',(-50.,-4.,50.));
#6425=CARTESIAN_POINT('Ctrl Pts',(-22.6162528991699,-44.5923282731041,52.8343017470375));
#6426=CARTESIAN_POINT('Ctrl Pts',(-22.6162528991699,-44.5923282731041,2.83430174703749));
#6427=CARTESIAN_POINT('Ctrl Pts',(-22.663712956334,-45.3211647839085,52.8343017470375));
#6428=CARTESIAN_POINT('Ctrl Pts',(-22.663712956334,-45.3211647839085,2.83430174703749));
#6429=CARTESIAN_POINT('Ctrl Pts',(-22.7366534199609,-46.4412998234116,52.8343017470375));
#6430=CARTESIAN_POINT('Ctrl Pts',(-22.7366534199609,-46.4412998234116,2.83430174703749));
#6431=CARTESIAN_POINT('Ctrl Pts',(-22.1053941037252,-47.3395072856584,52.8343017470375));
#6432=CARTESIAN_POINT('Ctrl Pts',(-22.1053941037252,-47.3395072856584,2.83430174703749));
#6433=CARTESIAN_POINT('Ctrl Pts',(-21.8848752975464,-47.6532795060143,52.8343017470375));
#6434=CARTESIAN_POINT('Ctrl Pts',(-21.8848752975464,-47.6532795060143,2.83430174703749));
#6435=CARTESIAN_POINT('',(-21.8848752975464,-47.6532795060143,41.1701416969301));
#6436=CARTESIAN_POINT('',(-21.8848752975464,-47.6532795060143,52.8343017470375));
#6437=CARTESIAN_POINT('',(-21.9374993443491,-47.5783263394392,41.1701416969301));
#6438=CARTESIAN_POINT('Ctrl Pts',(-21.8848752975464,-47.6532795060143,41.1701416969301));
#6439=CARTESIAN_POINT('Ctrl Pts',(-21.9024311000615,-47.6282996721817,41.1701416969301));
#6440=CARTESIAN_POINT('Ctrl Pts',(-21.9199869025766,-47.6033198383492,41.1701416969301));
#6441=CARTESIAN_POINT('Ctrl Pts',(-21.9374993443491,-47.5783263394392,41.1701416969301));
#6442=CARTESIAN_POINT('',(-21.9374993443491,-47.5783263394392,40.6835752072968));
#6443=CARTESIAN_POINT('Ctrl Pts',(-21.9374993443491,-47.5783263394392,41.1701416969301));
#6444=CARTESIAN_POINT('Ctrl Pts',(-21.9374993443491,-47.5783263394392,41.0079528670523));
#6445=CARTESIAN_POINT('Ctrl Pts',(-21.9374993443491,-47.5783263394392,40.8457640371746));
#6446=CARTESIAN_POINT('Ctrl Pts',(-21.9374993443491,-47.5783263394392,40.6835752072968));
#6447=CARTESIAN_POINT('',(-22.6162528991699,-44.5923282731041,40.7879940934451));
#6448=CARTESIAN_POINT('Ctrl Pts',(-21.9374993443491,-47.5783263394392,40.6835752072968));
#6449=CARTESIAN_POINT('Ctrl Pts',(-22.0756207874218,-47.3812014506465,40.691235618033));
#6450=CARTESIAN_POINT('Ctrl Pts',(-22.2111724104839,-47.1830574908108,40.698876713949));
#6451=CARTESIAN_POINT('Ctrl Pts',(-22.3227114091204,-46.9773041527233,40.706683503654));
#6452=CARTESIAN_POINT('Ctrl Pts',(-22.3478278678198,-46.9309724186975,40.7084414440479));
#6453=CARTESIAN_POINT('Ctrl Pts',(-22.3707598647686,-46.8860457871865,40.7101402881656));
#6454=CARTESIAN_POINT('Ctrl Pts',(-22.3918181237299,-46.8419937542095,40.7117999106081));
#6455=CARTESIAN_POINT('Ctrl Pts',(-22.4098271468073,-46.804320455579,40.713219219722));
#6456=CARTESIAN_POINT('Ctrl Pts',(-22.4264663115509,-46.7672869771097,40.7146098433955));
#6457=CARTESIAN_POINT('Ctrl Pts',(-22.4418909264957,-46.7305492042034,40.7159842124977));
#6458=CARTESIAN_POINT('Ctrl Pts',(-22.4483001684597,-46.715283910605,40.7165552908783));
#6459=CARTESIAN_POINT('Ctrl Pts',(-22.4544991627131,-46.7000695003272,40.7171235627902));
#6460=CARTESIAN_POINT('Ctrl Pts',(-22.4604964256287,-46.6848804581627,40.7176899200562));
#6461=CARTESIAN_POINT('Ctrl Pts',(-22.4733548812248,-46.6523143314195,40.7189042206228));
#6462=CARTESIAN_POINT('Ctrl Pts',(-22.4852895480273,-46.619865944144,40.720109719624));
#6463=CARTESIAN_POINT('Ctrl Pts',(-22.4964649919159,-46.587309224278,40.7213152069949));
#6464=CARTESIAN_POINT('Ctrl Pts',(-22.5080702557455,-46.5535003369321,40.7225670587443));
#6465=CARTESIAN_POINT('Ctrl Pts',(-22.5188565836306,-46.5195745640492,40.7238188979517));
#6466=CARTESIAN_POINT('Ctrl Pts',(-22.5289553170751,-46.4852620446958,40.7250805682717));
#6467=CARTESIAN_POINT('Ctrl Pts',(-22.5302130069009,-46.4809887854079,40.7252376958891));
#6468=CARTESIAN_POINT('Ctrl Pts',(-22.5314599691382,-46.4767095078194,40.7253949759876));
#6469=CARTESIAN_POINT('Ctrl Pts',(-22.5326964047895,-46.4724236740557,40.7255524275813));
#6470=CARTESIAN_POINT('Ctrl Pts',(-22.563074462163,-46.3671247821775,40.7294208646822));
#6471=CARTESIAN_POINT('Ctrl Pts',(-22.5865797991168,-46.2596817593296,40.7333232387606));
#6472=CARTESIAN_POINT('Ctrl Pts',(-22.6044691722203,-46.1503490226916,40.7372345607731));
#6473=CARTESIAN_POINT('Ctrl Pts',(-22.6272078358008,-46.0113793504529,40.7422061288031));
#6474=CARTESIAN_POINT('Ctrl Pts',(-22.6408715299603,-45.8693560810251,40.7471921533079));
#6475=CARTESIAN_POINT('Ctrl Pts',(-22.6479534421904,-45.7247740551357,40.7521413175461));
#6476=CARTESIAN_POINT('Ctrl Pts',(-22.6546378814496,-45.5883067086575,40.7568127094893));
#6477=CARTESIAN_POINT('Ctrl Pts',(-22.655452970196,-45.4495579883729,40.7614512626267));
#6478=CARTESIAN_POINT('Ctrl Pts',(-22.6524915806901,-45.3089428564198,40.7660138248124));
#6479=CARTESIAN_POINT('Ctrl Pts',(-22.6500236978918,-45.1917608158164,40.7698160496503));
#6480=CARTESIAN_POINT('Ctrl Pts',(-22.6449315639643,-45.0732820991037,40.7735655005045));
#6481=CARTESIAN_POINT('Ctrl Pts',(-22.6384647574234,-44.9537589461612,40.7772372033012));
#6482=CARTESIAN_POINT('Ctrl Pts',(-22.6328402188389,-44.8498030629573,40.7804306858835));
#6483=CARTESIAN_POINT('Ctrl Pts',(-22.6261754343698,-44.7450569831244,40.7835653540739));
#6484=CARTESIAN_POINT('Ctrl Pts',(-22.6193346563634,-44.6396999335626,40.7866247762487));
#6485=CARTESIAN_POINT('Ctrl Pts',(-22.6183102580017,-44.62392284083,40.7870829210768));
#6486=CARTESIAN_POINT('Ctrl Pts',(-22.617282004298,-44.6081320760418,40.7875393785351));
#6487=CARTESIAN_POINT('Ctrl Pts',(-22.6162528991699,-44.5923282731041,40.7879940934451));
#6488=CARTESIAN_POINT('',(-22.6162528991699,-44.5923282731041,45.3390375913998));
#6489=CARTESIAN_POINT('',(-22.6162528991699,-44.5923282731041,52.8343017470375));
#6490=CARTESIAN_POINT('Ctrl Pts',(-22.6162528991699,-44.5923282731041,45.3390375913998));
#6491=CARTESIAN_POINT('Ctrl Pts',(-22.6230854070311,-44.6972540040688,45.3450656250018));
#6492=CARTESIAN_POINT('Ctrl Pts',(-22.6298739549034,-44.8015715900891,45.3514285806535));
#6493=CARTESIAN_POINT('Ctrl Pts',(-22.6357641585538,-44.9051235286228,45.3580729656107));
#6494=CARTESIAN_POINT('Ctrl Pts',(-22.6424797982544,-45.0231869353841,45.3656484753982));
#6495=CARTESIAN_POINT('Ctrl Pts',(-22.6480284667663,-45.1402553187492,45.3735898186869));
#6496=CARTESIAN_POINT('Ctrl Pts',(-22.6512080767475,-45.2561154729384,45.381817715026));
#6497=CARTESIAN_POINT('Ctrl Pts',(-22.6564158456241,-45.445878654141,45.3952938906349));
#6498=CARTESIAN_POINT('Ctrl Pts',(-22.6552736512305,-45.6324023022075,45.4095387730675));
#6499=CARTESIAN_POINT('Ctrl Pts',(-22.642647640027,-45.8147962257881,45.4242040252804));
#6500=CARTESIAN_POINT('Ctrl Pts',(-22.638340024007,-45.8770235574852,45.4292073691197));
#6501=CARTESIAN_POINT('Ctrl Pts',(-22.632695799903,-45.9387702249027,45.4342596427222));
#6502=CARTESIAN_POINT('Ctrl Pts',(-22.6255083120325,-46.,45.4393470132241));
#6503=CARTESIAN_POINT('Ctrl Pts',(-21.8848752975464,-47.6532795060143,52.8343017470375));
#6504=CARTESIAN_POINT('Ctrl Pts',(-21.8848752975464,-47.6532795060143,2.83430174703749));
#6505=CARTESIAN_POINT('Ctrl Pts',(-21.5983264519963,-47.8702550902894,52.8343017470375));
#6506=CARTESIAN_POINT('Ctrl Pts',(-21.5983264519963,-47.8702550902894,2.83430174703749));
#6507=CARTESIAN_POINT('Ctrl Pts',(-21.1326369651244,-48.2228764673216,52.8343017470375));
#6508=CARTESIAN_POINT('Ctrl Pts',(-21.1326369651244,-48.2228764673216,2.83430174703748));
#6509=CARTESIAN_POINT('Ctrl Pts',(-20.9520762259342,-48.7700919571089,52.8343017470375));
#6510=CARTESIAN_POINT('Ctrl Pts',(-20.9520762259342,-48.7700919571089,2.83430174703748));
#6511=CARTESIAN_POINT('Ctrl Pts',(-20.8826184272766,-48.9805938828453,52.8343017470375));
#6512=CARTESIAN_POINT('Ctrl Pts',(-20.8826184272766,-48.9805938828453,2.83430174703748));
#6513=CARTESIAN_POINT('',(-21.2129620844023,-48.2616268715294,41.1701416969301));
#6514=CARTESIAN_POINT('Ctrl Pts',(-21.2129620844023,-48.2616268715294,45.2320279914456));
#6515=CARTESIAN_POINT('Ctrl Pts',(-21.2129620844023,-48.2616268715294,43.8780658932738));
#6516=CARTESIAN_POINT('Ctrl Pts',(-21.2129620844023,-48.2616268715294,42.5241037951019));
#6517=CARTESIAN_POINT('Ctrl Pts',(-21.2129620844023,-48.2616268715294,41.1701416969301));
#6518=CARTESIAN_POINT('Ctrl Pts',(-21.2129620844027,-48.2616268715289,41.1701416969301));
#6519=CARTESIAN_POINT('Ctrl Pts',(-21.390824413581,-48.0273762119503,41.1701416969301));
#6520=CARTESIAN_POINT('Ctrl Pts',(-21.6378498555637,-47.8403278589823,41.1701416969301));
#6521=CARTESIAN_POINT('Ctrl Pts',(-21.8848752975464,-47.6532795060143,41.1701416969301));
#6522=CARTESIAN_POINT('Origin',(-4.,-50.,0.));
#6523=CARTESIAN_POINT('',(-3.9999999999866,-23.14193710024,3.79508022554576));
#6524=CARTESIAN_POINT('Ctrl Pts',(-3.9999999999866,-23.14193710024,3.79508022554576));
#6525=CARTESIAN_POINT('Ctrl Pts',(-3.9999999999866,-23.14193710024,3.86338681703051));
#6526=CARTESIAN_POINT('Ctrl Pts',(-3.99999999999839,-23.1419371002513,3.93169340851525));
#6527=CARTESIAN_POINT('Ctrl Pts',(-4.,-23.1419371002529,4.));
#6528=CARTESIAN_POINT('Ctrl Pts',(-4.,-22.803458344453,4.00000000000013));
#6529=CARTESIAN_POINT('Ctrl Pts',(-4.,-22.9161792787091,3.93149625754648));
#6530=CARTESIAN_POINT('Ctrl Pts',(-4.,-23.0289936022922,3.8631673366755));
#6531=CARTESIAN_POINT('Ctrl Pts',(-4.,-23.1419371001627,3.79508022559236));
#6532=CARTESIAN_POINT('',(-4.,-6.45124048067237,2.83430174703751));
#6533=CARTESIAN_POINT('Ctrl Pts',(-4.,-6.45124048067237,2.83430174703751));
#6534=CARTESIAN_POINT('Ctrl Pts',(-4.,-6.45124048067237,3.22286783135834));
#6535=CARTESIAN_POINT('Ctrl Pts',(-4.,-6.45124048067236,3.61143391567917));
#6536=CARTESIAN_POINT('Ctrl Pts',(-4.,-6.45124048067236,4.));
#6537=CARTESIAN_POINT('',(-4.,-4.,2.83430174703751));
#6538=CARTESIAN_POINT('',(-4.,-37.6325095707409,2.8343017470375));
#6539=CARTESIAN_POINT('',(-4.,-4.,0.));
#6540=CARTESIAN_POINT('',(-4.,-4.,0.));
#6541=CARTESIAN_POINT('',(-4.,-46.,0.));
#6542=CARTESIAN_POINT('',(-4.,-37.5,0.));
#6543=CARTESIAN_POINT('',(-4.,-46.,0.));
#6544=CARTESIAN_POINT('Origin',(-50.,-46.,0.));
#6545=CARTESIAN_POINT('',(-46.,-46.,0.));
#6546=CARTESIAN_POINT('',(-37.5,-46.,0.));
#6547=CARTESIAN_POINT('',(-46.,-46.,0.));
#6548=CARTESIAN_POINT('Origin',(-46.,0.,0.));
#6549=CARTESIAN_POINT('',(-46.0000000000566,-23.5428444968373,3.55488098642172));
#6550=CARTESIAN_POINT('Ctrl Pts',(-46.,-23.5428444968849,4.));
#6551=CARTESIAN_POINT('Ctrl Pts',(-46.,-23.5428444968849,3.85162699547391));
#6552=CARTESIAN_POINT('Ctrl Pts',(-46.0000000000566,-23.5428444968373,3.70325399094781));
#6553=CARTESIAN_POINT('Ctrl Pts',(-46.0000000000566,-23.5428444968373,3.55488098642172));
#6554=CARTESIAN_POINT('',(-46.,-4.,0.));
#6555=CARTESIAN_POINT('',(-46.,-12.5,0.));
#6556=CARTESIAN_POINT('',(-46.,-4.,2.83430174703751));
#6557=CARTESIAN_POINT('',(-46.,-4.,0.));
#6558=CARTESIAN_POINT('',(-46.,-7.41210899742093,2.83430174703751));
#6559=CARTESIAN_POINT('',(-46.,-12.6325095707409,2.83430174703751));
#6560=CARTESIAN_POINT('Ctrl Pts',(-46.,-8.21315284650369,3.291010614743));
#6561=CARTESIAN_POINT('Ctrl Pts',(-46.,-8.08383254637774,3.21458332514828));
#6562=CARTESIAN_POINT('Ctrl Pts',(-46.,-7.95398804529941,3.13908394821805));
#6563=CARTESIAN_POINT('Ctrl Pts',(-46.,-7.82354405731265,3.06464575115026));
#6564=CARTESIAN_POINT('Ctrl Pts',(-46.,-7.68703165177708,2.98674459600858));
#6565=CARTESIAN_POINT('Ctrl Pts',(-46.,-7.54986268414516,2.91000565219341));
#6566=CARTESIAN_POINT('Ctrl Pts',(-46.,-7.41210899742093,2.83430174703751));
#6567=CARTESIAN_POINT('Ctrl Pts',(-46.0000000000566,-23.5428444969229,3.55488098637078));
#6568=CARTESIAN_POINT('Ctrl Pts',(-46.0000000000566,-23.2956903866149,3.70195847955016));
#6569=CARTESIAN_POINT('Ctrl Pts',(-46.0000000000566,-23.0493521608007,3.85056328021768));
#6570=CARTESIAN_POINT('Ctrl Pts',(-46.0000000000566,-22.803458344453,3.99999999999999));
#6571=CARTESIAN_POINT('Origin',(0.,-4.,0.));
#6572=CARTESIAN_POINT('',(-33.0115379875424,-4.,2.83430174703751));
#6573=CARTESIAN_POINT('Ctrl Pts',(-33.0115379875424,-4.,4.));
#6574=CARTESIAN_POINT('Ctrl Pts',(-33.0115379875424,-4.,3.61143391567917));
#6575=CARTESIAN_POINT('Ctrl Pts',(-33.0115379875424,-4.,3.22286783135834));
#6576=CARTESIAN_POINT('Ctrl Pts',(-33.0115379875424,-4.,2.83430174703751));
#6577=CARTESIAN_POINT('',(-42.1816937894426,-4.,2.83430174703751));
#6578=CARTESIAN_POINT('Ctrl Pts',(-42.1816937894426,-4.,2.83430174703751));
#6579=CARTESIAN_POINT('Ctrl Pts',(-42.1816937894426,-4.,3.22286783135834));
#6580=CARTESIAN_POINT('Ctrl Pts',(-42.1816937894426,-4.,3.61143391567917));
#6581=CARTESIAN_POINT('Ctrl Pts',(-42.1816937894426,-4.,4.));
#6582=CARTESIAN_POINT('',(-12.7641082555056,-4.,2.83430174703751));
#6583=CARTESIAN_POINT('',(-12.5,-4.,0.));
#6584=CARTESIAN_POINT('',(-8.9121055921912,-4.,2.83430174703751));
#6585=CARTESIAN_POINT('',(-12.7641082555056,-4.,2.83430174703751));
#6586=CARTESIAN_POINT('Ctrl Pts',(-8.9121055921912,-4.,4.));
#6587=CARTESIAN_POINT('Ctrl Pts',(-8.9121055921912,-4.,3.61143391567917));
#6588=CARTESIAN_POINT('Ctrl Pts',(-8.9121055921912,-4.,3.22286783135834));
#6589=CARTESIAN_POINT('Ctrl Pts',(-8.9121055921912,-4.,2.83430174703751));
#6590=CARTESIAN_POINT('',(-16.3486310958548,-4.,2.83430174703751));
#6591=CARTESIAN_POINT('Ctrl Pts',(-16.3486310958548,-4.,2.83430174703751));
#6592=CARTESIAN_POINT('Ctrl Pts',(-16.3486310958548,-4.,3.22286783135834));
#6593=CARTESIAN_POINT('Ctrl Pts',(-16.3486310958548,-4.,3.61143391567917));
#6594=CARTESIAN_POINT('Ctrl Pts',(-16.3486310958548,-4.,4.));
#6595=CARTESIAN_POINT('',(-21.7328757910682,-4.,2.83430174703751));
#6596=CARTESIAN_POINT('',(-12.7641082555056,-4.,2.83430174703751));
#6597=CARTESIAN_POINT('Ctrl Pts',(-21.7328757910682,-4.,4.));
#6598=CARTESIAN_POINT('Ctrl Pts',(-21.7328757910682,-4.,3.61143391567917));
#6599=CARTESIAN_POINT('Ctrl Pts',(-21.7328757910682,-4.,3.22286783135834));
#6600=CARTESIAN_POINT('Ctrl Pts',(-21.7328757910682,-4.,2.83430174703751));
#6601=CARTESIAN_POINT('',(-27.5166768876383,-4.,2.83430174703751));
#6602=CARTESIAN_POINT('Ctrl Pts',(-27.5166768876383,-4.,2.83430174703751));
#6603=CARTESIAN_POINT('Ctrl Pts',(-27.5166768876383,-4.,3.22286783135834));
#6604=CARTESIAN_POINT('Ctrl Pts',(-27.5166768876383,-4.,3.61143391567917));
#6605=CARTESIAN_POINT('Ctrl Pts',(-27.5166768876383,-4.,4.));
#6606=CARTESIAN_POINT('',(-12.7641082555056,-4.,2.83430174703751));
#6607=CARTESIAN_POINT('Origin',(-25.,-25.,0.));
#6608=CARTESIAN_POINT('Ctrl Pts',(-15.6275391578674,-14.2537309754357,52.8343017470375));
#6609=CARTESIAN_POINT('Ctrl Pts',(-15.6275391578674,-14.2537309754356,2.8343017470375));
#6610=CARTESIAN_POINT('Ctrl Pts',(-14.0929337027377,-12.1491696147054,52.8343017470375));
#6611=CARTESIAN_POINT('Ctrl Pts',(-14.0929337027377,-12.1491696147054,2.8343017470375));
#6612=CARTESIAN_POINT('Ctrl Pts',(-10.8017449558268,-7.6356259905346,52.8343017470375));
#6613=CARTESIAN_POINT('Ctrl Pts',(-10.8017449558268,-7.63562599053458,2.83430174703751));
#6614=CARTESIAN_POINT('Ctrl Pts',(-8.19051515271739,-2.69599499317596,52.8343017470375));
#6615=CARTESIAN_POINT('Ctrl Pts',(-8.19051515271739,-2.69599499317594,2.83430174703751));
#6616=CARTESIAN_POINT('Ctrl Pts',(-6.79684162139892,-0.0596000779136929,
52.8343017470375));
#6617=CARTESIAN_POINT('Ctrl Pts',(-6.79684162139892,-0.0596000779136707,
2.83430174703751));
#6618=CARTESIAN_POINT('',(-10.8994464986736,-7.4121089974211,2.83430174703751));
#6619=CARTESIAN_POINT('Ctrl Pts',(-10.8994464986736,-7.4121089974211,2.83430174703751));
#6620=CARTESIAN_POINT('Ctrl Pts',(-10.2068694969849,-6.29361992238052,2.83430174703751));
#6621=CARTESIAN_POINT('Ctrl Pts',(-9.55001052320319,-5.15274861261081,2.83430174703751));
#6622=CARTESIAN_POINT('Ctrl Pts',(-8.9121055921912,-4.,2.83430174703751));
#6623=CARTESIAN_POINT('',(-13.1884620741456,-10.8636193594368,4.97742555919469));
#6624=CARTESIAN_POINT('Ctrl Pts',(-10.8994464986736,-7.41210899742109,2.83430174703751));
#6625=CARTESIAN_POINT('Ctrl Pts',(-11.802296800872,-8.87018253573343,3.63560052516541));
#6626=CARTESIAN_POINT('Ctrl Pts',(-12.5752543555038,-9.98796400356391,4.39987139168716));
#6627=CARTESIAN_POINT('Ctrl Pts',(-13.1884620741456,-10.8636193594368,4.97742555919469));
#6628=CARTESIAN_POINT('',(-15.2214143325884,-13.6965675597232,7.42014408111587));
#6629=CARTESIAN_POINT('Ctrl Pts',(-13.1884620741456,-10.8636193594368,4.97742555919469));
#6630=CARTESIAN_POINT('Ctrl Pts',(-13.9365362462167,-11.9318628525473,5.82151042340976));
#6631=CARTESIAN_POINT('Ctrl Pts',(-14.5144696854832,-12.7260018823305,6.4303591890181));
#6632=CARTESIAN_POINT('Ctrl Pts',(-15.2214143325884,-13.6965675597232,7.42014408111588));
#6633=CARTESIAN_POINT('',(-8.65972071886099,-3.54158841830065,7.42014408111587));
#6634=CARTESIAN_POINT('Ctrl Pts',(-15.2214143325884,-13.6965675597232,7.42014408111587));
#6635=CARTESIAN_POINT('Ctrl Pts',(-13.8232671009818,-11.7770485132241,7.42014408111587));
#6636=CARTESIAN_POINT('Ctrl Pts',(-12.4359637509725,-9.85073429024114,7.42014408111588));
#6637=CARTESIAN_POINT('Ctrl Pts',(-11.171555519104,-7.84740944986192,7.42014408111588));
#6638=CARTESIAN_POINT('Ctrl Pts',(-10.2851181957711,-6.44294065211617,7.42014408111588));
#6639=CARTESIAN_POINT('Ctrl Pts',(-9.45908353314798,-5.00062131755488,7.42014408111588));
#6640=CARTESIAN_POINT('Ctrl Pts',(-8.6597207188611,-3.54158841830084,7.42014408111588));
#6641=CARTESIAN_POINT('Ctrl Pts',(-8.65972071886099,-3.54158841830065,7.42014408111588));
#6642=CARTESIAN_POINT('Ctrl Pts',(-8.55238744190474,-3.34567890203973,7.42192267231736));
#6643=CARTESIAN_POINT('Ctrl Pts',(-8.44554814972778,-3.14949197765086,7.42369316541451));
#6644=CARTESIAN_POINT('Ctrl Pts',(-8.3391244894629,-2.95308570476207,7.42547675458801));
#6645=CARTESIAN_POINT('Origin',(-25.5282165110111,-25.2650191414818,2.8343017470375));
#6646=CARTESIAN_POINT('',(-4.59021013188759,-7.41210899742112,2.83430174703751));
#6647=CARTESIAN_POINT('Ctrl Pts',(-4.,-6.45124048067237,2.83430174703751));
#6648=CARTESIAN_POINT('Ctrl Pts',(-4.19558347688473,-6.77228580877849,2.83430174703751));
#6649=CARTESIAN_POINT('Ctrl Pts',(-4.39223085313216,-7.09263386358281,2.83430174703751));
#6650=CARTESIAN_POINT('Ctrl Pts',(-4.59021013188759,-7.41210899742112,2.83430174703751));
#6651=CARTESIAN_POINT('Ctrl Pts',(-4.59021013188759,-7.41210899742112,2.83430174703751));
#6652=CARTESIAN_POINT('Ctrl Pts',(-6.69328892081627,-7.41210899742111,2.83430174703751));
#6653=CARTESIAN_POINT('Ctrl Pts',(-8.79636770974495,-7.4121089974211,2.83430174703751));
#6654=CARTESIAN_POINT('Ctrl Pts',(-10.8994464986736,-7.4121089974211,2.83430174703751));
#6655=CARTESIAN_POINT('Ctrl Pts',(-1.70429229736327,-2.60587712411731,52.8343017470375));
#6656=CARTESIAN_POINT('Ctrl Pts',(-1.70429229736327,-2.60587712411728,2.83430174703751));
#6657=CARTESIAN_POINT('Ctrl Pts',(-3.12171176509012,-5.00438823207313,52.8343017470375));
#6658=CARTESIAN_POINT('Ctrl Pts',(-3.12171176509012,-5.00438823207311,2.83430174703751));
#6659=CARTESIAN_POINT('Ctrl Pts',(-5.92526085443914,-9.7484627884125,52.8343017470375));
#6660=CARTESIAN_POINT('Ctrl Pts',(-5.92526085443914,-9.74846278841248,2.8343017470375));
#6661=CARTESIAN_POINT('Ctrl Pts',(-9.1548991540587,-14.2132810157001,52.8343017470375));
#6662=CARTESIAN_POINT('Ctrl Pts',(-9.1548991540587,-14.2132810157001,2.8343017470375));
#6663=CARTESIAN_POINT('Ctrl Pts',(-10.7516956329346,-16.4207746613488,52.8343017470375));
#6664=CARTESIAN_POINT('Ctrl Pts',(-10.7516956329346,-16.4207746613487,2.8343017470375));
#6665=CARTESIAN_POINT('',(-8.65972071886099,-13.510819765671,7.42014408111587));
#6666=CARTESIAN_POINT('Ctrl Pts',(-2.52926060192332,-4.,7.65320575197107));
#6667=CARTESIAN_POINT('Ctrl Pts',(-3.38048070943954,-5.43465536053681,7.59248287649335));
#6668=CARTESIAN_POINT('Ctrl Pts',(-4.24794300773793,-6.87921281331132,7.54015168520939));
#6669=CARTESIAN_POINT('Ctrl Pts',(-6.34620734541828,-10.2003354407377,7.45787445415749));
#6670=CARTESIAN_POINT('Ctrl Pts',(-7.48541681649631,-11.8570006324544,7.43960315893252));
#6671=CARTESIAN_POINT('Ctrl Pts',(-8.65972071886099,-13.510819765671,7.42014408111587));
#6672=CARTESIAN_POINT('',(-8.79176493044995,-13.6965675597232,7.42014408111588));
#6673=CARTESIAN_POINT('Ctrl Pts',(-8.65972071886099,-13.5108197656709,7.42014408111587));
#6674=CARTESIAN_POINT('Ctrl Pts',(-8.70370165674188,-13.5727598788033,7.42014408111587));
#6675=CARTESIAN_POINT('Ctrl Pts',(-8.7477171829166,-13.6346753631721,7.42014408111587));
#6676=CARTESIAN_POINT('Ctrl Pts',(-8.79176493044995,-13.6965675597232,7.42014408111587));
#6677=CARTESIAN_POINT('',(-6.8207136066561,-10.8636193594368,4.97742555919469));
#6678=CARTESIAN_POINT('Ctrl Pts',(-8.79176493044995,-13.6965675597232,7.42014408111588));
#6679=CARTESIAN_POINT('Ctrl Pts',(-8.74173260104478,-13.6262663311959,7.34845074236195));
#6680=CARTESIAN_POINT('Ctrl Pts',(-8.69133254474336,-13.5553600466455,7.27732864311992));
#6681=CARTESIAN_POINT('Ctrl Pts',(-8.04813001466847,-12.6491988180752,6.38477238180516));
#6682=CARTESIAN_POINT('Ctrl Pts',(-7.45059756505502,-11.7952825660996,5.7135899415307));
#6683=CARTESIAN_POINT('Ctrl Pts',(-6.8207136066561,-10.8636193594368,4.97742555919469));
#6684=CARTESIAN_POINT('Ctrl Pts',(-6.8207136066561,-10.8636193594368,4.97742555919469));
#6685=CARTESIAN_POINT('Ctrl Pts',(-6.03252824501482,-9.69781208385878,4.20849649822925));
#6686=CARTESIAN_POINT('Ctrl Pts',(-5.38672560911693,-8.69742981630582,3.54066255437152));
#6687=CARTESIAN_POINT('Ctrl Pts',(-4.59021013188759,-7.41210899742112,2.83430174703751));
#6688=CARTESIAN_POINT('Ctrl Pts',(0.0694462656971151,0.,7.85764217376724));
#6689=CARTESIAN_POINT('Ctrl Pts',(0.0694462656971151,-50.,7.85764217376724));
#6690=CARTESIAN_POINT('Ctrl Pts',(-1.47828577670349,0.,7.73020718589355));
#6691=CARTESIAN_POINT('Ctrl Pts',(-1.47828577670349,-50.,7.73020718589355));
#6692=CARTESIAN_POINT('Ctrl Pts',(-4.38346256677946,0.,7.49100481825372));
#6693=CARTESIAN_POINT('Ctrl Pts',(-4.38346256677946,-50.,7.49100481825372));
#6694=CARTESIAN_POINT('Ctrl Pts',(-7.29793335002289,0.,7.44270989761923));
#6695=CARTESIAN_POINT('Ctrl Pts',(-7.29793335002289,-50.,7.44270989761923));
#6696=CARTESIAN_POINT('Ctrl Pts',(-8.65972071886099,0.,7.42014408111587));
#6697=CARTESIAN_POINT('Ctrl Pts',(-8.65972071886099,-50.,7.42014408111587));
#6698=CARTESIAN_POINT('',(-8.65972071886099,0.,7.42014408111587));
#6699=CARTESIAN_POINT('Origin',(-8.65972071886099,0.,7.42014408111587));
#6700=CARTESIAN_POINT('Ctrl Pts',(-8.79176493044995,-13.6965675597232,7.42014408111587));
#6701=CARTESIAN_POINT('Ctrl Pts',(-10.9349813978294,-13.6965675597232,7.42014408111587));
#6702=CARTESIAN_POINT('Ctrl Pts',(-13.0781978652089,-13.6965675597232,7.42014408111587));
#6703=CARTESIAN_POINT('Ctrl Pts',(-15.2214143325884,-13.6965675597232,7.42014408111587));
#6704=CARTESIAN_POINT('Ctrl Pts',(-50.5794921182753,-15.7868008932501,9.81483839336217));
#6705=CARTESIAN_POINT('Ctrl Pts',(-0.579492118275269,-15.7868008932504,
9.81483839336217));
#6706=CARTESIAN_POINT('Ctrl Pts',(-50.5794921182753,-15.0257270832748,8.89044714211536));
#6707=CARTESIAN_POINT('Ctrl Pts',(-0.57949211827526,-15.025727083275,8.89044714211536));
#6708=CARTESIAN_POINT('Ctrl Pts',(-50.5794921182753,-13.5548385250283,7.10392328992002));
#6709=CARTESIAN_POINT('Ctrl Pts',(-0.579492118275251,-13.5548385250285,
7.10392328992002));
#6710=CARTESIAN_POINT('Ctrl Pts',(-50.5794921182752,-11.7396060417412,5.66959649639769));
#6711=CARTESIAN_POINT('Ctrl Pts',(-0.579492118275242,-11.7396060417414,
5.66959649639769));
#6712=CARTESIAN_POINT('Ctrl Pts',(-50.5794921182752,-10.8636193594366,4.97742555919469));
#6713=CARTESIAN_POINT('Ctrl Pts',(-0.579492118275242,-10.8636193594369,
4.97742555919469));
#6714=CARTESIAN_POINT('',(-50.5794921182752,-10.8636193594366,4.97742555919469));
#6715=CARTESIAN_POINT('Ctrl Pts',(-50.5794921182752,-10.8636193594366,4.97742555919469));
#6716=CARTESIAN_POINT('Ctrl Pts',(-0.579492118275242,-10.8636193594369,
4.97742555919469));
#6717=CARTESIAN_POINT('Ctrl Pts',(-50.5794921182752,-9.86293131344239,4.31740384235975));
#6718=CARTESIAN_POINT('Ctrl Pts',(-0.579492118275242,-9.86293131344262,
4.31740384235975));
#6719=CARTESIAN_POINT('Ctrl Pts',(-50.5794921182752,-7.66033214653004,2.86464012697002));
#6720=CARTESIAN_POINT('Ctrl Pts',(-0.579492118275224,-7.66033214653026,
2.86464012697002));
#6721=CARTESIAN_POINT('Ctrl Pts',(-50.5794921182752,-5.27357748208394,1.73785868540582));
#6722=CARTESIAN_POINT('Ctrl Pts',(-0.579492118275216,-5.27357748208416,
1.73785868540582));
#6723=CARTESIAN_POINT('Ctrl Pts',(-50.5794921182752,-3.97117665618957,1.12299822154821));
#6724=CARTESIAN_POINT('Ctrl Pts',(-0.579492118275216,-3.9711766561898,1.12299822154821));
#6725=CARTESIAN_POINT('Origin',(-25.5282165110111,-25.2650191414818,2.8343017470375));
#6726=CARTESIAN_POINT('',(-17.2008778030307,-7.41210899742106,2.83430174703751));
#6727=CARTESIAN_POINT('Ctrl Pts',(-16.3486310958548,-4.,2.83430174703751));
#6728=CARTESIAN_POINT('Ctrl Pts',(-16.6124421095436,-5.14366316706644,2.83430174703751));
#6729=CARTESIAN_POINT('Ctrl Pts',(-16.887758574374,-6.28375429633866,2.83430174703751));
#6730=CARTESIAN_POINT('Ctrl Pts',(-17.2008778030307,-7.41210899742106,2.83430174703751));
#6731=CARTESIAN_POINT('',(-22.6280480157187,-7.41210899742104,2.83430174703751));
#6732=CARTESIAN_POINT('Ctrl Pts',(-17.2008778030307,-7.41210899742106,2.83430174703751));
#6733=CARTESIAN_POINT('Ctrl Pts',(-19.0099345405934,-7.41210899742106,2.83430174703751));
#6734=CARTESIAN_POINT('Ctrl Pts',(-20.818991278156,-7.41210899742105,2.83430174703751));
#6735=CARTESIAN_POINT('Ctrl Pts',(-22.6280480157187,-7.41210899742104,2.83430174703751));
#6736=CARTESIAN_POINT('Ctrl Pts',(-22.6280480157187,-7.41210899742104,2.83430174703751));
#6737=CARTESIAN_POINT('Ctrl Pts',(-22.2986327624912,-6.28425662843444,2.83430174703751));
#6738=CARTESIAN_POINT('Ctrl Pts',(-22.0074945677365,-5.14466212050021,2.83430174703751));
#6739=CARTESIAN_POINT('Ctrl Pts',(-21.7328757910682,-4.,2.83430174703751));
#6740=CARTESIAN_POINT('Ctrl Pts',(-16.006772518158,-2.49752541665881,52.8343017470375));
#6741=CARTESIAN_POINT('Ctrl Pts',(-16.006772518158,-2.49752541665879,2.83430174703751));
#6742=CARTESIAN_POINT('Ctrl Pts',(-16.4860663773303,-4.61865414169346,52.8343017470375));
#6743=CARTESIAN_POINT('Ctrl Pts',(-16.4860663773303,-4.61865414169344,2.83430174703751));
#6744=CARTESIAN_POINT('Ctrl Pts',(-17.4136606412488,-8.72374916997572,52.8343017470375));
#6745=CARTESIAN_POINT('Ctrl Pts',(-17.4136606412488,-8.7237491699757,2.8343017470375));
#6746=CARTESIAN_POINT('Ctrl Pts',(-18.9670775091604,-12.6345482974326,52.8343017470375));
#6747=CARTESIAN_POINT('Ctrl Pts',(-18.9670775091604,-12.6345482974326,2.8343017470375));
#6748=CARTESIAN_POINT('Ctrl Pts',(-19.7178339958191,-14.5246126282677,52.8343017470375));
#6749=CARTESIAN_POINT('Ctrl Pts',(-19.7178339958191,-14.5246126282677,2.8343017470375));
#6750=CARTESIAN_POINT('',(-16.006772518158,-2.49752541665879,4.11065575914865));
#6751=CARTESIAN_POINT('Ctrl Pts',(-16.0228676825093,-2.56875391846864,3.99999999999307));
#6752=CARTESIAN_POINT('Ctrl Pts',(-16.0175426045022,-2.54518873447455,4.03711007322212));
#6753=CARTESIAN_POINT('Ctrl Pts',(-16.0121792030892,-2.52145285594329,4.07396607917699));
#6754=CARTESIAN_POINT('Ctrl Pts',(-16.006772518158,-2.49752541665879,4.11065575914865));
#6755=CARTESIAN_POINT('',(-16.006772518158,-2.49752541665879,7.28474784374203));
#6756=CARTESIAN_POINT('',(-16.006772518158,-2.49752541665881,52.8343017470375));
#6757=CARTESIAN_POINT('',(-16.1059627295239,-2.93623520404222,7.42014408111587));
#6758=CARTESIAN_POINT('Ctrl Pts',(-16.006772518158,-2.49752541665879,7.28474784374203));
#6759=CARTESIAN_POINT('Ctrl Pts',(-16.0410085510009,-2.64903796226055,7.33044267370479));
#6760=CARTESIAN_POINT('Ctrl Pts',(-16.073975946135,-2.79492739390196,7.37547041436657));
#6761=CARTESIAN_POINT('Ctrl Pts',(-16.1059627295238,-2.936235204042,7.42014408111587));
#6762=CARTESIAN_POINT('',(-19.3894355672425,-13.6965675597232,7.42014408111587));
#6763=CARTESIAN_POINT('Ctrl Pts',(-16.1059627295238,-2.93623520404222,7.42014408111587));
#6764=CARTESIAN_POINT('Ctrl Pts',(-16.5529509167333,-4.91089208420908,7.42014408111587));
#6765=CARTESIAN_POINT('Ctrl Pts',(-17.0099251819327,-6.8824486384906,7.42014408111587));
#6766=CARTESIAN_POINT('Ctrl Pts',(-17.6117396354675,-8.80903741006699,7.42014408111587));
#6767=CARTESIAN_POINT('Ctrl Pts',(-18.1280462087406,-10.4618897816187,7.42014408111586));
#6768=CARTESIAN_POINT('Ctrl Pts',(-18.7509581716232,-12.0816449302915,7.42014408111586));
#6769=CARTESIAN_POINT('Ctrl Pts',(-19.3894355672425,-13.6965675597232,7.42014408111586));
#6770=CARTESIAN_POINT('',(-18.3074022149668,-10.8636193594368,4.97742555919469));
#6771=CARTESIAN_POINT('Ctrl Pts',(-19.389435567243,-13.6965675597245,7.42014408111586));
#6772=CARTESIAN_POINT('Ctrl Pts',(-19.3299051076039,-13.5459951399783,7.26680044616975));
#6773=CARTESIAN_POINT('Ctrl Pts',(-19.2712409346672,-13.3972370928145,7.12079355415785));
#6774=CARTESIAN_POINT('Ctrl Pts',(-19.2119986068141,-13.2464189686509,6.9779133671273));
#6775=CARTESIAN_POINT('Ctrl Pts',(-19.1590218705988,-13.1115516825424,6.85014448543388));
#6776=CARTESIAN_POINT('Ctrl Pts',(-19.1055816464902,-12.9750373922884,6.7248759092202));
#6777=CARTESIAN_POINT('Ctrl Pts',(-19.0506818091393,-12.8340941090644,6.5990970925262));
#6778=CARTESIAN_POINT('Ctrl Pts',(-19.0441887711305,-12.8174246590404,6.5842211534179));
#6779=CARTESIAN_POINT('Ctrl Pts',(-19.0376753743401,-12.8006932384569,6.56933807709616));
#6780=CARTESIAN_POINT('Ctrl Pts',(-19.0311400215364,-12.7838952291493,6.55444288302679));
#6781=CARTESIAN_POINT('Ctrl Pts',(-18.8961825566944,-12.4370100924704,6.24685158836994));
#6782=CARTESIAN_POINT('Ctrl Pts',(-18.7588680143265,-12.0797524636411,5.94985922014687));
#6783=CARTESIAN_POINT('Ctrl Pts',(-18.6221681545189,-11.7162937536832,5.65621747468492));
#6784=CARTESIAN_POINT('Ctrl Pts',(-18.5230554526029,-11.452772087827,5.44331581678256));
#6785=CARTESIAN_POINT('Ctrl Pts',(-18.4242705056885,-11.1859891930464,5.23217551846589));
#6786=CARTESIAN_POINT('Ctrl Pts',(-18.3269273021868,-10.9175407532333,5.0200339663004));
#6787=CARTESIAN_POINT('Ctrl Pts',(-18.3204123935184,-10.8995742491052,5.00583592486129));
#6788=CARTESIAN_POINT('Ctrl Pts',(-18.3139039229859,-10.8816002907284,4.99163339855492));
#6789=CARTESIAN_POINT('Ctrl Pts',(-18.3074022149668,-10.8636193594368,4.97742555919468));
#6790=CARTESIAN_POINT('Ctrl Pts',(-18.3074022149668,-10.8636193594368,4.97742555919469));
#6791=CARTESIAN_POINT('Ctrl Pts',(-17.9566607805535,-9.89361922797166,4.33764460581712));
#6792=CARTESIAN_POINT('Ctrl Pts',(-17.5928227451298,-8.82451959858502,3.61050600504601));
#6793=CARTESIAN_POINT('Ctrl Pts',(-17.2008778030307,-7.41210899742106,2.83430174703751));
#6794=CARTESIAN_POINT('Origin',(-21.9374993443493,0.,7.42014408111587));
#6795=CARTESIAN_POINT('',(-21.9374993443493,-4.8382416815682,8.10621936470687));
#6796=CARTESIAN_POINT('',(-21.9374993443493,-4.83824168156824,7.42014408111587));
#6797=CARTESIAN_POINT('Ctrl Pts',(-21.9374993443493,-4.8382416815682,8.10621936470687));
#6798=CARTESIAN_POINT('Ctrl Pts',(-21.9374993443493,-4.8382416815682,7.87752760350987));
#6799=CARTESIAN_POINT('Ctrl Pts',(-21.9374993443493,-4.83824168156823,7.64883584231288));
#6800=CARTESIAN_POINT('Ctrl Pts',(-21.9374993443493,-4.83824168156824,7.42014408111587));
#6801=CARTESIAN_POINT('',(-21.9374993443493,-7.50728658050611,9.32664297405065));
#6802=CARTESIAN_POINT('Ctrl Pts',(-21.9374993443493,-7.50728658050611,9.32664297405065));
#6803=CARTESIAN_POINT('Ctrl Pts',(-21.9374993443493,-6.62423805586444,8.90210808432123));
#6804=CARTESIAN_POINT('Ctrl Pts',(-21.9374993443493,-5.74118953122277,8.47757319459181));
#6805=CARTESIAN_POINT('Ctrl Pts',(-21.9374993443493,-4.83824168156943,8.10621936470738));
#6806=CARTESIAN_POINT('',(-21.9374993443492,-12.8411417326362,13.4960880118924));
#6807=CARTESIAN_POINT('Ctrl Pts',(-21.9374993443492,-12.8411417326362,13.4960880118924));
#6808=CARTESIAN_POINT('Ctrl Pts',(-21.9374993443492,-12.0405257042914,12.683157813134));
#6809=CARTESIAN_POINT('Ctrl Pts',(-21.9374993443492,-11.2399096759465,11.8702276143756));
#6810=CARTESIAN_POINT('Ctrl Pts',(-21.9374993443492,-10.3482156118782,11.1738672095853));
#6811=CARTESIAN_POINT('Ctrl Pts',(-21.9374993443492,-9.46130787161634,10.4812446410302));
#6812=CARTESIAN_POINT('Ctrl Pts',(-21.9374993443492,-8.48429722606122,9.90394380754042));
#6813=CARTESIAN_POINT('Ctrl Pts',(-21.9374993443492,-7.50728658050611,9.32664297405065));
#6814=CARTESIAN_POINT('',(-21.9374993443492,-8.94547513336257,22.2489538032132));
#6815=CARTESIAN_POINT('Ctrl Pts',(-21.9374993443492,-8.94547513336257,22.2489538032132));
#6816=CARTESIAN_POINT('Ctrl Pts',(-21.9374993443492,-9.45381583961099,20.4584937170092));
#6817=CARTESIAN_POINT('Ctrl Pts',(-21.9374993443492,-9.96215654585941,18.6680336308052));
#6818=CARTESIAN_POINT('Ctrl Pts',(-21.9374993443492,-10.7605367025764,17.0119943458158));
#6819=CARTESIAN_POINT('Ctrl Pts',(-21.9374993443492,-11.3490179516703,15.7913376714484));
#6820=CARTESIAN_POINT('Ctrl Pts',(-21.9374993443492,-12.0950798421533,14.6437128416704));
#6821=CARTESIAN_POINT('Ctrl Pts',(-21.9374993443492,-12.8411417326362,13.4960880118924));
#6822=CARTESIAN_POINT('',(-21.9374993443492,-8.69903383162766,23.3020853996278));
#6823=CARTESIAN_POINT('Ctrl Pts',(-21.9374993443492,-8.69903383162766,23.3020853996278));
#6824=CARTESIAN_POINT('Ctrl Pts',(-21.9374993443492,-8.7806143279107,22.950961221901));
#6825=CARTESIAN_POINT('Ctrl Pts',(-21.9374993443492,-8.86304473063667,22.599957512557));
#6826=CARTESIAN_POINT('Ctrl Pts',(-21.9374993443492,-8.94547513336257,22.2489538032132));
#6827=CARTESIAN_POINT('',(-21.9374993443492,-14.0326859094826,23.3020853996278));
#6828=CARTESIAN_POINT('',(-21.9374993443492,0.,23.3020853996278));
#6829=CARTESIAN_POINT('',(-21.9374993444737,-14.0326859088659,7.77173086628269));
#6830=CARTESIAN_POINT('',(-21.9374993443491,-14.0326859094826,30.1272229140767));
#6831=CARTESIAN_POINT('',(-21.9374993443493,-13.6965675597232,7.42014408111587));
#6832=CARTESIAN_POINT('Ctrl Pts',(-21.9374993443493,-13.6965675597233,7.42014408111602));
#6833=CARTESIAN_POINT('Ctrl Pts',(-21.9374993443493,-13.8100451372154,7.53586875015159));
#6834=CARTESIAN_POINT('Ctrl Pts',(-21.9374993443493,-13.9220070794353,7.65314362015222));
#6835=CARTESIAN_POINT('Ctrl Pts',(-21.9374993443493,-14.032685908305,7.77173086628326));
#6836=CARTESIAN_POINT('',(-21.9374993443493,0.,7.42014408111587));
#6837=CARTESIAN_POINT('Ctrl Pts',(-50.5794921182752,-3.97117665618957,1.12299822154821));
#6838=CARTESIAN_POINT('Ctrl Pts',(-0.579492118275216,-3.9711766561898,1.12299822154821));
#6839=CARTESIAN_POINT('Ctrl Pts',(-50.5794921182752,-3.58691757568451,2.0385695463551));
#6840=CARTESIAN_POINT('Ctrl Pts',(-0.579492118275207,-3.58691757568474,
2.0385695463551));
#6841=CARTESIAN_POINT('Ctrl Pts',(-50.5794921182752,-2.72346673151141,4.09590761177207));
#6842=CARTESIAN_POINT('Ctrl Pts',(-0.579492118275207,-2.72346673151164,
4.09590761177207));
#6843=CARTESIAN_POINT('Ctrl Pts',(-50.5794921182752,-1.2433129956965,5.77120445760759));
#6844=CARTESIAN_POINT('Ctrl Pts',(-0.579492118275198,-1.24331299569673,
5.77120445760759));
#6845=CARTESIAN_POINT('Ctrl Pts',(-50.5794921182752,-0.421867879334109,
6.70094869914831));
#6846=CARTESIAN_POINT('Ctrl Pts',(-0.579492118275198,-0.421867879334334,
6.70094869914831));
#6847=CARTESIAN_POINT('',(-21.1264109611511,-1.38691445474473,5.58794969577961));
#6848=CARTESIAN_POINT('Ctrl Pts',(-21.1264109611511,-1.38691445474473,5.58794969577961));
#6849=CARTESIAN_POINT('Ctrl Pts',(-21.240590707403,-1.8872895891295,4.98856374802307));
#6850=CARTESIAN_POINT('Ctrl Pts',(-21.3251453397514,-2.25697932122764,4.49084076907641));
#6851=CARTESIAN_POINT('Ctrl Pts',(-21.3970330449389,-2.56875391834247,4.00000000019232));
#6852=CARTESIAN_POINT('Ctrl Pts',(-16.0067725181579,-2.49752541665879,4.11065575914865));
#6853=CARTESIAN_POINT('Ctrl Pts',(-17.6524668081973,-2.14052244880692,4.65807433092641));
#6854=CARTESIAN_POINT('Ctrl Pts',(-19.5028339284171,-1.73911949229657,5.16605273142066));
#6855=CARTESIAN_POINT('Ctrl Pts',(-21.1264109611511,-1.38691445474473,5.58794969577961));
#6856=CARTESIAN_POINT('Ctrl Pts',(-50.5794921182753,-15.7868008932501,9.81483839336217));
#6857=CARTESIAN_POINT('Ctrl Pts',(-0.579492118275269,-15.7868008932504,
9.81483839336217));
#6858=CARTESIAN_POINT('Ctrl Pts',(-50.5794921182753,-15.0257270832748,8.89044714211536));
#6859=CARTESIAN_POINT('Ctrl Pts',(-0.57949211827526,-15.025727083275,8.89044714211536));
#6860=CARTESIAN_POINT('Ctrl Pts',(-50.5794921182753,-13.5548385250283,7.10392328992002));
#6861=CARTESIAN_POINT('Ctrl Pts',(-0.579492118275251,-13.5548385250285,
7.10392328992002));
#6862=CARTESIAN_POINT('Ctrl Pts',(-50.5794921182752,-11.7396060417412,5.66959649639769));
#6863=CARTESIAN_POINT('Ctrl Pts',(-0.579492118275242,-11.7396060417414,
5.66959649639769));
#6864=CARTESIAN_POINT('Ctrl Pts',(-50.5794921182752,-10.8636193594366,4.97742555919469));
#6865=CARTESIAN_POINT('Ctrl Pts',(-0.579492118275242,-10.8636193594369,
4.97742555919469));
#6866=CARTESIAN_POINT('Ctrl Pts',(-19.3894355672425,-13.6965675597232,7.42014408111587));
#6867=CARTESIAN_POINT('Ctrl Pts',(-20.2387901596114,-13.6965675597232,7.42014408111587));
#6868=CARTESIAN_POINT('Ctrl Pts',(-21.0881447519803,-13.6965675597232,7.42014408111587));
#6869=CARTESIAN_POINT('Ctrl Pts',(-21.9374993443493,-13.6965675597232,7.42014408111587));
#6870=CARTESIAN_POINT('',(-24.729118347168,-13.4140016663536,7.1385001005924));
#6871=CARTESIAN_POINT('Ctrl Pts',(-24.729118347168,-13.4140016663536,7.13850010059239));
#6872=CARTESIAN_POINT('Ctrl Pts',(-23.7793732326048,-13.6244860973507,7.34336249751053));
#6873=CARTESIAN_POINT('Ctrl Pts',(-22.8530623640523,-13.8297769834042,7.55432333795438));
#6874=CARTESIAN_POINT('Ctrl Pts',(-21.9374993448566,-14.0326859093701,7.77173086742451));
#6875=CARTESIAN_POINT('',(-23.7712010683819,-10.8636193594368,4.97742555919469));
#6876=CARTESIAN_POINT('Ctrl Pts',(-23.7712010683819,-10.8636193594368,4.97742555919469));
#6877=CARTESIAN_POINT('Ctrl Pts',(-24.091551268427,-11.7436541117434,5.67279512539949));
#6878=CARTESIAN_POINT('Ctrl Pts',(-24.4253952532643,-12.6176936801261,6.36346148148474));
#6879=CARTESIAN_POINT('Ctrl Pts',(-24.729118347168,-13.4140016663536,7.13850010059239));
#6880=CARTESIAN_POINT('',(-50.5794921182752,-10.8636193594366,4.97742555919469));
#6881=CARTESIAN_POINT('Ctrl Pts',(-50.5794921182753,-13.6872344335944,25.5046834785062));
#6882=CARTESIAN_POINT('Ctrl Pts',(-0.579492118275251,-13.6872344335946,
25.5046834785062));
#6883=CARTESIAN_POINT('Ctrl Pts',(-50.5794921182753,-14.0219761201323,24.2197753742763));
#6884=CARTESIAN_POINT('Ctrl Pts',(-0.57949211827526,-14.0219761201325,24.2197753742763));
#6885=CARTESIAN_POINT('Ctrl Pts',(-50.5794921182753,-14.6658828737891,21.7481351830022));
#6886=CARTESIAN_POINT('Ctrl Pts',(-0.57949211827526,-14.6658828737893,21.7481351830022));
#6887=CARTESIAN_POINT('Ctrl Pts',(-50.5794921182753,-15.3853012698629,19.2974256904433));
#6888=CARTESIAN_POINT('Ctrl Pts',(-0.57949211827526,-15.3853012698632,19.2974256904433));
#6889=CARTESIAN_POINT('Ctrl Pts',(-50.5794921182753,-15.7307224592597,18.1207432586271));
#6890=CARTESIAN_POINT('Ctrl Pts',(-0.579492118275269,-15.7307224592599,
18.1207432586271));
#6891=CARTESIAN_POINT('',(-19.3857458086338,-13.6872344335945,25.5046834785062));
#6892=CARTESIAN_POINT('',(-19.6147836364443,-14.2651389501356,23.3020853996278));
#6893=CARTESIAN_POINT('Ctrl Pts',(-19.3857458086338,-13.6872344335945,25.5046834785062));
#6894=CARTESIAN_POINT('Ctrl Pts',(-19.4614233189077,-13.8786684403433,24.7698628195056));
#6895=CARTESIAN_POINT('Ctrl Pts',(-19.537307791762,-14.0699994233968,24.0354406041007));
#6896=CARTESIAN_POINT('Ctrl Pts',(-19.6147836364443,-14.2651389501356,23.3020853996278));
#6897=CARTESIAN_POINT('',(-23.4962410051416,-13.6872344335945,25.5046834785062));
#6898=CARTESIAN_POINT('',(-50.5794921182753,-13.6872344335944,25.5046834785062));
#6899=CARTESIAN_POINT('',(-20.8886277547508,-14.2651389501356,23.3020853996278));
#6900=CARTESIAN_POINT('Ctrl Pts',(-20.8886277547508,-14.2651389501356,23.3020853996278));
#6901=CARTESIAN_POINT('Ctrl Pts',(-21.7693013993355,-14.0699622778557,24.0355802010153));
#6902=CARTESIAN_POINT('Ctrl Pts',(-22.6327712022389,-13.878598355725,24.770131839761));
#6903=CARTESIAN_POINT('Ctrl Pts',(-23.4962410051416,-13.6872344335945,25.5046834785062));
#6904=CARTESIAN_POINT('Ctrl Pts',(-20.8886277547508,-14.2651389501356,23.3020853996278));
#6905=CARTESIAN_POINT('Ctrl Pts',(-20.4640130486486,-14.2651389501356,23.3020853996278));
#6906=CARTESIAN_POINT('Ctrl Pts',(-20.0393983425464,-14.2651389501356,23.3020853996278));
#6907=CARTESIAN_POINT('Ctrl Pts',(-19.6147836364443,-14.2651389501356,23.3020853996278));
#6908=CARTESIAN_POINT('Origin',(-50.5794921182753,-19.0887074789435,35.6891431647855));
#6909=CARTESIAN_POINT('',(-24.729118347168,-13.4140016663536,35.6891431647855));
#6910=CARTESIAN_POINT('',(-21.9374993443491,-14.0326859094826,35.6891431647855));
#6911=CARTESIAN_POINT('',(-33.9441660222335,-11.371744184051,35.6891431647855));
#6912=CARTESIAN_POINT('',(-24.2843363645046,-12.2440939268501,35.6891431647855));
#6913=CARTESIAN_POINT('Ctrl Pts',(-24.2843363645046,-12.2440939268501,35.6891431647855));
#6914=CARTESIAN_POINT('Ctrl Pts',(-24.4317391810899,-12.634326331686,35.6891431647855));
#6915=CARTESIAN_POINT('Ctrl Pts',(-24.5804287641286,-13.0241639990189,35.6891431647855));
#6916=CARTESIAN_POINT('Ctrl Pts',(-24.729118347168,-13.4140016663536,35.6891431647855));
#6917=CARTESIAN_POINT('',(-21.9374993443491,-12.2440939268501,35.6891431647855));
#6918=CARTESIAN_POINT('',(-50.5794921182753,-12.24409392685,35.6891431647855));
#6919=CARTESIAN_POINT('',(-21.9374993443491,-9.54435373947175,35.6891431647855));
#6920=CARTESIAN_POINT('Origin',(-50.5794921182752,-9.3347077688605,40.0565090018827));
#6921=CARTESIAN_POINT('',(-24.729118347168,-13.4140016663536,40.0565090018827));
#6922=CARTESIAN_POINT('',(-23.2334739130376,-9.33470776886062,40.0565090018827));
#6923=CARTESIAN_POINT('Ctrl Pts',(-24.729118347168,-13.4140016663536,40.0565090018827));
#6924=CARTESIAN_POINT('Ctrl Pts',(-24.2125888558482,-12.0597531178702,40.0565090018827));
#6925=CARTESIAN_POINT('Ctrl Pts',(-23.6960593645284,-10.7055045693869,40.0565090018827));
#6926=CARTESIAN_POINT('Ctrl Pts',(-23.2334739130376,-9.33470776886062,40.0565090018827));
#6927=CARTESIAN_POINT('',(-21.9374993443491,-14.0326859094826,40.0565090018827));
#6928=CARTESIAN_POINT('',(-34.9744145657963,-11.1434184204832,40.0565090018827));
#6929=CARTESIAN_POINT('',(-21.9374993443491,-9.33470776886062,40.0565090018827));
#6930=CARTESIAN_POINT('',(-21.9374993443491,-4.66735388443025,40.0565090018827));
#6931=CARTESIAN_POINT('',(-50.5794921182752,-9.3347077688605,40.0565090018827));
#6932=CARTESIAN_POINT('Origin',(-21.9374993443491,0.,28.5520863533022));
#6933=CARTESIAN_POINT('',(-21.9374993443491,-4.83824168156742,40.1975317720394));
#6934=CARTESIAN_POINT('',(-21.9374993443491,-4.83824168156754,35.6383467100277));
#6935=CARTESIAN_POINT('Ctrl Pts',(-21.9374993443491,-4.83824168156742,40.1975317720394));
#6936=CARTESIAN_POINT('Ctrl Pts',(-21.9374993443491,-4.83824168156746,38.6778034180355));
#6937=CARTESIAN_POINT('Ctrl Pts',(-21.9374993443491,-4.8382416815675,37.1580750640316));
#6938=CARTESIAN_POINT('Ctrl Pts',(-21.9374993443491,-4.83824168156754,35.6383467100277));
#6939=CARTESIAN_POINT('Ctrl Pts',(-21.9374993443491,-9.33470776886062,40.0565090018827));
#6940=CARTESIAN_POINT('Ctrl Pts',(-21.9374993443491,-8.03072800414531,40.0727197895953));
#6941=CARTESIAN_POINT('Ctrl Pts',(-21.9374993443491,-6.72674823943,40.0889305773079));
#6942=CARTESIAN_POINT('Ctrl Pts',(-21.9374993443491,-5.42585900634842,40.1612391311246));
#6943=CARTESIAN_POINT('Ctrl Pts',(-21.9374993443491,-5.22992009696525,40.1721301884211));
#6944=CARTESIAN_POINT('Ctrl Pts',(-21.9374993443491,-5.03405129983582,40.1842938878638));
#6945=CARTESIAN_POINT('Ctrl Pts',(-21.9374993443491,-4.83824168156731,40.1975317720394));
#6946=CARTESIAN_POINT('',(-21.9374993443491,-14.0326859094826,40.6931940501698));
#6947=CARTESIAN_POINT('',(-21.9374993443491,-13.0664584095584,28.5520863533022));
#6948=CARTESIAN_POINT('Ctrl Pts',(-21.9374993443491,-13.0664584095585,28.5520863533021));
#6949=CARTESIAN_POINT('Ctrl Pts',(-21.9374993443491,-12.974083346132,29.0515452257687));
#6950=CARTESIAN_POINT('Ctrl Pts',(-21.9374993443491,-12.888399715051,29.5519828668717));
#6951=CARTESIAN_POINT('Ctrl Pts',(-21.9374993443491,-12.8126888594063,30.0538792449552));
#6952=CARTESIAN_POINT('Ctrl Pts',(-21.9374993443491,-12.531355414379,31.9188725261756));
#6953=CARTESIAN_POINT('Ctrl Pts',(-21.9374993443491,-12.3877246706145,33.8040078454805));
#6954=CARTESIAN_POINT('Ctrl Pts',(-21.9374993443491,-12.2440939268501,35.6891431647855));
#6955=CARTESIAN_POINT('',(-21.9374993443491,-7.65130486816101,28.5520863533022));
#6956=CARTESIAN_POINT('',(-21.9374993443491,0.,28.5520863533022));
#6957=CARTESIAN_POINT('',(-21.9374993443491,-7.07186749786453,35.6891431647855));
#6958=CARTESIAN_POINT('Ctrl Pts',(-21.9374993443491,-7.07186749786453,35.6891431647855));
#6959=CARTESIAN_POINT('Ctrl Pts',(-21.9374993443491,-7.18654297404011,33.3349462112436));
#6960=CARTESIAN_POINT('Ctrl Pts',(-21.9374993443491,-7.30121845021567,30.9807492577017));
#6961=CARTESIAN_POINT('Ctrl Pts',(-21.9374993443491,-7.63592770904616,28.6577405768949));
#6962=CARTESIAN_POINT('Ctrl Pts',(-21.9374993443491,-7.64100311101598,28.6225153701717));
#6963=CARTESIAN_POINT('Ctrl Pts',(-21.9374993443491,-7.64612910649466,28.5872973347298));
#6964=CARTESIAN_POINT('Ctrl Pts',(-21.9374993443491,-7.65130486816101,28.5520863533021));
#6965=CARTESIAN_POINT('Ctrl Pts',(-21.9374993443491,-4.83824168156768,35.6383467100277));
#6966=CARTESIAN_POINT('Ctrl Pts',(-21.9374993443491,-5.58249128514694,35.6633430773285));
#6967=CARTESIAN_POINT('Ctrl Pts',(-21.9374993443491,-6.32717939150573,35.676243121057));
#6968=CARTESIAN_POINT('Ctrl Pts',(-21.9374993443491,-7.07186749786453,35.6891431647855));
#6969=CARTESIAN_POINT('Origin',(-21.9374993443492,0.,23.3020853996278));
#6970=CARTESIAN_POINT('',(-17.5775489730997,-8.69903383162768,23.3020853996278));
#6971=CARTESIAN_POINT('Ctrl Pts',(-19.6147836364443,-14.2651389501356,23.3020853996278));
#6972=CARTESIAN_POINT('Ctrl Pts',(-18.8986740221784,-12.4614737141023,23.3020853996278));
#6973=CARTESIAN_POINT('Ctrl Pts',(-18.1886552398127,-10.6559174890518,23.3020853996278));
#6974=CARTESIAN_POINT('Ctrl Pts',(-17.6117396354675,-8.809037410067,23.3020853996278));
#6975=CARTESIAN_POINT('Ctrl Pts',(-17.600290637291,-8.77238572913259,23.3020853996278));
#6976=CARTESIAN_POINT('Ctrl Pts',(-17.5888940593328,-8.73571777356464,23.3020853996278));
#6977=CARTESIAN_POINT('Ctrl Pts',(-17.5775489730997,-8.69903383162766,23.3020853996278));
#6978=CARTESIAN_POINT('',(-22.3098436897917,-13.9501662034228,23.3020853996278));
#6979=CARTESIAN_POINT('Ctrl Pts',(-17.5775489730997,-8.69903383162768,23.3020853996278));
#6980=CARTESIAN_POINT('Ctrl Pts',(-19.0308657635162,-8.69903383162767,23.3020853996278));
#6981=CARTESIAN_POINT('Ctrl Pts',(-20.4841825539327,-8.69903383162766,23.3020853996278));
#6982=CARTESIAN_POINT('Ctrl Pts',(-21.9374993443492,-8.69903383162766,23.3020853996278));
#6983=CARTESIAN_POINT('Ctrl Pts',(-50.5794921182753,-12.24409392685,35.6891431647855));
#6984=CARTESIAN_POINT('Ctrl Pts',(-0.579492118275251,-12.2440939268502,
35.6891431647855));
#6985=CARTESIAN_POINT('Ctrl Pts',(-50.5794921182753,-12.3877246706144,33.8040078454805));
#6986=CARTESIAN_POINT('Ctrl Pts',(-0.579492118275251,-12.3877246706146,
33.8040078454805));
#6987=CARTESIAN_POINT('Ctrl Pts',(-50.5794921182753,-12.6488312647875,30.3770168693261));
#6988=CARTESIAN_POINT('Ctrl Pts',(-0.579492118275251,-12.6488312647877,
30.3770168693261));
#6989=CARTESIAN_POINT('Ctrl Pts',(-50.5794921182753,-13.3650132184575,27.0165906383677));
#6990=CARTESIAN_POINT('Ctrl Pts',(-0.579492118275251,-13.3650132184577,
27.0165906383677));
#6991=CARTESIAN_POINT('Ctrl Pts',(-50.5794921182753,-13.6872344335944,25.5046834785062));
#6992=CARTESIAN_POINT('Ctrl Pts',(-0.579492118275251,-13.6872344335946,
25.5046834785062));
#6993=CARTESIAN_POINT('',(-19.1414255263485,-13.0664584095585,28.5520863533022));
#6994=CARTESIAN_POINT('Ctrl Pts',(-19.1414255263485,-13.0664584095585,28.5520863533021));
#6995=CARTESIAN_POINT('Ctrl Pts',(-19.2110526533364,-13.244313651021,27.5904482762264));
#6996=CARTESIAN_POINT('Ctrl Pts',(-19.2913131839571,-13.4483574456461,26.6255278284099));
#6997=CARTESIAN_POINT('Ctrl Pts',(-19.3857458086338,-13.6872344335945,25.5046834785062));
#6998=CARTESIAN_POINT('Ctrl Pts',(-19.1414255263485,-13.0664584095585,28.5520863533022));
#6999=CARTESIAN_POINT('Ctrl Pts',(-20.0734501323487,-13.0664584095585,28.5520863533022));
#7000=CARTESIAN_POINT('Ctrl Pts',(-21.0054747383489,-13.0664584095585,28.5520863533022));
#7001=CARTESIAN_POINT('Ctrl Pts',(-21.9374993443491,-13.0664584095584,28.5520863533022));
#7002=CARTESIAN_POINT('',(-24.729118347168,-13.4140016663536,26.797032255611));
#7003=CARTESIAN_POINT('Ctrl Pts',(-24.729118347168,-13.4140016663536,26.797032255611));
#7004=CARTESIAN_POINT('Ctrl Pts',(-24.7092420096174,-13.3618894409545,27.047538160139));
#7005=CARTESIAN_POINT('Ctrl Pts',(-24.6902189576041,-13.3120357286974,27.2907782786948));
#7006=CARTESIAN_POINT('Ctrl Pts',(-24.6720011614477,-13.2643021309913,27.5286746556438));
#7007=CARTESIAN_POINT('Ctrl Pts',(-24.6496092989923,-13.2056317986878,27.8210779137295));
#7008=CARTESIAN_POINT('Ctrl Pts',(-24.6284339660548,-13.1501576398061,28.105407196653));
#7009=CARTESIAN_POINT('Ctrl Pts',(-24.6083859774264,-13.0975708044322,28.3852239186288));
#7010=CARTESIAN_POINT('Ctrl Pts',(-24.5931671264081,-13.0576510285429,28.5976386941504));
#7011=CARTESIAN_POINT('Ctrl Pts',(-24.5785979242689,-13.0193929951629,28.807452729327));
#7012=CARTESIAN_POINT('Ctrl Pts',(-24.564639356512,-12.9826909870616,29.0162282808867));
#7013=CARTESIAN_POINT('Ctrl Pts',(-24.5525334641401,-12.9508603173507,29.1972937312315));
#7014=CARTESIAN_POINT('Ctrl Pts',(-24.5408868682862,-12.9201996210682,29.3775780126219));
#7015=CARTESIAN_POINT('Ctrl Pts',(-24.5296741185944,-12.8906773789464,29.5581057100627));
#7016=CARTESIAN_POINT('Ctrl Pts',(-24.5194386399967,-12.8637282107496,29.7228991313224));
#7017=CARTESIAN_POINT('Ctrl Pts',(-24.5095646776417,-12.8377274591934,29.8878953521779));
#7018=CARTESIAN_POINT('Ctrl Pts',(-24.5000328725729,-12.8126888594063,30.0538792449552));
#7019=CARTESIAN_POINT('Ctrl Pts',(-24.489043455731,-12.7838213355519,30.2452455363982));
#7020=CARTESIAN_POINT('Ctrl Pts',(-24.4785088434199,-12.7562329160249,30.4379246948385));
#7021=CARTESIAN_POINT('Ctrl Pts',(-24.4683993681757,-12.7296761011317,30.6330802504497));
#7022=CARTESIAN_POINT('Ctrl Pts',(-24.4662862526571,-12.7241251089865,30.67387230178));
#7023=CARTESIAN_POINT('Ctrl Pts',(-24.4641917116854,-12.7186193695031,30.7147725751894));
#7024=CARTESIAN_POINT('Ctrl Pts',(-24.4621154743258,-12.7131568929539,30.7557917360465));
#7025=CARTESIAN_POINT('Ctrl Pts',(-24.423278748875,-12.6109794125977,31.5230690808519));
#7026=CARTESIAN_POINT('Ctrl Pts',(-24.3921959837108,-12.5290696063786,32.2933872741607));
#7027=CARTESIAN_POINT('Ctrl Pts',(-24.3652144482988,-12.4578665903862,33.0661511435539));
#7028=CARTESIAN_POINT('Ctrl Pts',(-24.3445934807627,-12.4034488169411,33.6567453562439));
#7029=CARTESIAN_POINT('Ctrl Pts',(-24.3263680280153,-12.3552895546993,34.2487687692634));
#7030=CARTESIAN_POINT('Ctrl Pts',(-24.3089075000715,-12.3091104579755,34.841954183663));
#7031=CARTESIAN_POINT('Ctrl Pts',(-24.3006025565357,-12.2871457847387,35.1240975065182));
#7032=CARTESIAN_POINT('Ctrl Pts',(-24.2924706652975,-12.265628574787,35.4065036382424));
#7033=CARTESIAN_POINT('Ctrl Pts',(-24.2843363645046,-12.2440939268501,35.6891431647855));
#7034=CARTESIAN_POINT('Ctrl Pts',(-23.4962410051416,-13.6872344335945,25.5046834785062));
#7035=CARTESIAN_POINT('Ctrl Pts',(-23.9104026750283,-13.5954470876106,25.9353625867044));
#7036=CARTESIAN_POINT('Ctrl Pts',(-24.3245643449157,-13.5036597416266,26.3660416949033));
#7037=CARTESIAN_POINT('Ctrl Pts',(-24.729118347168,-13.4140016663536,26.797032255611));
#7038=CARTESIAN_POINT('Ctrl Pts',(-50.5794921182752,-10.8636193594366,4.97742555919469));
#7039=CARTESIAN_POINT('Ctrl Pts',(-0.579492118275242,-10.8636193594369,
4.97742555919469));
#7040=CARTESIAN_POINT('Ctrl Pts',(-50.5794921182752,-9.86293131344239,4.31740384235975));
#7041=CARTESIAN_POINT('Ctrl Pts',(-0.579492118275242,-9.86293131344262,
4.31740384235975));
#7042=CARTESIAN_POINT('Ctrl Pts',(-50.5794921182752,-7.66033214653004,2.86464012697002));
#7043=CARTESIAN_POINT('Ctrl Pts',(-0.579492118275224,-7.66033214653026,
2.86464012697002));
#7044=CARTESIAN_POINT('Ctrl Pts',(-50.5794921182752,-5.27357748208394,1.73785868540582));
#7045=CARTESIAN_POINT('Ctrl Pts',(-0.579492118275216,-5.27357748208416,
1.73785868540582));
#7046=CARTESIAN_POINT('Ctrl Pts',(-50.5794921182752,-3.97117665618957,1.12299822154821));
#7047=CARTESIAN_POINT('Ctrl Pts',(-0.579492118275216,-3.9711766561898,1.12299822154821));
#7048=CARTESIAN_POINT('Ctrl Pts',(-22.6280480157187,-7.41210899742104,2.83430174703751));
#7049=CARTESIAN_POINT('Ctrl Pts',(-23.0767752676013,-8.94846194132997,3.67861974909956));
#7050=CARTESIAN_POINT('Ctrl Pts',(-23.5175950984273,-10.166937831156,4.51791678398376));
#7051=CARTESIAN_POINT('Ctrl Pts',(-23.7712010683819,-10.8636193594368,4.97742555919468));
#7052=CARTESIAN_POINT('Ctrl Pts',(-50.5794921182752,-1.66214993804995,40.4754295188505));
#7053=CARTESIAN_POINT('Ctrl Pts',(-0.579492118275198,-1.66214993805017,
40.4754295188505));
#7054=CARTESIAN_POINT('Ctrl Pts',(-50.5794921182752,-2.91575856721194,40.3532547099639));
#7055=CARTESIAN_POINT('Ctrl Pts',(-0.579492118275207,-2.91575856721217,
40.3532547099639));
#7056=CARTESIAN_POINT('Ctrl Pts',(-50.5794921182752,-5.46727137308985,40.1045881148416));
#7057=CARTESIAN_POINT('Ctrl Pts',(-0.579492118275216,-5.46727137309008,
40.1045881148416));
#7058=CARTESIAN_POINT('Ctrl Pts',(-50.5794921182752,-8.03072800414518,40.0727197895953));
#7059=CARTESIAN_POINT('Ctrl Pts',(-0.579492118275233,-8.0307280041454,40.0727197895953));
#7060=CARTESIAN_POINT('Ctrl Pts',(-50.5794921182752,-9.3347077688605,40.0565090018827));
#7061=CARTESIAN_POINT('Ctrl Pts',(-0.579492118275233,-9.33470776886072,
40.0565090018827));
#7062=CARTESIAN_POINT('Ctrl Pts',(-23.2334739130376,-9.33470776886062,40.0565090018827));
#7063=CARTESIAN_POINT('Ctrl Pts',(-22.6981385961129,-7.74832856630652,40.0762305168787));
#7064=CARTESIAN_POINT('Ctrl Pts',(-22.3345793641581,-6.43469247697594,40.0896022897768));
#7065=CARTESIAN_POINT('Ctrl Pts',(-21.9374993443491,-4.83824168156737,40.1975317720394));
#7066=CARTESIAN_POINT('Origin',(-8.65972071886099,0.,7.42014408111587));
#7067=CARTESIAN_POINT('',(-21.4820669694293,-2.9362352040422,7.42014408111587));
#7068=CARTESIAN_POINT('Ctrl Pts',(-21.9374993443493,-4.83824168156822,7.42014408111588));
#7069=CARTESIAN_POINT('Ctrl Pts',(-21.7802230697432,-4.20591615228455,7.42014408111588));
#7070=CARTESIAN_POINT('Ctrl Pts',(-21.6296441286314,-3.57153610200043,7.42014408111588));
#7071=CARTESIAN_POINT('Ctrl Pts',(-21.4820669694293,-2.93623520404197,7.42014408111588));
#7072=CARTESIAN_POINT('Ctrl Pts',(-21.4820669694294,-2.9362352040422,7.42014408111587));
#7073=CARTESIAN_POINT('Ctrl Pts',(-19.6900322227942,-2.9362352040422,7.42014408111587));
#7074=CARTESIAN_POINT('Ctrl Pts',(-17.897997476159,-2.93623520404221,7.42014408111587));
#7075=CARTESIAN_POINT('Ctrl Pts',(-16.1059627295239,-2.93623520404222,7.42014408111587));
#7076=CARTESIAN_POINT('Ctrl Pts',(-50.5794921182752,-7.0718674978644,35.6891431647855));
#7077=CARTESIAN_POINT('Ctrl Pts',(-0.579492118275224,-7.07186749786462,
35.6891431647855));
#7078=CARTESIAN_POINT('Ctrl Pts',(-50.5794921182752,-6.3157829800206,35.6760457039031));
#7079=CARTESIAN_POINT('Ctrl Pts',(-0.579492118275224,-6.31578298002083,
35.6760457039031));
#7080=CARTESIAN_POINT('Ctrl Pts',(-50.5794921182752,-4.51116592486331,35.6447847790597));
#7081=CARTESIAN_POINT('Ctrl Pts',(-0.579492118275216,-4.51116592486353,
35.6447847790597));
#7082=CARTESIAN_POINT('Ctrl Pts',(-50.5794921182752,-2.70916337519439,35.5414013823756));
#7083=CARTESIAN_POINT('Ctrl Pts',(-0.579492118275207,-2.70916337519462,
35.5414013823756));
#7084=CARTESIAN_POINT('Ctrl Pts',(-50.5794921182752,-1.66214993804994,35.481332762869));
#7085=CARTESIAN_POINT('Ctrl Pts',(-0.579492118275198,-1.66214993805017,
35.481332762869));
#7086=CARTESIAN_POINT('',(-22.5299112123743,-7.07186749786453,35.6891431647855));
#7087=CARTESIAN_POINT('Ctrl Pts',(-21.9374993443491,-4.83824168156746,35.6383467100277));
#7088=CARTESIAN_POINT('Ctrl Pts',(-22.0576887870662,-5.32146048345471,35.6545760967826));
#7089=CARTESIAN_POINT('Ctrl Pts',(-22.1820541941678,-5.80451469746898,35.6656941747994));
#7090=CARTESIAN_POINT('Ctrl Pts',(-22.3120958394983,-6.28617015884612,35.6750061822781));
#7091=CARTESIAN_POINT('Ctrl Pts',(-22.3829356994517,-6.54855076271397,35.6800788749836));
#7092=CARTESIAN_POINT('Ctrl Pts',(-22.4554599821256,-6.81051627874247,35.6846158437146));
#7093=CARTESIAN_POINT('Ctrl Pts',(-22.5299112123743,-7.07186749786452,35.6891431647855));
#7094=CARTESIAN_POINT('',(-50.5794921182752,-7.0718674978644,35.6891431647855));
#7095=CARTESIAN_POINT('Ctrl Pts',(-50.5794921182752,-8.94547513336244,22.2489538032132));
#7096=CARTESIAN_POINT('Ctrl Pts',(-0.579492118275233,-8.94547513336266,
22.2489538032132));
#7097=CARTESIAN_POINT('Ctrl Pts',(-50.5794921182752,-8.44589048254828,24.3762764871756));
#7098=CARTESIAN_POINT('Ctrl Pts',(-0.579492118275233,-8.4458904825485,24.3762764871756));
#7099=CARTESIAN_POINT('Ctrl Pts',(-50.5794921182752,-7.40755778226182,28.7976867591277));
#7100=CARTESIAN_POINT('Ctrl Pts',(-0.579492118275224,-7.40755778226204,
28.7976867591277));
#7101=CARTESIAN_POINT('Ctrl Pts',(-50.5794921182752,-7.18654297403998,33.3349462112436));
#7102=CARTESIAN_POINT('Ctrl Pts',(-0.579492118275224,-7.1865429740402,33.3349462112436));
#7103=CARTESIAN_POINT('Ctrl Pts',(-50.5794921182752,-7.0718674978644,35.6891431647855));
#7104=CARTESIAN_POINT('Ctrl Pts',(-0.579492118275224,-7.07186749786462,
35.6891431647855));
#7105=CARTESIAN_POINT('',(-17.2678808967836,-7.65130486816103,28.5520863533022));
#7106=CARTESIAN_POINT('Ctrl Pts',(-17.5775489730997,-8.69903383162767,23.3020853996278));
#7107=CARTESIAN_POINT('Ctrl Pts',(-17.4513805233643,-8.2910725354995,25.0579594280279));
#7108=CARTESIAN_POINT('Ctrl Pts',(-17.3428016988828,-7.91624701734638,26.7496708450653));
#7109=CARTESIAN_POINT('Ctrl Pts',(-17.2678808967836,-7.65130486816103,28.5520863533021));
#7110=CARTESIAN_POINT('',(-23.1037708712301,-8.94547513336256,22.2489538032132));
#7111=CARTESIAN_POINT('',(-50.5794921182752,-8.94547513336244,22.2489538032132));
#7112=CARTESIAN_POINT('Ctrl Pts',(-22.5299112123743,-7.07186749786453,35.6891431647855));
#7113=CARTESIAN_POINT('Ctrl Pts',(-22.5369654845471,-7.09663058943795,35.1807764530294));
#7114=CARTESIAN_POINT('Ctrl Pts',(-22.5440667531558,-7.12149453327255,34.6702193687174));
#7115=CARTESIAN_POINT('Ctrl Pts',(-22.5518547619261,-7.14865201876658,34.1590924814516));
#7116=CARTESIAN_POINT('Ctrl Pts',(-22.5585826742744,-7.17211285290165,33.7175397048976));
#7117=CARTESIAN_POINT('Ctrl Pts',(-22.5658230941308,-7.19729003887043,33.2755623566946));
#7118=CARTESIAN_POINT('Ctrl Pts',(-22.5739884680822,-7.2256007674166,32.8342057310155));
#7119=CARTESIAN_POINT('Ctrl Pts',(-22.5809874905177,-7.24986755855639,32.4558929992872));
#7120=CARTESIAN_POINT('Ctrl Pts',(-22.5886660964013,-7.2764379473065,32.0780365123081));
#7121=CARTESIAN_POINT('Ctrl Pts',(-22.5972840333872,-7.30617392088369,31.7012902418048));
#7122=CARTESIAN_POINT('Ctrl Pts',(-22.6052634076997,-7.33370655010856,31.3524597133307));
#7123=CARTESIAN_POINT('Ctrl Pts',(-22.6140480672738,-7.36395374840732,31.0045810722142));
#7124=CARTESIAN_POINT('Ctrl Pts',(-22.623844192903,-7.39755831142536,30.6581675518716));
#7125=CARTESIAN_POINT('Ctrl Pts',(-22.6329036755434,-7.42863589932356,30.3378034209113));
#7126=CARTESIAN_POINT('Ctrl Pts',(-22.6428282245252,-7.4625851562424,30.0186923843623));
#7127=CARTESIAN_POINT('Ctrl Pts',(-22.6537809178421,-7.49987142013272,29.70123427628));
#7128=CARTESIAN_POINT('Ctrl Pts',(-22.662961749685,-7.53112573438448,29.4351326496605));
#7129=CARTESIAN_POINT('Ctrl Pts',(-22.672864979134,-7.56472418437169,29.1701923343049));
#7130=CARTESIAN_POINT('Ctrl Pts',(-22.683586652055,-7.60091270068955,28.9066448274335));
#7131=CARTESIAN_POINT('Ctrl Pts',(-22.6869718669205,-7.61233870708822,28.8234334718363));
#7132=CARTESIAN_POINT('Ctrl Pts',(-22.6904353369495,-7.62400789271523,28.7404686045184));
#7133=CARTESIAN_POINT('Ctrl Pts',(-22.6939749122247,-7.63592770904616,28.6577405768949));
#7134=CARTESIAN_POINT('Ctrl Pts',(-22.7049775737717,-7.67298009375196,28.4005830318155));
#7135=CARTESIAN_POINT('Ctrl Pts',(-22.7167156085173,-7.71244981132382,28.1457133451038));
#7136=CARTESIAN_POINT('Ctrl Pts',(-22.7291244418876,-7.75396739974061,27.8927576209751));
#7137=CARTESIAN_POINT('Ctrl Pts',(-22.7424379268928,-7.79851177988843,27.62136045255));
#7138=CARTESIAN_POINT('Ctrl Pts',(-22.7565235833923,-7.8454136054158,27.352166503261));
#7139=CARTESIAN_POINT('Ctrl Pts',(-22.7713016589512,-7.89427696904235,27.084722555903));
#7140=CARTESIAN_POINT('Ctrl Pts',(-22.7869229873667,-7.94592852865498,26.8020179697927));
#7141=CARTESIAN_POINT('Ctrl Pts',(-22.8033180096844,-7.99977229070087,26.5212688574519));
#7142=CARTESIAN_POINT('Ctrl Pts',(-22.8203925273604,-8.05540151529164,26.2419485367482));
#7143=CARTESIAN_POINT('Ctrl Pts',(-22.8387299092606,-8.11514518451255,25.9419691469659));
#7144=CARTESIAN_POINT('Ctrl Pts',(-22.8578510171795,-8.17694876361169,25.6436377976667));
#7145=CARTESIAN_POINT('Ctrl Pts',(-22.8776391672411,-8.24036909607563,25.3463106868639));
#7146=CARTESIAN_POINT('Ctrl Pts',(-22.9012126636567,-8.31592133190167,24.99210680429));
#7147=CARTESIAN_POINT('Ctrl Pts',(-22.925732813226,-8.39376844951277,24.6393281764498));
#7148=CARTESIAN_POINT('Ctrl Pts',(-22.9510023431229,-8.47323834597122,24.2868972845579));
#7149=CARTESIAN_POINT('Ctrl Pts',(-22.9950546779162,-8.61177810112527,23.6725050222382));
#7150=CARTESIAN_POINT('Ctrl Pts',(-23.0413844468415,-8.75525904096767,23.0591708950716));
#7151=CARTESIAN_POINT('Ctrl Pts',(-23.0889464903991,-8.90032929643031,22.4412157830832));
#7152=CARTESIAN_POINT('Ctrl Pts',(-23.0938751060073,-8.9153621981283,22.377180199616));
#7153=CARTESIAN_POINT('Ctrl Pts',(-23.0988169539475,-8.93041209187859,22.313094984865));
#7154=CARTESIAN_POINT('Ctrl Pts',(-23.1037708712301,-8.94547513336256,22.2489538032132));
#7155=CARTESIAN_POINT('Ctrl Pts',(-21.9374993443491,-7.65130486816101,28.5520863533022));
#7156=CARTESIAN_POINT('Ctrl Pts',(-20.3809598618273,-7.65130486816101,28.5520863533022));
#7157=CARTESIAN_POINT('Ctrl Pts',(-18.8244203793054,-7.65130486816102,28.5520863533022));
#7158=CARTESIAN_POINT('Ctrl Pts',(-17.2678808967836,-7.65130486816103,28.5520863533022));
#7159=CARTESIAN_POINT('Ctrl Pts',(-50.5794921182752,-0.421867879334109,
6.70094869914831));
#7160=CARTESIAN_POINT('Ctrl Pts',(-0.579492118275198,-0.421867879334334,
6.70094869914831));
#7161=CARTESIAN_POINT('Ctrl Pts',(-50.5794921182752,-1.70568777964481,7.04911826733829));
#7162=CARTESIAN_POINT('Ctrl Pts',(-0.579492118275198,-1.70568777964504,
7.04911826733829));
#7163=CARTESIAN_POINT('Ctrl Pts',(-50.5794921182752,-4.14722824631094,7.71125949897974));
#7164=CARTESIAN_POINT('Ctrl Pts',(-0.579492118275216,-4.14722824631117,
7.71125949897974));
#7165=CARTESIAN_POINT('Ctrl Pts',(-50.5794921182752,-6.42650677543974,8.80704668623423));
#7166=CARTESIAN_POINT('Ctrl Pts',(-0.579492118275224,-6.42650677543997,
8.80704668623423));
#7167=CARTESIAN_POINT('Ctrl Pts',(-50.5794921182752,-7.50728658050599,9.32664297405065));
#7168=CARTESIAN_POINT('Ctrl Pts',(-0.579492118275224,-7.50728658050621,
9.32664297405065));
#7169=CARTESIAN_POINT('',(-22.6559464098542,-7.50728658050611,9.32664297405065));
#7170=CARTESIAN_POINT('Ctrl Pts',(-22.6559464098542,-7.50728658050611,9.32664297405065));
#7171=CARTESIAN_POINT('Ctrl Pts',(-22.581485941087,-7.25416768157973,9.20495339432144));
#7172=CARTESIAN_POINT('Ctrl Pts',(-22.5088414287637,-6.99995754536537,9.08273399773783));
#7173=CARTESIAN_POINT('Ctrl Pts',(-22.437725851186,-6.74449255329361,8.96141688111223));
#7174=CARTESIAN_POINT('Ctrl Pts',(-22.3360798824155,-6.37935473833723,8.78801751816141));
#7175=CARTESIAN_POINT('Ctrl Pts',(-22.2375574012433,-6.01165250892996,8.61646370348782));
#7176=CARTESIAN_POINT('Ctrl Pts',(-22.1413203170436,-5.64086797873853,8.45104433687676));
#7177=CARTESIAN_POINT('Ctrl Pts',(-22.0723077565947,-5.37497474209143,8.33242048067213));
#7178=CARTESIAN_POINT('Ctrl Pts',(-22.0044704536052,-5.10749512301491,8.21695477066545));
#7179=CARTESIAN_POINT('Ctrl Pts',(-21.9374993443493,-4.83824168156807,8.10621936470682));
#7180=CARTESIAN_POINT('',(-50.5794921182752,-7.50728658050599,9.32664297405065));
#7181=CARTESIAN_POINT('Ctrl Pts',(-50.5794921182752,-0.421867879334109,
6.70094869914831));
#7182=CARTESIAN_POINT('Ctrl Pts',(-0.579492118275198,-0.421867879334334,
6.70094869914831));
#7183=CARTESIAN_POINT('Ctrl Pts',(-50.5794921182752,-1.70568777964481,7.04911826733829));
#7184=CARTESIAN_POINT('Ctrl Pts',(-0.579492118275198,-1.70568777964504,
7.04911826733829));
#7185=CARTESIAN_POINT('Ctrl Pts',(-50.5794921182752,-4.14722824631094,7.71125949897974));
#7186=CARTESIAN_POINT('Ctrl Pts',(-0.579492118275216,-4.14722824631117,
7.71125949897974));
#7187=CARTESIAN_POINT('Ctrl Pts',(-50.5794921182752,-6.42650677543974,8.80704668623423));
#7188=CARTESIAN_POINT('Ctrl Pts',(-0.579492118275224,-6.42650677543997,
8.80704668623423));
#7189=CARTESIAN_POINT('Ctrl Pts',(-50.5794921182752,-7.50728658050599,9.32664297405065));
#7190=CARTESIAN_POINT('Ctrl Pts',(-0.579492118275224,-7.50728658050621,
9.32664297405065));
#7191=CARTESIAN_POINT('',(-21.1264109611511,-1.38691445474473,6.96474969653093));
#7192=CARTESIAN_POINT('Ctrl Pts',(-21.4820669694294,-2.9362352040422,7.42014408111587));
#7193=CARTESIAN_POINT('Ctrl Pts',(-21.3735958804325,-2.46928096386842,7.27251185908237));
#7194=CARTESIAN_POINT('Ctrl Pts',(-21.2583544806354,-1.96513658660576,7.12531063259681));
#7195=CARTESIAN_POINT('Ctrl Pts',(-21.1264109611511,-1.38691445474473,6.96474969653093));
#7196=CARTESIAN_POINT('Ctrl Pts',(-21.1264109611511,-1.38691445474473,6.96474969653093));
#7197=CARTESIAN_POINT('Ctrl Pts',(-19.423327355481,-1.75636697420965,7.06733940918386));
#7198=CARTESIAN_POINT('Ctrl Pts',(-17.7114301499558,-2.12773144130955,7.17322128494966));
#7199=CARTESIAN_POINT('Ctrl Pts',(-16.0067725181579,-2.49752541665879,7.28474784374203));
#7200=CARTESIAN_POINT('Ctrl Pts',(-50.5794921182753,-12.8411417326361,13.4960880118924));
#7201=CARTESIAN_POINT('Ctrl Pts',(-0.579492118275251,-12.8411417326363,
13.4960880118924));
#7202=CARTESIAN_POINT('Ctrl Pts',(-50.5794921182753,-12.0950798421531,14.6437128416704));
#7203=CARTESIAN_POINT('Ctrl Pts',(-0.579492118275251,-12.0950798421534,
14.6437128416704));
#7204=CARTESIAN_POINT('Ctrl Pts',(-50.5794921182752,-10.3368514468554,17.3482961860337));
#7205=CARTESIAN_POINT('Ctrl Pts',(-0.579492118275242,-10.3368514468556,
17.3482961860337));
#7206=CARTESIAN_POINT('Ctrl Pts',(-50.5794921182752,-9.45381583961086,20.4584937170092));
#7207=CARTESIAN_POINT('Ctrl Pts',(-0.579492118275233,-9.45381583961108,
20.4584937170092));
#7208=CARTESIAN_POINT('Ctrl Pts',(-50.5794921182752,-8.94547513336244,22.2489538032132));
#7209=CARTESIAN_POINT('Ctrl Pts',(-0.579492118275233,-8.94547513336266,
22.2489538032132));
#7210=CARTESIAN_POINT('',(-24.5107903716663,-12.8411417326362,13.4960880118924));
#7211=CARTESIAN_POINT('Ctrl Pts',(-23.1037708712301,-8.94547513336256,22.2489538032132));
#7212=CARTESIAN_POINT('Ctrl Pts',(-23.1370120934584,-9.04654947127376,21.8929532595915));
#7213=CARTESIAN_POINT('Ctrl Pts',(-23.1701837348188,-9.14635729647203,21.5424750997541));
#7214=CARTESIAN_POINT('Ctrl Pts',(-23.2039522302511,-9.24698265784231,21.1973246308798));
#7215=CARTESIAN_POINT('Ctrl Pts',(-23.2392218336466,-9.35208110956871,20.8368312185098));
#7216=CARTESIAN_POINT('Ctrl Pts',(-23.2751426697635,-9.45807135515203,20.4821496877048));
#7217=CARTESIAN_POINT('Ctrl Pts',(-23.3125289140508,-9.56731107919301,20.1330582103777));
#7218=CARTESIAN_POINT('Ctrl Pts',(-23.3506428387862,-9.67867702941273,19.7771720670592));
#7219=CARTESIAN_POINT('Ctrl Pts',(-23.3902799589572,-9.79342012648174,19.4270957029474));
#7220=CARTESIAN_POINT('Ctrl Pts',(-23.4323560380422,-9.91402212669927,19.0825940833172));
#7221=CARTESIAN_POINT('Ctrl Pts',(-23.4769409300357,-10.0418150976898,18.7175513360643));
#7222=CARTESIAN_POINT('Ctrl Pts',(-23.5242642723384,-10.1761864918972,18.3587679480679));
#7223=CARTESIAN_POINT('Ctrl Pts',(-23.5754743637386,-10.3200709629555,18.0059642856981));
#7224=CARTESIAN_POINT('Ctrl Pts',(-23.6139591931759,-10.4282013953753,17.740829262504));
#7225=CARTESIAN_POINT('Ctrl Pts',(-23.6546405692855,-10.5417040403684,17.4790713810428));
#7226=CARTESIAN_POINT('Ctrl Pts',(-23.6980242040301,-10.6618188140815,17.2205719575137));
#7227=CARTESIAN_POINT('Ctrl Pts',(-23.7540400020498,-10.8169078227158,16.8868043610029));
#7228=CARTESIAN_POINT('Ctrl Pts',(-23.8133743673249,-10.9797153686993,16.5655416900685));
#7229=CARTESIAN_POINT('Ctrl Pts',(-23.8757689237093,-11.1494148381376,16.2517916132238));
#7230=CARTESIAN_POINT('Ctrl Pts',(-23.9347639811673,-11.3098684182294,15.9551358649738));
#7231=CARTESIAN_POINT('Ctrl Pts',(-23.9964946267811,-11.4764834516139,15.6651963810284));
#7232=CARTESIAN_POINT('Ctrl Pts',(-24.060692985729,-11.648576384373,15.3777531832998));
#7233=CARTESIAN_POINT('Ctrl Pts',(-24.1249497088595,-11.8208257707165,15.0900486644477));
#7234=CARTESIAN_POINT('Ctrl Pts',(-24.1916786519725,-11.9985630156971,14.8048449727362));
#7235=CARTESIAN_POINT('Ctrl Pts',(-24.2605611254817,-12.1811180633666,14.5179106101779));
#7236=CARTESIAN_POINT('Ctrl Pts',(-24.3306480407076,-12.3668651699705,14.2259590683781));
#7237=CARTESIAN_POINT('Ctrl Pts',(-24.4029643900711,-12.5576000553843,13.9322158034431));
#7238=CARTESIAN_POINT('Ctrl Pts',(-24.4771227741765,-12.7526327561701,13.6322234444696));
#7239=CARTESIAN_POINT('Ctrl Pts',(-24.4883039985597,-12.7820387959033,13.5869921207373));
#7240=CARTESIAN_POINT('Ctrl Pts',(-24.4995270058383,-12.8115425664917,13.5416187358733));
#7241=CARTESIAN_POINT('Ctrl Pts',(-24.5107903716663,-12.8411417326362,13.4960880118924));
#7242=CARTESIAN_POINT('',(-50.5794921182753,-12.8411417326361,13.4960880118924));
#7243=CARTESIAN_POINT('Ctrl Pts',(-50.5794921182752,-7.50728658050599,9.32664297405065));
#7244=CARTESIAN_POINT('Ctrl Pts',(-0.579492118275224,-7.50728658050621,
9.32664297405065));
#7245=CARTESIAN_POINT('Ctrl Pts',(-50.5794921182752,-8.48429722606109,9.90394380754042));
#7246=CARTESIAN_POINT('Ctrl Pts',(-0.579492118275233,-8.48429722606132,
9.90394380754042));
#7247=CARTESIAN_POINT('Ctrl Pts',(-50.5794921182752,-10.4435910941258,11.0616609606043));
#7248=CARTESIAN_POINT('Ctrl Pts',(-0.579492118275242,-10.443591094126,11.0616609606043));
#7249=CARTESIAN_POINT('Ctrl Pts',(-50.5794921182753,-12.0405257042913,12.683157813134));
#7250=CARTESIAN_POINT('Ctrl Pts',(-0.579492118275251,-12.0405257042915,
12.683157813134));
#7251=CARTESIAN_POINT('Ctrl Pts',(-50.5794921182753,-12.8411417326361,13.4960880118924));
#7252=CARTESIAN_POINT('Ctrl Pts',(-0.579492118275251,-12.8411417326363,
13.4960880118924));
#7253=CARTESIAN_POINT('Ctrl Pts',(-24.5107903716663,-12.8411417326362,13.4960880118924));
#7254=CARTESIAN_POINT('Ctrl Pts',(-24.2858948326436,-12.2501354094482,12.8959914977494));
#7255=CARTESIAN_POINT('Ctrl Pts',(-24.0474410853743,-11.6203095205657,12.2543834313599));
#7256=CARTESIAN_POINT('Ctrl Pts',(-23.5982651608234,-10.3901074519165,11.184294101359));
#7257=CARTESIAN_POINT('Ctrl Pts',(-23.3830040785455,-9.80137995002798,10.733686578001));
#7258=CARTESIAN_POINT('Ctrl Pts',(-22.925582851642,-8.39996148742431,9.85408967574728));
#7259=CARTESIAN_POINT('Ctrl Pts',(-22.7910559283647,-7.96657421495284,9.59802910007079));
#7260=CARTESIAN_POINT('Ctrl Pts',(-22.6559464098542,-7.50728658050611,9.32664297405065));
#7261=CARTESIAN_POINT('Origin',(-14.5416620373728,0.,28.5520863533022));
#7262=CARTESIAN_POINT('Ctrl Pts',(-17.2678808967836,-7.65130486816102,28.5520863533021));
#7263=CARTESIAN_POINT('Ctrl Pts',(-17.3774526092345,-8.03878290060653,28.5520863533021));
#7264=CARTESIAN_POINT('Ctrl Pts',(-17.4917156065675,-8.42480445414514,28.5520863533021));
#7265=CARTESIAN_POINT('Ctrl Pts',(-17.6117396354675,-8.809037410067,28.5520863533021));
#7266=CARTESIAN_POINT('Ctrl Pts',(-18.0609282471656,-10.2470250332198,28.5520863533021));
#7267=CARTESIAN_POINT('Ctrl Pts',(-18.5908071583406,-11.6599611572343,28.5520863533021));
#7268=CARTESIAN_POINT('Ctrl Pts',(-19.1414255263485,-13.0664584095585,28.5520863533021));
#7269=CARTESIAN_POINT('Origin',(-21.1264109611511,-1.38691445474475,52.8343017470375));
#7270=CARTESIAN_POINT('',(-21.1264109611511,-1.38691445474475,52.8343017470375));
#7271=CARTESIAN_POINT('Ctrl Pts',(-16.006772518158,-2.49752541665881,52.8343017470375));
#7272=CARTESIAN_POINT('Ctrl Pts',(-16.006772518158,-2.49752541665879,2.83430174703751));
#7273=CARTESIAN_POINT('Ctrl Pts',(-16.4860663773303,-4.61865414169346,52.8343017470375));
#7274=CARTESIAN_POINT('Ctrl Pts',(-16.4860663773303,-4.61865414169344,2.83430174703751));
#7275=CARTESIAN_POINT('Ctrl Pts',(-17.4136606412488,-8.72374916997572,52.8343017470375));
#7276=CARTESIAN_POINT('Ctrl Pts',(-17.4136606412488,-8.7237491699757,2.8343017470375));
#7277=CARTESIAN_POINT('Ctrl Pts',(-18.9670775091604,-12.6345482974326,52.8343017470375));
#7278=CARTESIAN_POINT('Ctrl Pts',(-18.9670775091604,-12.6345482974326,2.8343017470375));
#7279=CARTESIAN_POINT('Ctrl Pts',(-19.7178339958191,-14.5246126282677,52.8343017470375));
#7280=CARTESIAN_POINT('Ctrl Pts',(-19.7178339958191,-14.5246126282677,2.8343017470375));
#7281=CARTESIAN_POINT('Origin',(-19.7178339958191,-14.5246126282677,52.8343017470375));
#7282=CARTESIAN_POINT('',(-24.729118347168,-13.4140016663536,52.8343017470375));
#7283=CARTESIAN_POINT('Origin',(-19.7178339958191,-14.5246126282677,52.8343017470375));
#7284=CARTESIAN_POINT('',(-24.729118347168,-13.4140016663536,52.8343017470375));
#7285=CARTESIAN_POINT('Ctrl Pts',(-24.729118347168,-13.4140016663536,52.8343017470375));
#7286=CARTESIAN_POINT('Ctrl Pts',(-24.729118347168,-13.4140016663536,2.8343017470375));
#7287=CARTESIAN_POINT('Ctrl Pts',(-24.0874174076426,-11.7315758213313,52.8343017470375));
#7288=CARTESIAN_POINT('Ctrl Pts',(-24.0874174076426,-11.7315758213313,2.8343017470375));
#7289=CARTESIAN_POINT('Ctrl Pts',(-22.5926956027518,-7.81268083338443,52.8343017470375));
#7290=CARTESIAN_POINT('Ctrl Pts',(-22.5926956027518,-7.8126808333844,2.83430174703751));
#7291=CARTESIAN_POINT('Ctrl Pts',(-21.6591658536257,-3.72163063398651,52.8343017470375));
#7292=CARTESIAN_POINT('Ctrl Pts',(-21.6591658536257,-3.72163063398649,2.83430174703751));
#7293=CARTESIAN_POINT('Ctrl Pts',(-21.1264109611511,-1.38691445474475,52.8343017470375));
#7294=CARTESIAN_POINT('Ctrl Pts',(-21.1264109611511,-1.38691445474473,2.83430174703751));
#7295=CARTESIAN_POINT('Ctrl Pts',(-44.6388244628906,-0.0054266083702359,
52.8343017470375));
#7296=CARTESIAN_POINT('Ctrl Pts',(-44.6388244628906,-0.00542660837021369,
2.83430174703751));
#7297=CARTESIAN_POINT('Ctrl Pts',(-43.5169304734136,-1.7912868597076,52.8343017470375));
#7298=CARTESIAN_POINT('Ctrl Pts',(-43.5169304734136,-1.79128685970757,2.83430174703751));
#7299=CARTESIAN_POINT('Ctrl Pts',(-41.4346022458198,-5.10599149916387,52.8343017470375));
#7300=CARTESIAN_POINT('Ctrl Pts',(-41.4346022458198,-5.10599149916385,2.83430174703751));
#7301=CARTESIAN_POINT('Ctrl Pts',(-39.6788709939122,-8.60415368696152,52.8343017470375));
#7302=CARTESIAN_POINT('Ctrl Pts',(-39.6788709939122,-8.60415368696149,2.8343017470375));
#7303=CARTESIAN_POINT('Ctrl Pts',(-38.8690733909607,-10.217614375399,52.8343017470375));
#7304=CARTESIAN_POINT('Ctrl Pts',(-38.8690733909607,-10.217614375399,2.8343017470375));
#7305=CARTESIAN_POINT('',(-40.0347200036053,-7.91437618350497,7.42014408111587));
#7306=CARTESIAN_POINT('Ctrl Pts',(-42.7384972472459,-3.0681927142876,7.46218929335884));
#7307=CARTESIAN_POINT('Ctrl Pts',(-41.7120303936532,-4.76451439684315,7.43993893615636));
#7308=CARTESIAN_POINT('Ctrl Pts',(-40.984478800496,-6.06844688439211,7.43200533887286));
#7309=CARTESIAN_POINT('Ctrl Pts',(-40.0347200036053,-7.91437618350496,7.42014408111587));
#7310=CARTESIAN_POINT('',(-38.8690733909607,-10.217614375399,7.42014408111587));
#7311=CARTESIAN_POINT('Ctrl Pts',(-40.0347200036053,-7.91437618350497,7.42014408111587));
#7312=CARTESIAN_POINT('Ctrl Pts',(-39.6411531988909,-8.67930355070485,7.42014408111587));
#7313=CARTESIAN_POINT('Ctrl Pts',(-39.2551132949258,-9.44845896305181,7.42014408111587));
#7314=CARTESIAN_POINT('Ctrl Pts',(-38.8690733909607,-10.217614375399,7.42014408111587));
#7315=CARTESIAN_POINT('',(-38.8690733909607,-10.217614375399,4.5522600588323));
#7316=CARTESIAN_POINT('',(-38.8690733909607,-10.217614375399,52.8343017470375));
#7317=CARTESIAN_POINT('',(-40.2946442816263,-7.41210899742096,2.83430174703751));
#7318=CARTESIAN_POINT('Ctrl Pts',(-38.8690733909607,-10.217614375399,4.5522600588323));
#7319=CARTESIAN_POINT('Ctrl Pts',(-39.3784803175991,-9.20265946869982,3.88715327257252));
#7320=CARTESIAN_POINT('Ctrl Pts',(-39.7988318290047,-8.36431140597331,3.35759402719683));
#7321=CARTESIAN_POINT('Ctrl Pts',(-40.2946442816263,-7.41210899742096,2.83430174703751));
#7322=CARTESIAN_POINT('Ctrl Pts',(-42.1816937894426,-4.,2.83430174703751));
#7323=CARTESIAN_POINT('Ctrl Pts',(-41.9052022938014,-4.46914224967282,2.83430174703751));
#7324=CARTESIAN_POINT('Ctrl Pts',(-41.2563696148227,-5.59538068216908,2.83430174703751));
#7325=CARTESIAN_POINT('Ctrl Pts',(-40.643626879796,-6.74189172320165,2.83430174703751));
#7326=CARTESIAN_POINT('Ctrl Pts',(-40.2946442816263,-7.41210899742096,2.83430174703751));
#7327=CARTESIAN_POINT('Origin',(-25.5282165110111,-25.2650191414818,2.8343017470375));
#7328=CARTESIAN_POINT('Ctrl Pts',(-40.2946442816263,-7.41210899742096,2.83430174703751));
#7329=CARTESIAN_POINT('Ctrl Pts',(-42.1964295210842,-7.41210899742095,2.83430174703751));
#7330=CARTESIAN_POINT('Ctrl Pts',(-44.0982147605421,-7.41210899742094,2.83430174703751));
#7331=CARTESIAN_POINT('Ctrl Pts',(-46.,-7.41210899742093,2.83430174703751));
#7332=CARTESIAN_POINT('Ctrl Pts',(-38.8690733909607,-10.217614375399,52.8343017470375));
#7333=CARTESIAN_POINT('Ctrl Pts',(-38.8690733909607,-10.217614375399,2.8343017470375));
#7334=CARTESIAN_POINT('Ctrl Pts',(-38.6700215747317,-10.657578373671,52.8343017470375));
#7335=CARTESIAN_POINT('Ctrl Pts',(-38.6700215747317,-10.657578373671,2.8343017470375));
#7336=CARTESIAN_POINT('Ctrl Pts',(-38.3563362017347,-11.3509167893552,52.8343017470375));
#7337=CARTESIAN_POINT('Ctrl Pts',(-38.3563362017347,-11.3509167893551,2.8343017470375));
#7338=CARTESIAN_POINT('Ctrl Pts',(-37.7597691784914,-11.8104174843358,52.8343017470375));
#7339=CARTESIAN_POINT('Ctrl Pts',(-37.7597691784914,-11.8104174843358,2.8343017470375));
#7340=CARTESIAN_POINT('Ctrl Pts',(-37.5417590141296,-11.9783379662499,52.8343017470375));
#7341=CARTESIAN_POINT('Ctrl Pts',(-37.5417590141296,-11.9783379662499,2.8343017470375));
#7342=CARTESIAN_POINT('',(-38.557442936799,-10.8636193594367,4.97742555919469));
#7343=CARTESIAN_POINT('Ctrl Pts',(-38.557442936799,-10.8636193594367,4.97742555919468));
#7344=CARTESIAN_POINT('Ctrl Pts',(-38.6716584800215,-10.65431737932,4.83937669091195));
#7345=CARTESIAN_POINT('Ctrl Pts',(-38.768142085042,-10.4407027236697,4.69845135599333));
#7346=CARTESIAN_POINT('Ctrl Pts',(-38.8690733909607,-10.217614375399,4.5522600588323));
#7347=CARTESIAN_POINT('',(-37.5417590141296,-11.9783379662499,7.42014408111587));
#7348=CARTESIAN_POINT('Ctrl Pts',(-38.8690733909607,-10.217614375399,7.42014408111587));
#7349=CARTESIAN_POINT('Ctrl Pts',(-38.6700215747317,-10.657578373671,7.42014408111587));
#7350=CARTESIAN_POINT('Ctrl Pts',(-38.4709697585028,-11.097542371943,7.42014408111587));
#7351=CARTESIAN_POINT('Ctrl Pts',(-38.1580114364624,-11.4433481324181,7.42014408111587));
#7352=CARTESIAN_POINT('Ctrl Pts',(-37.9777793428531,-11.6424970024217,7.42014408111587));
#7353=CARTESIAN_POINT('Ctrl Pts',(-37.7597691784914,-11.8104174843358,7.42014408111587));
#7354=CARTESIAN_POINT('Ctrl Pts',(-37.5417590141296,-11.9783379662499,7.42014408111587));
#7355=CARTESIAN_POINT('',(-37.5417590141296,-11.9783379662499,5.86951578320417));
#7356=CARTESIAN_POINT('',(-37.5417590141296,-11.9783379662499,52.8343017470375));
#7357=CARTESIAN_POINT('Ctrl Pts',(-37.5417590141296,-11.9783379662499,5.86951578320418));
#7358=CARTESIAN_POINT('Ctrl Pts',(-37.96215922618,-11.654528264941,5.60371058268709));
#7359=CARTESIAN_POINT('Ctrl Pts',(-38.2372815502551,-11.450320698588,5.44101436023703));
#7360=CARTESIAN_POINT('Ctrl Pts',(-38.557442936799,-10.8636193594367,4.97742555919468));
#7361=CARTESIAN_POINT('Ctrl Pts',(-37.5417590141296,-11.9783379662499,52.8343017470375));
#7362=CARTESIAN_POINT('Ctrl Pts',(-37.5417590141296,-11.9783379662499,2.8343017470375));
#7363=CARTESIAN_POINT('Ctrl Pts',(-37.202786263303,-12.1038196521552,52.8343017470375));
#7364=CARTESIAN_POINT('Ctrl Pts',(-37.202786263303,-12.1038196521552,2.8343017470375));
#7365=CARTESIAN_POINT('Ctrl Pts',(-36.664266644941,-12.3031700407642,52.8343017470375));
#7366=CARTESIAN_POINT('Ctrl Pts',(-36.664266644941,-12.3031700407642,2.8343017470375));
#7367=CARTESIAN_POINT('Ctrl Pts',(-36.4447655216298,-12.8172067675366,52.8343017470375));
#7368=CARTESIAN_POINT('Ctrl Pts',(-36.4447655216298,-12.8172067675366,2.8343017470375));
#7369=CARTESIAN_POINT('Ctrl Pts',(-36.3634300231934,-13.0076815712914,52.8343017470375));
#7370=CARTESIAN_POINT('Ctrl Pts',(-36.3634300231934,-13.0076815712914,2.8343017470375));
#7371=CARTESIAN_POINT('',(-36.3634300231934,-13.0076815712914,7.42014408111587));
#7372=CARTESIAN_POINT('Ctrl Pts',(-37.5417590141296,-11.9783379662499,7.42014408111587));
#7373=CARTESIAN_POINT('Ctrl Pts',(-37.202786263303,-12.1038196521552,7.42014408111587));
#7374=CARTESIAN_POINT('Ctrl Pts',(-36.8638135124764,-12.2293013380605,7.42014408111587));
#7375=CARTESIAN_POINT('Ctrl Pts',(-36.6512393951416,-12.4794652092918,7.42014408111587));
#7376=CARTESIAN_POINT('Ctrl Pts',(-36.5261010200662,-12.6267319637818,7.42014408111587));
#7377=CARTESIAN_POINT('Ctrl Pts',(-36.4447655216298,-12.8172067675366,7.42014408111587));
#7378=CARTESIAN_POINT('Ctrl Pts',(-36.3634300231934,-13.0076815712914,7.42014408111587));
#7379=CARTESIAN_POINT('',(-36.3634300231934,-13.0076815712914,6.75577629664469));
#7380=CARTESIAN_POINT('',(-36.3634300231934,-13.0076815712914,52.8343017470375));
#7381=CARTESIAN_POINT('Ctrl Pts',(-36.3634300231934,-13.0076815712914,6.75577629664469));
#7382=CARTESIAN_POINT('Ctrl Pts',(-36.5024208085337,-12.6821872536766,6.45850127395093));
#7383=CARTESIAN_POINT('Ctrl Pts',(-36.5899867716418,-12.5343054706203,6.33575380327603));
#7384=CARTESIAN_POINT('Ctrl Pts',(-36.801539969999,-12.3265354588313,6.1588515473626));
#7385=CARTESIAN_POINT('Ctrl Pts',(-36.9125234908474,-12.252801529203,6.09700113316316));
#7386=CARTESIAN_POINT('Ctrl Pts',(-37.193346257621,-12.1074237240179,5.97575112436274));
#7387=CARTESIAN_POINT('Ctrl Pts',(-37.3666251502364,-12.0431694090335,5.92273387574205));
#7388=CARTESIAN_POINT('Ctrl Pts',(-37.5417590141296,-11.9783379662499,5.86951578320417));
#7389=CARTESIAN_POINT('Ctrl Pts',(-36.3634300231934,-13.0076815712914,52.8343017470375));
#7390=CARTESIAN_POINT('Ctrl Pts',(-36.3634300231934,-13.0076815712914,2.8343017470375));
#7391=CARTESIAN_POINT('Ctrl Pts',(-36.4545193771012,-13.1981641004044,52.8343017470375));
#7392=CARTESIAN_POINT('Ctrl Pts',(-36.4545193771012,-13.1981641004044,2.8343017470375));
#7393=CARTESIAN_POINT('Ctrl Pts',(-36.7004757110003,-13.7124984602664,52.8343017470375));
#7394=CARTESIAN_POINT('Ctrl Pts',(-36.7004757110003,-13.7124984602663,2.8343017470375));
#7395=CARTESIAN_POINT('Ctrl Pts',(-37.249955087443,-13.9116385426306,52.8343017470375));
#7396=CARTESIAN_POINT('Ctrl Pts',(-37.249955087443,-13.9116385426306,2.8343017470375));
#7397=CARTESIAN_POINT('Ctrl Pts',(-37.5959360599518,-14.0370275605187,52.8343017470375));
#7398=CARTESIAN_POINT('Ctrl Pts',(-37.5959360599518,-14.0370275605187,2.8343017470375));
#7399=CARTESIAN_POINT('',(-36.8603193083634,-13.6965675597231,7.42014408111587));
#7400=CARTESIAN_POINT('Ctrl Pts',(-36.3634300231934,-13.0076815712914,7.42014408111587));
#7401=CARTESIAN_POINT('Ctrl Pts',(-36.4545193771012,-13.1981641004044,7.42014408111587));
#7402=CARTESIAN_POINT('Ctrl Pts',(-36.5456087310091,-13.3886466295174,7.42014408111587));
#7403=CARTESIAN_POINT('Ctrl Pts',(-36.6783285140991,-13.5358979332909,7.42014408111587));
#7404=CARTESIAN_POINT('Ctrl Pts',(-36.7325910442293,-13.5961016807782,7.42014408111587));
#7405=CARTESIAN_POINT('Ctrl Pts',(-36.7938124590739,-13.6490789566892,7.42014408111587));
#7406=CARTESIAN_POINT('Ctrl Pts',(-36.8603193083634,-13.6965675597232,7.42014408111587));
#7407=CARTESIAN_POINT('Ctrl Pts',(-36.8603193083638,-13.6965675597234,7.42014408111588));
#7408=CARTESIAN_POINT('Ctrl Pts',(-36.8508093516204,-13.6897770627222,7.4132208941068));
#7409=CARTESIAN_POINT('Ctrl Pts',(-36.8414047729097,-13.682872443349,7.40618884745561));
#7410=CARTESIAN_POINT('Ctrl Pts',(-36.8321090854288,-13.6758471654202,7.39904783685213));
#7411=CARTESIAN_POINT('Ctrl Pts',(-36.8089076976498,-13.6583125615714,7.38122437231706));
#7412=CARTESIAN_POINT('Ctrl Pts',(-36.7871102050142,-13.6405795550975,7.363261686801));
#7413=CARTESIAN_POINT('Ctrl Pts',(-36.7664749262827,-13.6225285183629,7.34504069456771));
#7414=CARTESIAN_POINT('Ctrl Pts',(-36.7470009874587,-13.6054933820968,7.3278451677865));
#7415=CARTESIAN_POINT('Ctrl Pts',(-36.7285619878522,-13.5881751492223,7.31041959080069));
#7416=CARTESIAN_POINT('Ctrl Pts',(-36.7109867385941,-13.5704401054216,7.29266387373877));
#7417=CARTESIAN_POINT('Ctrl Pts',(-36.6997598310417,-13.5591111225854,7.28132168501336));
#7418=CARTESIAN_POINT('Ctrl Pts',(-36.6888860250649,-13.5476113886486,7.26984478141251));
#7419=CARTESIAN_POINT('Ctrl Pts',(-36.6783285140991,-13.5358979332909,7.25820707341601));
#7420=CARTESIAN_POINT('Ctrl Pts',(-36.6625555891531,-13.5183980270331,7.24082033374153));
#7421=CARTESIAN_POINT('Ctrl Pts',(-36.6474865884381,-13.5004232237266,7.22307467270488));
#7422=CARTESIAN_POINT('Ctrl Pts',(-36.6329192347434,-13.4819128299755,7.20488309052115));
#7423=CARTESIAN_POINT('Ctrl Pts',(-36.6166802771568,-13.461278368471,7.18460402421257));
#7424=CARTESIAN_POINT('Ctrl Pts',(-36.6010649623663,-13.4399780736912,7.16377082615531));
#7425=CARTESIAN_POINT('Ctrl Pts',(-36.5858403471425,-13.4178787878129,7.14226297870726));
#7426=CARTESIAN_POINT('Ctrl Pts',(-36.5773627713804,-13.4055731651376,7.13028668876231));
#7427=CARTESIAN_POINT('Ctrl Pts',(-36.5690071272855,-13.3930189840986,7.11810121463542));
#7428=CARTESIAN_POINT('Ctrl Pts',(-36.5607378428132,-13.380188429345,7.10568574850144));
#7429=CARTESIAN_POINT('Ctrl Pts',(-36.5364676344483,-13.3425309707889,7.06924656793792));
#7430=CARTESIAN_POINT('Ctrl Pts',(-36.5135461501671,-13.3034362003265,7.03177574878418));
#7431=CARTESIAN_POINT('Ctrl Pts',(-36.4913995909978,-13.2630919801998,6.99348370786181));
#7432=CARTESIAN_POINT('Ctrl Pts',(-36.4692726188925,-13.2227834416799,6.955225533539));
#7433=CARTESIAN_POINT('Ctrl Pts',(-36.4479231079479,-13.18122360624,6.91614758943024));
#7434=CARTESIAN_POINT('Ctrl Pts',(-36.4267886986334,-13.1385895383915,6.87645973455442));
#7435=CARTESIAN_POINT('Ctrl Pts',(-36.4096941132295,-13.1041049354339,6.84435817852901));
#7436=CARTESIAN_POINT('Ctrl Pts',(-36.3927414273557,-13.068916310408,6.81185759464609));
#7437=CARTESIAN_POINT('Ctrl Pts',(-36.3756103064834,-13.0331409810636,6.77906903660047));
#7438=CARTESIAN_POINT('Ctrl Pts',(-36.3715618484436,-13.0246864893354,6.7713203841672));
#7439=CARTESIAN_POINT('Ctrl Pts',(-36.3675032716633,-13.0161993907398,6.76355564894915));
#7440=CARTESIAN_POINT('Ctrl Pts',(-36.3634300231934,-13.0076815712914,6.75577629664468));
#7441=CARTESIAN_POINT('Ctrl Pts',(-40.0347200036053,0.,7.42014408111587));
#7442=CARTESIAN_POINT('Ctrl Pts',(-40.0347200036053,-50.,7.42014408111587));
#7443=CARTESIAN_POINT('Ctrl Pts',(-41.6598361408015,0.,7.44043967769411));
#7444=CARTESIAN_POINT('Ctrl Pts',(-41.6598361408015,-50.,7.44043967769411));
#7445=CARTESIAN_POINT('Ctrl Pts',(-45.0092145747592,0.,7.48226907802283));
#7446=CARTESIAN_POINT('Ctrl Pts',(-45.0092145747592,-50.,7.48226907802283));
#7447=CARTESIAN_POINT('Ctrl Pts',(-48.3497382383969,0.,7.73007270037274));
#7448=CARTESIAN_POINT('Ctrl Pts',(-48.3497382383969,-50.,7.73007270037274));
#7449=CARTESIAN_POINT('Ctrl Pts',(-50.0694420933727,0.,7.85764217376724));
#7450=CARTESIAN_POINT('Ctrl Pts',(-50.0694420933727,-50.,7.85764217376724));
#7451=CARTESIAN_POINT('Ctrl Pts',(-49.0436237282952,-4.00388962737194,7.78197633326474));
#7452=CARTESIAN_POINT('Ctrl Pts',(-49.0371314238655,-4.00258658853073,7.78150289997516));
#7453=CARTESIAN_POINT('Ctrl Pts',(-49.030641723108,-4.00129555570982,7.78102981176601));
#7454=CARTESIAN_POINT('Ctrl Pts',(-49.0241578932379,-4.00000000000177,7.78055730913797));
#7455=CARTESIAN_POINT('',(-40.0347200036053,-13.6965675597231,7.42014408111587));
#7456=CARTESIAN_POINT('Ctrl Pts',(-40.0347200036053,-13.6965675597231,7.42014408111587));
#7457=CARTESIAN_POINT('Ctrl Pts',(-40.5814232602933,-13.7032625999129,7.42697169699623));
#7458=CARTESIAN_POINT('Ctrl Pts',(-41.1299536252171,-13.7099666135164,7.4338166949886));
#7459=CARTESIAN_POINT('Ctrl Pts',(-41.6798883950767,-13.7185081221866,7.44255461080354));
#7460=CARTESIAN_POINT('Ctrl Pts',(-42.2102886109211,-13.7267462229407,7.45098214200957));
#7461=CARTESIAN_POINT('Ctrl Pts',(-42.7419951610607,-13.7366935958113,7.46117211307771));
#7462=CARTESIAN_POINT('Ctrl Pts',(-43.2746268385204,-13.7499907461329,7.47485298328801));
#7463=CARTESIAN_POINT('',(-40.0347200036053,0.,7.42014408111587));
#7464=CARTESIAN_POINT('Origin',(-27.6284697651867,0.,7.42014408111587));
#7465=CARTESIAN_POINT('Ctrl Pts',(-36.8603193083634,-13.6965675597231,7.42014408111587));
#7466=CARTESIAN_POINT('Ctrl Pts',(-37.918452873444,-13.6965675597231,7.42014408111587));
#7467=CARTESIAN_POINT('Ctrl Pts',(-38.9765864385246,-13.6965675597231,7.42014408111587));
#7468=CARTESIAN_POINT('Ctrl Pts',(-40.0347200036053,-13.6965675597231,7.42014408111587));
#7469=CARTESIAN_POINT('Ctrl Pts',(-50.5794921182752,-0.421867879334109,
6.70094869914831));
#7470=CARTESIAN_POINT('Ctrl Pts',(-0.579492118275198,-0.421867879334334,
6.70094869914831));
#7471=CARTESIAN_POINT('Ctrl Pts',(-50.5794921182752,-1.70568777964481,7.04911826733829));
#7472=CARTESIAN_POINT('Ctrl Pts',(-0.579492118275198,-1.70568777964504,
7.04911826733829));
#7473=CARTESIAN_POINT('Ctrl Pts',(-50.5794921182752,-4.14722824631094,7.71125949897974));
#7474=CARTESIAN_POINT('Ctrl Pts',(-0.579492118275216,-4.14722824631117,
7.71125949897974));
#7475=CARTESIAN_POINT('Ctrl Pts',(-50.5794921182752,-6.42650677543974,8.80704668623423));
#7476=CARTESIAN_POINT('Ctrl Pts',(-0.579492118275224,-6.42650677543997,
8.80704668623423));
#7477=CARTESIAN_POINT('Ctrl Pts',(-50.5794921182752,-7.50728658050599,9.32664297405065));
#7478=CARTESIAN_POINT('Ctrl Pts',(-0.579492118275224,-7.50728658050621,
9.32664297405065));
#7479=CARTESIAN_POINT('Ctrl Pts',(-50.5794921182752,-10.8636193594366,4.97742555919469));
#7480=CARTESIAN_POINT('Ctrl Pts',(-0.579492118275242,-10.8636193594369,
4.97742555919469));
#7481=CARTESIAN_POINT('Ctrl Pts',(-50.5794921182752,-9.86293131344239,4.31740384235975));
#7482=CARTESIAN_POINT('Ctrl Pts',(-0.579492118275242,-9.86293131344262,
4.31740384235975));
#7483=CARTESIAN_POINT('Ctrl Pts',(-50.5794921182752,-7.66033214653004,2.86464012697002));
#7484=CARTESIAN_POINT('Ctrl Pts',(-0.579492118275224,-7.66033214653026,
2.86464012697002));
#7485=CARTESIAN_POINT('Ctrl Pts',(-50.5794921182752,-5.27357748208394,1.73785868540582));
#7486=CARTESIAN_POINT('Ctrl Pts',(-0.579492118275216,-5.27357748208416,
1.73785868540582));
#7487=CARTESIAN_POINT('Ctrl Pts',(-50.5794921182752,-3.97117665618957,1.12299822154821));
#7488=CARTESIAN_POINT('Ctrl Pts',(-0.579492118275216,-3.9711766561898,1.12299822154821));
#7489=CARTESIAN_POINT('',(-50.5794921182752,-10.8636193594366,4.97742555919469));
#7490=CARTESIAN_POINT('Ctrl Pts',(-50.5794921182753,-15.7868008932501,9.81483839336217));
#7491=CARTESIAN_POINT('Ctrl Pts',(-0.579492118275269,-15.7868008932504,
9.81483839336217));
#7492=CARTESIAN_POINT('Ctrl Pts',(-50.5794921182753,-15.0257270832748,8.89044714211536));
#7493=CARTESIAN_POINT('Ctrl Pts',(-0.57949211827526,-15.025727083275,8.89044714211536));
#7494=CARTESIAN_POINT('Ctrl Pts',(-50.5794921182753,-13.5548385250283,7.10392328992002));
#7495=CARTESIAN_POINT('Ctrl Pts',(-0.579492118275251,-13.5548385250285,
7.10392328992002));
#7496=CARTESIAN_POINT('Ctrl Pts',(-50.5794921182752,-11.7396060417412,5.66959649639769));
#7497=CARTESIAN_POINT('Ctrl Pts',(-0.579492118275242,-11.7396060417414,
5.66959649639769));
#7498=CARTESIAN_POINT('Ctrl Pts',(-50.5794921182752,-10.8636193594366,4.97742555919469));
#7499=CARTESIAN_POINT('Ctrl Pts',(-0.579492118275242,-10.8636193594369,
4.97742555919469));
#7500=CARTESIAN_POINT('Origin',(-50.0694420933727,0.,7.85764217376724));
#7501=CARTESIAN_POINT('Ctrl Pts',(-30.4988718032837,-35.8428957093224,52.8343017470375));
#7502=CARTESIAN_POINT('Ctrl Pts',(-30.4988718032837,-35.8428957093224,2.83430174703749));
#7503=CARTESIAN_POINT('Ctrl Pts',(-33.4241280578763,-32.4958373897894,52.8343017470375));
#7504=CARTESIAN_POINT('Ctrl Pts',(-33.4241280578763,-32.4958373897894,2.83430174703749));
#7505=CARTESIAN_POINT('Ctrl Pts',(-39.1477344884074,-25.9469258231654,52.8343017470375));
#7506=CARTESIAN_POINT('Ctrl Pts',(-39.1477344884074,-25.9469258231654,2.8343017470375));
#7507=CARTESIAN_POINT('Ctrl Pts',(-47.3112336099054,-22.9691849691774,52.8343017470375));
#7508=CARTESIAN_POINT('Ctrl Pts',(-47.3112336099054,-22.9691849691774,2.8343017470375));
#7509=CARTESIAN_POINT('Ctrl Pts',(-51.3024809956551,-21.5133263695702,52.8343017470375));
#7510=CARTESIAN_POINT('Ctrl Pts',(-51.3024809956551,-21.5133263695702,2.8343017470375));
#7511=CARTESIAN_POINT('',(-43.2685528549289,-24.7891740224422,2.8343017470375));
#7512=CARTESIAN_POINT('Ctrl Pts',(-46.0000000001133,-23.5428444968373,3.55488098642172));
#7513=CARTESIAN_POINT('Ctrl Pts',(-45.0761315810212,-23.9306877692779,3.32408160304859));
#7514=CARTESIAN_POINT('Ctrl Pts',(-44.1663150296784,-24.3402094137929,3.0848787522935));
#7515=CARTESIAN_POINT('Ctrl Pts',(-43.2685528549289,-24.7891740224422,2.83430174703751));
#7516=CARTESIAN_POINT('',(-35.6529662078346,-30.2592895288671,2.8343017470375));
#7517=CARTESIAN_POINT('Ctrl Pts',(-35.6529662078346,-30.2592895288671,2.8343017470375));
#7518=CARTESIAN_POINT('Ctrl Pts',(-36.9896965910778,-28.962985292101,2.8343017470375));
#7519=CARTESIAN_POINT('Ctrl Pts',(-39.3790622405369,-26.9212893595348,2.8343017470375));
#7520=CARTESIAN_POINT('Ctrl Pts',(-42.1044085295819,-25.3713544886515,2.8343017470375));
#7521=CARTESIAN_POINT('Ctrl Pts',(-43.2685528549289,-24.7891740224422,2.8343017470375));
#7522=CARTESIAN_POINT('',(-33.259309912687,-32.7350645384223,5.87959669414341));
#7523=CARTESIAN_POINT('Ctrl Pts',(-35.6529662078346,-30.2592895288671,2.8343017470375));
#7524=CARTESIAN_POINT('Ctrl Pts',(-34.848616280709,-31.03931385647,4.10924162157513));
#7525=CARTESIAN_POINT('Ctrl Pts',(-34.1830445399844,-31.7282691138623,4.81407953967997));
#7526=CARTESIAN_POINT('Ctrl Pts',(-33.2593099126869,-32.7350645384223,5.87959669414341));
#7527=CARTESIAN_POINT('',(-38.4032541667359,-27.8385632553955,7.42014408111587));
#7528=CARTESIAN_POINT('Ctrl Pts',(-33.2593099126869,-32.7350645384223,5.87959669414341));
#7529=CARTESIAN_POINT('Ctrl Pts',(-33.4878053244189,-32.4860231706242,5.94255730739949));
#7530=CARTESIAN_POINT('Ctrl Pts',(-33.7185841953473,-32.2374628718552,6.00539966677551));
#7531=CARTESIAN_POINT('Ctrl Pts',(-33.9516232403735,-31.9902319134087,6.06892373526126));
#7532=CARTESIAN_POINT('Ctrl Pts',(-34.1601774876304,-31.7689768596403,6.12577349742988));
#7533=CARTESIAN_POINT('Ctrl Pts',(-34.3705419183258,-31.5487868116474,6.18317013644294));
#7534=CARTESIAN_POINT('Ctrl Pts',(-34.5826998427369,-31.3302551727743,6.2416476686612));
#7535=CARTESIAN_POINT('Ctrl Pts',(-34.7772822948122,-31.1298270140524,6.29528083669832));
#7536=CARTESIAN_POINT('Ctrl Pts',(-34.9733733975481,-30.930793999289,6.34982356382962));
#7537=CARTESIAN_POINT('Ctrl Pts',(-35.1709602749031,-30.7335980699827,6.40564506489545));
#7538=CARTESIAN_POINT('Ctrl Pts',(-35.2118408986868,-30.6927983331502,6.41719450489196));
#7539=CARTESIAN_POINT('Ctrl Pts',(-35.2527855526901,-30.652077175627,6.4287985199609));
#7540=CARTESIAN_POINT('Ctrl Pts',(-35.2937941228723,-30.6114384108795,6.44046010859371));
#7541=CARTESIAN_POINT('Ctrl Pts',(-35.376816718482,-30.5291644930931,6.46406920671463));
#7542=CARTESIAN_POINT('Ctrl Pts',(-35.4680912977265,-30.4389967470311,6.49027178359113));
#7543=CARTESIAN_POINT('Ctrl Pts',(-35.567256301046,-30.3418959555494,6.51905279800102));
#7544=CARTESIAN_POINT('Ctrl Pts',(-35.6712446721712,-30.2400721991521,6.54923371574043));
#7545=CARTESIAN_POINT('Ctrl Pts',(-35.7839097123855,-30.1306245160019,6.5822499069055));
#7546=CARTESIAN_POINT('Ctrl Pts',(-35.904834495781,-30.0146815930907,6.61814004388109));
#7547=CARTESIAN_POINT('Ctrl Pts',(-36.0336171558525,-29.8912045223886,6.65636237664251));
#7548=CARTESIAN_POINT('Ctrl Pts',(-36.1717678980781,-29.7603608049705,6.697844731515));
#7549=CARTESIAN_POINT('Ctrl Pts',(-36.3187831231746,-29.6235361082312,6.7426940533578));
#7550=CARTESIAN_POINT('Ctrl Pts',(-36.5068875675107,-29.4484703384465,6.80007829202119));
#7551=CARTESIAN_POINT('Ctrl Pts',(-36.7095039992324,-29.2636136719488,6.86297598782897));
#7552=CARTESIAN_POINT('Ctrl Pts',(-36.9255775571026,-29.0719016653767,6.93170032810586));
#7553=CARTESIAN_POINT('Ctrl Pts',(-36.9910251055576,-29.0138331031554,6.9525165706607));
#7554=CARTESIAN_POINT('Ctrl Pts',(-37.0577072812222,-28.9551357231907,6.97386772260852));
#7555=CARTESIAN_POINT('Ctrl Pts',(-37.125594770398,-28.8958912214667,6.99576280895054));
#7556=CARTESIAN_POINT('Ctrl Pts',(-37.2522327886662,-28.7853759205962,7.03660612747401));
#7557=CARTESIAN_POINT('Ctrl Pts',(-37.3830650031421,-28.6729582827765,7.07934628361529));
#7558=CARTESIAN_POINT('Ctrl Pts',(-37.5179011335851,-28.5590912449125,7.12383327946376));
#7559=CARTESIAN_POINT('Ctrl Pts',(-37.6571937595757,-28.4414607651166,7.16979062378837));
#7560=CARTESIAN_POINT('Ctrl Pts',(-37.8007593437707,-28.322283497386,7.21761219770379));
#7561=CARTESIAN_POINT('Ctrl Pts',(-37.9483881085145,-28.2020388287916,7.26707881833774));
#7562=CARTESIAN_POINT('Ctrl Pts',(-38.0960168732582,-28.0817941601971,7.3165454389717));
#7563=CARTESIAN_POINT('Ctrl Pts',(-38.2477088185507,-27.9604819271641,7.36765666532092));
#7564=CARTESIAN_POINT('Ctrl Pts',(-38.4032541667359,-27.8385632553613,7.42014408113057));
#7565=CARTESIAN_POINT('',(-40.0347200036053,-26.6518904736327,7.42014408111587));
#7566=CARTESIAN_POINT('Ctrl Pts',(-38.4032541667359,-27.8385632553955,7.42014408111588));
#7567=CARTESIAN_POINT('Ctrl Pts',(-38.8940954200884,-27.4529024410346,7.42014408111588));
#7568=CARTESIAN_POINT('Ctrl Pts',(-39.3963542524901,-27.0839530681484,7.42014408111588));
#7569=CARTESIAN_POINT('Ctrl Pts',(-39.9119627475738,-26.7345430481896,7.42014408111588));
#7570=CARTESIAN_POINT('Ctrl Pts',(-39.9527984318211,-26.7068701192446,7.42014408111588));
#7571=CARTESIAN_POINT('Ctrl Pts',(-39.9937178516107,-26.6793197505737,7.42014408111588));
#7572=CARTESIAN_POINT('Ctrl Pts',(-40.0347200036052,-26.6518904736328,7.42014408111588));
#7573=CARTESIAN_POINT('',(-50.0694420933727,-21.9642594433405,7.85764217376724));
#7574=CARTESIAN_POINT('Ctrl Pts',(-40.0347200036053,-26.6518904736328,7.42014408111588));
#7575=CARTESIAN_POINT('Ctrl Pts',(-40.3787851378801,-26.4217206558383,7.42444100919508));
#7576=CARTESIAN_POINT('Ctrl Pts',(-40.728514760619,-26.2001908612072,7.42872147979251));
#7577=CARTESIAN_POINT('Ctrl Pts',(-41.0830009419963,-25.9865746284042,7.43357494868264));
#7578=CARTESIAN_POINT('Ctrl Pts',(-41.4921706657923,-25.7400056517666,7.4391771205854));
#7579=CARTESIAN_POINT('Ctrl Pts',(-41.9076774570558,-25.5039797921071,7.44554270924706));
#7580=CARTESIAN_POINT('Ctrl Pts',(-42.3280843819079,-25.2773203249434,7.45357820623604));
#7581=CARTESIAN_POINT('Ctrl Pts',(-42.8688617623382,-24.9857639645298,7.46391441802343));
#7582=CARTESIAN_POINT('Ctrl Pts',(-43.4177457273622,-24.7097035511219,7.4770136874442));
#7583=CARTESIAN_POINT('Ctrl Pts',(-43.9716230602866,-24.4465542345242,7.49480535881014));
#7584=CARTESIAN_POINT('Ctrl Pts',(-44.2683823247032,-24.3055627315628,7.50433787258792));
#7585=CARTESIAN_POINT('Ctrl Pts',(-44.5665743081261,-24.1682765291293,7.51521741427303));
#7586=CARTESIAN_POINT('Ctrl Pts',(-44.8657194115964,-24.0342969374838,7.52774072777894));
#7587=CARTESIAN_POINT('Ctrl Pts',(-45.167804999774,-23.899000376462,7.54038714078212));
#7588=CARTESIAN_POINT('Ctrl Pts',(-45.4724634914931,-23.7663642777684,7.55492446355309));
#7589=CARTESIAN_POINT('Ctrl Pts',(-45.7788324904534,-23.6362339257933,7.57099094225718));
#7590=CARTESIAN_POINT('Ctrl Pts',(-46.1233508609637,-23.4898996133514,7.58905803482124));
#7591=CARTESIAN_POINT('Ctrl Pts',(-46.4700318425246,-23.346733341527,7.60905881763737));
#7592=CARTESIAN_POINT('Ctrl Pts',(-46.8176102360525,-23.2064582212972,7.63047887307573));
#7593=CARTESIAN_POINT('Ctrl Pts',(-47.3339001854217,-22.9980947669809,7.66229603876749));
#7594=CARTESIAN_POINT('Ctrl Pts',(-47.8521686681819,-22.7961081104478,7.69724466990247));
#7595=CARTESIAN_POINT('Ctrl Pts',(-48.3681926993083,-22.5994788402838,7.73363884035243));
#7596=CARTESIAN_POINT('Ctrl Pts',(-48.7377443723752,-22.4586623833363,7.75970260050388));
#7597=CARTESIAN_POINT('Ctrl Pts',(-49.1061424358989,-22.3205899460646,7.78650773985857));
#7598=CARTESIAN_POINT('Ctrl Pts',(-49.4718437539312,-22.1848987361622,7.81343502515152));
#7599=CARTESIAN_POINT('Ctrl Pts',(-49.6719330852867,-22.1106568285686,7.8281679841096));
#7600=CARTESIAN_POINT('Ctrl Pts',(-49.8712154454151,-22.0371282476461,7.8429375087637));
#7601=CARTESIAN_POINT('Ctrl Pts',(-50.0694420933727,-21.9642594433405,7.85764217376724));
#7602=CARTESIAN_POINT('',(-50.0694420933727,-21.9642594433405,4.51293389817232));
#7603=CARTESIAN_POINT('Ctrl Pts',(-50.0694420933727,-21.9642594433405,7.85764217376724));
#7604=CARTESIAN_POINT('Ctrl Pts',(-50.0694420933727,-21.9642594433405,6.7427394152356));
#7605=CARTESIAN_POINT('Ctrl Pts',(-50.0694420933727,-21.9642594433405,5.62783665670396));
#7606=CARTESIAN_POINT('Ctrl Pts',(-50.0694420933727,-21.9642594433405,4.51293389817232));
#7607=CARTESIAN_POINT('Ctrl Pts',(-50.0694420933727,-21.9642594433405,4.51293389817232));
#7608=CARTESIAN_POINT('Ctrl Pts',(-49.3151437614607,-22.2415421301157,4.34293478943892));
#7609=CARTESIAN_POINT('Ctrl Pts',(-48.5714610036267,-22.5188979821539,4.17293548798282));
#7610=CARTESIAN_POINT('Ctrl Pts',(-47.837313229335,-22.8034583444529,4.00000000000005));
#7611=CARTESIAN_POINT('Ctrl Pts',(-50.5794921182753,-29.1098909696967,0.707372649343603));
#7612=CARTESIAN_POINT('Ctrl Pts',(-0.579492118275322,-29.1098909696969,
0.707372649343603));
#7613=CARTESIAN_POINT('Ctrl Pts',(-50.5794921182753,-27.8460918457248,1.28753893701213));
#7614=CARTESIAN_POINT('Ctrl Pts',(-0.579492118275322,-27.846091845725,1.28753893701213));
#7615=CARTESIAN_POINT('Ctrl Pts',(-50.5794921182753,-25.374163770621,2.42231526935317));
#7616=CARTESIAN_POINT('Ctrl Pts',(-0.579492118275304,-25.3741637706212,
2.42231526935317));
#7617=CARTESIAN_POINT('Ctrl Pts',(-50.5794921182753,-23.0554577950613,3.84391806025159));
#7618=CARTESIAN_POINT('Ctrl Pts',(-0.579492118275295,-23.0554577950615,
3.84391806025159));
#7619=CARTESIAN_POINT('Ctrl Pts',(-50.5794921182753,-21.9222145399481,4.5387115317899));
#7620=CARTESIAN_POINT('Ctrl Pts',(-0.579492118275295,-21.9222145399484,
4.5387115317899));
#7621=CARTESIAN_POINT('',(-7.20280123431117,-24.7891740224424,2.8343017470375));
#7622=CARTESIAN_POINT('Ctrl Pts',(-7.20280123431117,-24.7891740224424,2.8343017470375));
#7623=CARTESIAN_POINT('Ctrl Pts',(-6.14992746377,-24.2046766653941,3.16052255484193));
#7624=CARTESIAN_POINT('Ctrl Pts',(-5.08566706864384,-23.6649218724733,3.47980291473864));
#7625=CARTESIAN_POINT('Ctrl Pts',(-3.9999999999732,-23.14193710024,3.79508022554576));
#7626=CARTESIAN_POINT('',(-15.9789791563892,-24.7891740224423,2.8343017470375));
#7627=CARTESIAN_POINT('Ctrl Pts',(-15.9789791563892,-24.7891740224423,2.8343017470375));
#7628=CARTESIAN_POINT('Ctrl Pts',(-13.0535865156965,-24.7891740224423,2.8343017470375));
#7629=CARTESIAN_POINT('Ctrl Pts',(-10.1281938750038,-24.7891740224424,2.8343017470375));
#7630=CARTESIAN_POINT('Ctrl Pts',(-7.20280123431117,-24.7891740224424,2.8343017470375));
#7631=CARTESIAN_POINT('',(-12.4721762607389,-21.9222145399483,4.5387115317899));
#7632=CARTESIAN_POINT('Ctrl Pts',(-12.4721762607389,-21.9222145399483,4.5387115317899));
#7633=CARTESIAN_POINT('Ctrl Pts',(-13.7084568507703,-22.8522877190793,3.96848199810647));
#7634=CARTESIAN_POINT('Ctrl Pts',(-14.8277237099672,-23.7622324265256,3.40746039856633));
#7635=CARTESIAN_POINT('Ctrl Pts',(-15.9789791563892,-24.7891740224423,2.8343017470375));
#7636=CARTESIAN_POINT('',(-1.38119977213194,-21.9222145399483,4.5387115317899));
#7637=CARTESIAN_POINT('',(-50.5794921182753,-21.9222145399481,4.5387115317899));
#7638=CARTESIAN_POINT('Ctrl Pts',(-3.28967201921524,-22.8034583473109,3.99999999826331));
#7639=CARTESIAN_POINT('Ctrl Pts',(-2.83013542560079,-22.5867305048072,4.13171171980413));
#7640=CARTESIAN_POINT('Ctrl Pts',(-2.36641515951159,-22.3720709466515,4.26301645974535));
#7641=CARTESIAN_POINT('Ctrl Pts',(-1.89774316505431,-22.1576312734409,4.39440730477166));
#7642=CARTESIAN_POINT('Ctrl Pts',(-1.72623767353718,-22.0791593741388,4.44248837580554));
#7643=CARTESIAN_POINT('Ctrl Pts',(-1.55406908837156,-22.000717163242,4.49058143269869));
#7644=CARTESIAN_POINT('Ctrl Pts',(-1.38119977213193,-21.9222145399484,4.5387115317899));
#7645=CARTESIAN_POINT('Origin',(-21.9374993443491,0.,41.1701416969301));
#7646=CARTESIAN_POINT('',(-21.9374993443491,-48.2616268715294,41.1701416969301));
#7647=CARTESIAN_POINT('',(-36.2584957313123,-48.2616268715293,41.1701416969301));
#7648=CARTESIAN_POINT('',(-21.9374993443491,0.,41.1701416969301));
#7649=CARTESIAN_POINT('Ctrl Pts',(-33.7152758240702,0.,28.5520863533022));
#7650=CARTESIAN_POINT('Ctrl Pts',(-33.7152758240702,-50.,28.5520863533022));
#7651=CARTESIAN_POINT('Ctrl Pts',(-35.2856934180588,0.,28.5733218198147));
#7652=CARTESIAN_POINT('Ctrl Pts',(-35.2856934180588,-50.,28.5733218198147));
#7653=CARTESIAN_POINT('Ctrl Pts',(-38.5622099157303,0.,28.6176274596843));
#7654=CARTESIAN_POINT('Ctrl Pts',(-38.5622099157303,-50.,28.6176274596843));
#7655=CARTESIAN_POINT('Ctrl Pts',(-41.8297994640971,0.,28.8645068454146));
#7656=CARTESIAN_POINT('Ctrl Pts',(-41.8297994640971,-50.,28.8645068454146));
#7657=CARTESIAN_POINT('Ctrl Pts',(-43.5312500596049,0.,28.993058204651));
#7658=CARTESIAN_POINT('Ctrl Pts',(-43.5312500596049,-50.,28.993058204651));
#7659=CARTESIAN_POINT('',(-43.5312500596049,-35.7596093954454,28.993058204651));
#7660=CARTESIAN_POINT('',(-41.1444675922394,-35.8428957093224,28.818359678889));
#7661=CARTESIAN_POINT('Ctrl Pts',(-43.5312500596049,-35.7596093954454,28.993058204651));
#7662=CARTESIAN_POINT('Ctrl Pts',(-42.7370497984409,-35.8064178911596,28.9330532163498));
#7663=CARTESIAN_POINT('Ctrl Pts',(-41.9407866353685,-35.8246564889003,28.8728884041672));
#7664=CARTESIAN_POINT('Ctrl Pts',(-41.1444675922394,-35.8428957093224,28.818359678889));
#7665=CARTESIAN_POINT('',(-43.5312500596049,-38.1183963140876,28.993058204651));
#7666=CARTESIAN_POINT('',(-43.5312500596049,0.,28.993058204651));
#7667=CARTESIAN_POINT('',(-33.7152758240702,-38.1183963140876,28.5520863533022));
#7668=CARTESIAN_POINT('Ctrl Pts',(-33.7152758240702,-38.1183963140876,28.5520863533022));
#7669=CARTESIAN_POINT('Ctrl Pts',(-35.2856934180588,-38.1183963140876,28.5733218198147));
#7670=CARTESIAN_POINT('Ctrl Pts',(-36.8561110120474,-38.1183963140876,28.5945572863272));
#7671=CARTESIAN_POINT('Ctrl Pts',(-38.4244778752329,-38.1183963140876,28.6623287200929));
#7672=CARTESIAN_POINT('Ctrl Pts',(-40.1283488685892,-38.1183963140876,28.7359554861781));
#7673=CARTESIAN_POINT('Ctrl Pts',(-41.8297994640971,-38.1183963140876,28.8645068454146));
#7674=CARTESIAN_POINT('Ctrl Pts',(-43.5312500596049,-38.1183963140876,28.993058204651));
#7675=CARTESIAN_POINT('',(-33.7152758240702,-35.8428957093224,28.5520863533022));
#7676=CARTESIAN_POINT('',(-33.7152758240702,0.,28.5520863533022));
#7677=CARTESIAN_POINT('Ctrl Pts',(-41.1444675922394,-35.8428957093224,28.818359678889));
#7678=CARTESIAN_POINT('Ctrl Pts',(-40.2382469697815,-35.8428957093224,28.7563053354826));
#7679=CARTESIAN_POINT('Ctrl Pts',(-39.3317055186954,-35.8428957093224,28.7015313579403));
#7680=CARTESIAN_POINT('Ctrl Pts',(-38.4244778752329,-35.8428957093224,28.6623287200929));
#7681=CARTESIAN_POINT('Ctrl Pts',(-36.8561110120474,-35.8428957093224,28.5945572863272));
#7682=CARTESIAN_POINT('Ctrl Pts',(-35.2856934180588,-35.8428957093224,28.5733218198147));
#7683=CARTESIAN_POINT('Ctrl Pts',(-33.7152758240702,-35.8428957093224,28.5520863533022));
#7684=CARTESIAN_POINT('Origin',(-27.6284697651866,0.,28.5520863533022));
#7685=CARTESIAN_POINT('',(-31.9516732593775,-26.9163136801155,28.5520863533022));
#7686=CARTESIAN_POINT('',(-27.8171563148498,-30.885784827517,28.5520863533022));
#7687=CARTESIAN_POINT('Ctrl Pts',(-31.9516732593775,-26.9163136801155,28.5520863533022));
#7688=CARTESIAN_POINT('Ctrl Pts',(-30.5479820857083,-28.2056042593694,28.5520863533022));
#7689=CARTESIAN_POINT('Ctrl Pts',(-29.182569200279,-29.5456945434433,28.5520863533022));
#7690=CARTESIAN_POINT('Ctrl Pts',(-27.8171563148498,-30.885784827517,28.5520863533022));
#7691=CARTESIAN_POINT('',(-33.7152758240702,-26.9163136801154,28.5520863533022));
#7692=CARTESIAN_POINT('',(-39.103980941731,-26.9163136801154,28.5520863533022));
#7693=CARTESIAN_POINT('',(-33.7152758240702,-32.2422300939432,28.5520863533022));
#7694=CARTESIAN_POINT('',(-33.7152758240702,0.,28.5520863533022));
#7695=CARTESIAN_POINT('',(-30.4988718032837,-35.8428957093224,28.5520863533022));
#7696=CARTESIAN_POINT('Ctrl Pts',(-30.4988718032837,-35.8428957093224,28.5520863533022));
#7697=CARTESIAN_POINT('Ctrl Pts',(-31.5608420458909,-34.627796577397,28.5520863533022));
#7698=CARTESIAN_POINT('Ctrl Pts',(-32.6228122884975,-33.4126974454723,28.5520863533022));
#7699=CARTESIAN_POINT('Ctrl Pts',(-33.7152758240702,-32.2422300939432,28.5520863533022));
#7700=CARTESIAN_POINT('',(-34.386468678713,-35.8428957093224,28.5520863533022));
#7701=CARTESIAN_POINT('',(-27.6284697651866,-38.1183963140876,28.5520863533022));
#7702=CARTESIAN_POINT('',(-39.103980941731,-38.1183963140876,28.5520863533022));
#7703=CARTESIAN_POINT('',(-27.6284697651866,-26.9163136801155,28.5520863533022));
#7704=CARTESIAN_POINT('',(-27.6284697651866,0.,28.5520863533022));
#7705=CARTESIAN_POINT('',(-27.8171563148498,-26.9163136801155,28.5520863533022));
#7706=CARTESIAN_POINT('',(-39.103980941731,-26.9163136801154,28.5520863533022));
#7707=CARTESIAN_POINT('',(-27.8171563148498,-15.4428924137585,28.5520863533022));
#7708=CARTESIAN_POINT('Origin',(-27.6284697651865,0.,41.1701416969301));
#7709=CARTESIAN_POINT('',(-27.6284697651865,-47.0180504640968,33.2250823813993));
#7710=CARTESIAN_POINT('',(-27.6284697651866,-46.832637020956,28.5520863533022));
#7711=CARTESIAN_POINT('Ctrl Pts',(-27.6284697651865,-47.0180504640968,33.2250823813993));
#7712=CARTESIAN_POINT('Ctrl Pts',(-27.6284697651865,-46.9575045034613,32.0944633991848));
#7713=CARTESIAN_POINT('Ctrl Pts',(-27.6284697651865,-46.8969585428257,30.9638444169703));
#7714=CARTESIAN_POINT('Ctrl Pts',(-27.6284697651865,-46.8621911725433,29.8324599105435));
#7715=CARTESIAN_POINT('Ctrl Pts',(-27.6284697651865,-46.849078883695,29.4057655610348));
#7716=CARTESIAN_POINT('Ctrl Pts',(-27.6284697651865,-46.8396332704978,28.9789623254717));
#7717=CARTESIAN_POINT('Ctrl Pts',(-27.6284697651865,-46.832637020956,28.5520863533022));
#7718=CARTESIAN_POINT('',(-27.6284697651865,-41.4038150629432,33.2250823813993));
#7719=CARTESIAN_POINT('',(-27.6284697651865,-20.7019075314716,33.2250823813993));
#7720=CARTESIAN_POINT('',(-27.6284697651866,-41.5908496001394,28.5520863533022));
#7721=CARTESIAN_POINT('Ctrl Pts',(-27.6284697651866,-41.5908496001394,28.5520863533022));
#7722=CARTESIAN_POINT('Ctrl Pts',(-27.6284697651866,-41.5837040993057,29.0015159563563));
#7723=CARTESIAN_POINT('Ctrl Pts',(-27.6284697651866,-41.5737947181669,29.4508625138995));
#7724=CARTESIAN_POINT('Ctrl Pts',(-27.6284697651866,-41.5596752485664,29.9000825721341));
#7725=CARTESIAN_POINT('Ctrl Pts',(-27.6284697651866,-41.5248229914796,31.008929674833));
#7726=CARTESIAN_POINT('Ctrl Pts',(-27.6284697651866,-41.4643190272114,32.1170060281161));
#7727=CARTESIAN_POINT('Ctrl Pts',(-27.6284697651866,-41.4038150629432,33.2250823813993));
#7728=CARTESIAN_POINT('',(-27.6284697651866,0.,28.5520863533022));
#7729=CARTESIAN_POINT('Origin',(-33.7152758240702,0.,23.3020853996278));
#7730=CARTESIAN_POINT('',(-27.8171563148498,-41.6116278490455,23.3020853996278));
#7731=CARTESIAN_POINT('',(-27.8171563148498,-44.5923282731041,23.3020853996278));
#7732=CARTESIAN_POINT('',(-27.8171563148498,-22.2961641365521,23.3020853996278));
#7733=CARTESIAN_POINT('',(-27.6284697651866,-41.6116278490455,23.3020853996278));
#7734=CARTESIAN_POINT('',(-42.1473839711729,-41.6116278490455,23.3020853996278));
#7735=CARTESIAN_POINT('',(-27.6284697651866,-46.810238274041,23.3020853996278));
#7736=CARTESIAN_POINT('',(-27.6284697651866,0.,23.3020853996278));
#7737=CARTESIAN_POINT('',(-27.9146095003149,-46.8102382740409,23.3020853996278));
#7738=CARTESIAN_POINT('',(-42.1473839711729,-46.8102382740409,23.3020853996278));
#7739=CARTESIAN_POINT('Ctrl Pts',(-27.8171563148498,-44.5923282731041,23.3020853996278));
#7740=CARTESIAN_POINT('Ctrl Pts',(-27.8435004934216,-45.3320922596255,23.3020853996278));
#7741=CARTESIAN_POINT('Ctrl Pts',(-27.8698446719933,-46.071856246147,23.3020853996278));
#7742=CARTESIAN_POINT('Ctrl Pts',(-27.9146095003149,-46.8102382740409,23.3020853996278));
#7743=CARTESIAN_POINT('Origin',(-33.7152758240702,0.,23.3020853996278));
#7744=CARTESIAN_POINT('',(-28.0838135844405,-17.1029253167362,23.3020853996278));
#7745=CARTESIAN_POINT('',(-27.8171563148498,-21.5133263695702,23.3020853996278));
#7746=CARTESIAN_POINT('Ctrl Pts',(-28.0838135844405,-17.1029253167362,23.3020853996278));
#7747=CARTESIAN_POINT('Ctrl Pts',(-28.0250053872866,-17.7395402023527,23.3020853996278));
#7748=CARTESIAN_POINT('Ctrl Pts',(-27.9724567848998,-18.3765786248637,23.3020853996278));
#7749=CARTESIAN_POINT('Ctrl Pts',(-27.9322791099548,-19.0144540894493,23.3020853996278));
#7750=CARTESIAN_POINT('Ctrl Pts',(-27.8798736628458,-19.8464621378814,23.3020853996278));
#7751=CARTESIAN_POINT('Ctrl Pts',(-27.8485149888478,-20.6798942537258,23.3020853996278));
#7752=CARTESIAN_POINT('Ctrl Pts',(-27.8171563148498,-21.5133263695702,23.3020853996278));
#7753=CARTESIAN_POINT('',(-27.6284697651866,-17.1029253167362,23.3020853996278));
#7754=CARTESIAN_POINT('Ctrl Pts',(-27.6284697651866,-17.1029253167362,23.3020853996278));
#7755=CARTESIAN_POINT('Ctrl Pts',(-27.7802510382712,-17.1029253167362,23.3020853996278));
#7756=CARTESIAN_POINT('Ctrl Pts',(-27.9320323113558,-17.1029253167362,23.3020853996278));
#7757=CARTESIAN_POINT('Ctrl Pts',(-28.0838135844405,-17.1029253167362,23.3020853996278));
#7758=CARTESIAN_POINT('',(-27.6284697651866,-22.3624022008597,23.3020853996278));
#7759=CARTESIAN_POINT('',(-27.6284697651866,0.,23.3020853996278));
#7760=CARTESIAN_POINT('',(-27.8171563148498,-22.3624022008597,23.3020853996278));
#7761=CARTESIAN_POINT('Ctrl Pts',(-27.8171563148498,-22.3624022008597,23.3020853996278));
#7762=CARTESIAN_POINT('Ctrl Pts',(-27.7542607982954,-22.3624022008597,23.3020853996278));
#7763=CARTESIAN_POINT('Ctrl Pts',(-27.691365281741,-22.3624022008597,23.3020853996278));
#7764=CARTESIAN_POINT('Ctrl Pts',(-27.6284697651866,-22.3624022008597,23.3020853996278));
#7765=CARTESIAN_POINT('',(-27.8171563148498,-15.4428924137585,23.3020853996278));
#7766=CARTESIAN_POINT('Origin',(-27.6284697651866,0.,23.3020853996278));
#7767=CARTESIAN_POINT('',(-27.6284697651866,-46.8102382740409,11.7940034705716));
#7768=CARTESIAN_POINT('',(-27.6284697651867,-50.,11.2799760536172));
#7769=CARTESIAN_POINT('Ctrl Pts',(-27.6284697651866,-46.8102382740409,11.7940034705716));
#7770=CARTESIAN_POINT('Ctrl Pts',(-27.6284697651867,-47.4356982644152,11.7195637870418));
#7771=CARTESIAN_POINT('Ctrl Pts',(-27.6284697651867,-48.0611582547894,11.645124103512));
#7772=CARTESIAN_POINT('Ctrl Pts',(-27.6284697651867,-48.6813749989898,11.5408363181668));
#7773=CARTESIAN_POINT('Ctrl Pts',(-27.6284697651867,-49.1231425762425,11.4665542825724));
#7774=CARTESIAN_POINT('Ctrl Pts',(-27.6284697651867,-49.5622500351899,11.3771290552627));
#7775=CARTESIAN_POINT('Ctrl Pts',(-27.6284697651867,-50.0000000000001,11.2799760536172));
#7776=CARTESIAN_POINT('',(-27.6284697651866,-46.810238274041,24.6384103217879));
#7777=CARTESIAN_POINT('',(-27.6284697651866,-41.6116278490455,12.9452195006925));
#7778=CARTESIAN_POINT('',(-27.6284697651866,-41.6116278490455,18.1236524501601));
#7779=CARTESIAN_POINT('',(-27.6284697651866,-38.1183963140876,13.64782474819));
#7780=CARTESIAN_POINT('',(-27.6284697651866,-18.8671049326398,17.5199008503179));
#7781=CARTESIAN_POINT('',(-27.6284697651866,-38.1183963140876,23.3020853996278));
#7782=CARTESIAN_POINT('',(-27.6284697651865,-38.1183963140876,32.0833761611739));
#7783=CARTESIAN_POINT('',(-27.6284697651866,-32.9197888693245,23.3020853996278));
#7784=CARTESIAN_POINT('',(-27.6284697651866,0.,23.3020853996278));
#7785=CARTESIAN_POINT('',(-27.6284697651866,-32.9197888693244,14.8089351493436));
#7786=CARTESIAN_POINT('',(-27.6284697651866,-32.9197888693245,19.0555102744856));
#7787=CARTESIAN_POINT('',(-27.6284697651866,-25.4682212194831,16.6726484138089));
#7788=CARTESIAN_POINT('',(-27.6284697651866,-12.7035605614601,19.8652205681076));
#7789=CARTESIAN_POINT('',(-27.6284697651866,-25.4682212194831,12.0216073829251));
#7790=CARTESIAN_POINT('',(-27.6284697651866,-25.4682212194831,17.6618463912764));
#7791=CARTESIAN_POINT('',(-27.6284697651867,-41.1811571440132,7.75485418620883));
#7792=CARTESIAN_POINT('Ctrl Pts',(-27.6284697651867,-41.1811571440132,7.75485418620883));
#7793=CARTESIAN_POINT('Ctrl Pts',(-27.6284697651867,-38.8284387399359,8.42930722317423));
#7794=CARTESIAN_POINT('Ctrl Pts',(-27.6284697651867,-36.4757203358587,9.10376026013963));
#7795=CARTESIAN_POINT('Ctrl Pts',(-27.6284697651866,-34.1151171049507,9.74927805248081));
#7796=CARTESIAN_POINT('Ctrl Pts',(-27.6284697651866,-31.2406128429089,10.5353244413925));
#7797=CARTESIAN_POINT('Ctrl Pts',(-27.6284697651866,-28.354417031196,11.2784659121588));
#7798=CARTESIAN_POINT('Ctrl Pts',(-27.6284697651866,-25.4682212194831,12.0216073829251));
#7799=CARTESIAN_POINT('',(-27.6284697651867,-42.3151776695137,7.42014408111587));
#7800=CARTESIAN_POINT('Ctrl Pts',(-27.6284697651867,-42.3151776695137,7.42014408111587));
#7801=CARTESIAN_POINT('Ctrl Pts',(-27.6284697651867,-41.9372000116432,7.53181055282568));
#7802=CARTESIAN_POINT('Ctrl Pts',(-27.6284697651867,-41.5591785778279,7.64333236951734));
#7803=CARTESIAN_POINT('Ctrl Pts',(-27.6284697651867,-41.1811571440132,7.75485418620883));
#7804=CARTESIAN_POINT('',(-27.6284697651867,-50.,7.42014408111587));
#7805=CARTESIAN_POINT('',(-27.6284697651867,0.,7.42014408111587));
#7806=CARTESIAN_POINT('',(-27.6284697651867,-50.,7.42014408111587));
#7807=CARTESIAN_POINT('Ctrl Pts',(-40.0347200036053,0.,7.42014408111587));
#7808=CARTESIAN_POINT('Ctrl Pts',(-40.0347200036053,-50.,7.42014408111587));
#7809=CARTESIAN_POINT('Ctrl Pts',(-41.6598361408015,0.,7.44043967769411));
#7810=CARTESIAN_POINT('Ctrl Pts',(-41.6598361408015,-50.,7.44043967769411));
#7811=CARTESIAN_POINT('Ctrl Pts',(-45.0092145747592,0.,7.48226907802283));
#7812=CARTESIAN_POINT('Ctrl Pts',(-45.0092145747592,-50.,7.48226907802283));
#7813=CARTESIAN_POINT('Ctrl Pts',(-48.3497382383969,0.,7.73007270037274));
#7814=CARTESIAN_POINT('Ctrl Pts',(-48.3497382383969,-50.,7.73007270037274));
#7815=CARTESIAN_POINT('Ctrl Pts',(-50.0694420933727,0.,7.85764217376724));
#7816=CARTESIAN_POINT('Ctrl Pts',(-50.0694420933727,-50.,7.85764217376724));
#7817=CARTESIAN_POINT('',(-50.0694420933727,-20.7172324778729,7.85764217376724));
#7818=CARTESIAN_POINT('',(-46.8473197991645,-17.9507041738921,7.63195518996585));
#7819=CARTESIAN_POINT('Ctrl Pts',(-50.0694420933727,-20.7172324778729,7.85764217376724));
#7820=CARTESIAN_POINT('Ctrl Pts',(-48.6463418632838,-19.766532718294,7.75207507486545));
#7821=CARTESIAN_POINT('Ctrl Pts',(-47.9014558073436,-19.0990036121612,7.69707037346252));
#7822=CARTESIAN_POINT('Ctrl Pts',(-46.8473197991645,-17.9507041738921,7.63195518996585));
#7823=CARTESIAN_POINT('',(-50.0694420933727,0.,7.85764217376724));
#7824=CARTESIAN_POINT('',(-40.0347200036053,-20.7155043882005,7.42014408111587));
#7825=CARTESIAN_POINT('',(-40.0347200036053,0.,7.42014408111587));
#7826=CARTESIAN_POINT('',(-44.4891399742299,-18.0786663872221,7.51281720321631));
#7827=CARTESIAN_POINT('Ctrl Pts',(-44.4891399742299,-18.0786663872221,7.51281720321631));
#7828=CARTESIAN_POINT('Ctrl Pts',(-42.9460877239745,-18.9552438521062,7.4550226446218));
#7829=CARTESIAN_POINT('Ctrl Pts',(-41.4944700709262,-19.7982034153977,7.43837446957445));
#7830=CARTESIAN_POINT('Ctrl Pts',(-40.0347200036053,-20.7155043882005,7.42014408111587));
#7831=CARTESIAN_POINT('Ctrl Pts',(-46.8473197991645,-17.9507041738921,7.63195518996585));
#7832=CARTESIAN_POINT('Ctrl Pts',(-46.1654271525901,-17.9956543234531,7.58983390346942));
#7833=CARTESIAN_POINT('Ctrl Pts',(-45.4880462714196,-18.0349879281579,7.55326401902251));
#7834=CARTESIAN_POINT('Ctrl Pts',(-44.695675507404,-18.0701114255375,7.52073252663264));
#7835=CARTESIAN_POINT('Ctrl Pts',(-44.5923981173715,-18.0744850187519,7.51668470595522));
#7836=CARTESIAN_POINT('Ctrl Pts',(-44.4891399742299,-18.0786663872221,7.51281720321631));
#7837=CARTESIAN_POINT('Origin',(-8.65972071886099,0.,7.42014408111587));
#7838=CARTESIAN_POINT('',(-19.1789158873835,-27.8385632553956,7.42014408111587));
#7839=CARTESIAN_POINT('',(-8.65972071886099,-19.2280495836363,7.42014408111587));
#7840=CARTESIAN_POINT('Ctrl Pts',(-19.1789158873835,-27.8385632553956,7.42014408111588));
#7841=CARTESIAN_POINT('Ctrl Pts',(-17.7843747913295,-26.4368094924092,7.42014408111588));
#7842=CARTESIAN_POINT('Ctrl Pts',(-16.3549464352576,-25.0768955220949,7.42014408111589));
#7843=CARTESIAN_POINT('Ctrl Pts',(-14.8487591743469,-23.809037410067,7.42014408111589));
#7844=CARTESIAN_POINT('Ctrl Pts',(-12.8884283494323,-22.158896419548,7.42014408111589));
#7845=CARTESIAN_POINT('Ctrl Pts',(-10.7980717146265,-20.6646935257756,7.42014408111588));
#7846=CARTESIAN_POINT('Ctrl Pts',(-8.65972071886098,-19.2280495836363,7.42014408111588));
#7847=CARTESIAN_POINT('',(-11.8714898271808,-27.8385632553956,7.42014408111587));
#7848=CARTESIAN_POINT('Ctrl Pts',(-11.8714898271808,-27.8385632553956,7.42014408111587));
#7849=CARTESIAN_POINT('Ctrl Pts',(-14.307298513915,-27.8385632553956,7.42014408111587));
#7850=CARTESIAN_POINT('Ctrl Pts',(-16.7431072006492,-27.8385632553956,7.42014408111587));
#7851=CARTESIAN_POINT('Ctrl Pts',(-19.1789158873835,-27.8385632553955,7.42014408111587));
#7852=CARTESIAN_POINT('',(-8.65972071886099,-25.6341947445633,7.42014408111587));
#7853=CARTESIAN_POINT('Ctrl Pts',(-8.65972071886108,-25.6341947445634,7.42014408111588));
#7854=CARTESIAN_POINT('Ctrl Pts',(-9.40717794540735,-26.0880258434251,7.42014408111588));
#7855=CARTESIAN_POINT('Ctrl Pts',(-10.1376145224205,-26.5655720389332,7.42014408111589));
#7856=CARTESIAN_POINT('Ctrl Pts',(-10.8465003967285,-27.0731451142296,7.42014408111589));
#7857=CARTESIAN_POINT('Ctrl Pts',(-11.1931430252141,-27.32134651215,7.42014408111589));
#7858=CARTESIAN_POINT('Ctrl Pts',(-11.5346325043521,-27.5767278613743,7.42014408111588));
#7859=CARTESIAN_POINT('Ctrl Pts',(-11.8714898271808,-27.8385632553956,7.42014408111588));
#7860=CARTESIAN_POINT('',(-8.65972071886099,0.,7.42014408111587));
#7861=CARTESIAN_POINT('Origin',(-21.9374993443493,0.,7.42014408111587));
#7862=CARTESIAN_POINT('',(-21.9374993443493,-39.9873640168184,8.09692755610741));
#7863=CARTESIAN_POINT('',(-21.9374993443492,-39.9873640168175,13.271913073799));
#7864=CARTESIAN_POINT('',(-21.9374993443491,-39.9873640168175,30.1272229140767));
#7865=CARTESIAN_POINT('',(-21.9374993443493,-30.686770807929,10.6678612909404));
#7866=CARTESIAN_POINT('Ctrl Pts',(-21.9374993443493,-30.686770807929,10.6678612909404));
#7867=CARTESIAN_POINT('Ctrl Pts',(-21.9374993443493,-31.8309079106893,10.3666393861924));
#7868=CARTESIAN_POINT('Ctrl Pts',(-21.9374993443493,-32.9739338627008,10.0613398498844));
#7869=CARTESIAN_POINT('Ctrl Pts',(-21.9374993443493,-34.1151171049507,9.74927805248081));
#7870=CARTESIAN_POINT('Ctrl Pts',(-21.9374993443493,-36.0764684382102,9.21293752474034));
#7871=CARTESIAN_POINT('Ctrl Pts',(-21.9374993443493,-38.0323765380887,8.65662175939459));
#7872=CARTESIAN_POINT('Ctrl Pts',(-21.9374993443493,-39.9873640168192,8.09692755610744));
#7873=CARTESIAN_POINT('',(-21.9374993443492,-30.6867708079289,15.3674357999956));
#7874=CARTESIAN_POINT('Ctrl Pts',(-21.9374993443492,-30.6867708079289,15.3674357999956));
#7875=CARTESIAN_POINT('Ctrl Pts',(-21.9374993443492,-30.686770807929,13.8009109636439));
#7876=CARTESIAN_POINT('Ctrl Pts',(-21.9374993443492,-30.686770807929,12.2343861272921));
#7877=CARTESIAN_POINT('Ctrl Pts',(-21.9374993443493,-30.686770807929,10.6678612909404));
#7878=CARTESIAN_POINT('',(-21.9374993443492,-32.9197888693245,14.8089351493436));
#7879=CARTESIAN_POINT('',(-21.9374993443492,-14.572751076864,19.3977169069894));
#7880=CARTESIAN_POINT('',(-21.9374993443492,-32.9197888693245,23.3020853996278));
#7881=CARTESIAN_POINT('',(-21.9374993443493,-32.9197888693245,11.1145396152296));
#7882=CARTESIAN_POINT('',(-21.9374993443492,-38.1183963140877,23.3020853996278));
#7883=CARTESIAN_POINT('',(-21.9374993443492,0.,23.3020853996278));
#7884=CARTESIAN_POINT('',(-21.9374993443492,-38.1183963140877,13.64782474819));
#7885=CARTESIAN_POINT('',(-21.9374993443492,-38.1183963140877,24.1424055019179));
#7886=CARTESIAN_POINT('',(-21.9374993443492,-20.4021971466703,17.2111426606082));
#7887=CARTESIAN_POINT('Origin',(-21.9374993443492,0.,23.3020853996278));
#7888=CARTESIAN_POINT('',(-14.5416620373729,-35.8428957093224,23.3020853996278));
#7889=CARTESIAN_POINT('',(-20.1241540908813,-35.8428957093224,23.3020853996278));
#7890=CARTESIAN_POINT('',(-21.0308267176153,-35.8428957093224,23.3020853996278));
#7891=CARTESIAN_POINT('',(-14.5416620373729,-38.1183963140877,23.3020853996278));
#7892=CARTESIAN_POINT('',(-14.5416620373729,0.,23.3020853996278));
#7893=CARTESIAN_POINT('',(-36.2584957313124,-38.1183963140876,23.3020853996278));
#7894=CARTESIAN_POINT('',(-17.3819791615999,-32.9197888693245,23.3020853996278));
#7895=CARTESIAN_POINT('',(-36.2584957313123,-32.9197888693244,23.3020853996278));
#7896=CARTESIAN_POINT('Ctrl Pts',(-20.1241540908813,-35.8428957093224,23.3020853996278));
#7897=CARTESIAN_POINT('Ctrl Pts',(-19.2151422243421,-34.8614954864317,23.3020853996278));
#7898=CARTESIAN_POINT('Ctrl Pts',(-18.3061303577799,-33.880095263517,23.3020853996278));
#7899=CARTESIAN_POINT('Ctrl Pts',(-17.3819791615999,-32.9197888693245,23.3020853996278));
#7900=CARTESIAN_POINT('Ctrl Pts',(-14.5416620373729,0.,23.3020853996278));
#7901=CARTESIAN_POINT('Ctrl Pts',(-14.5416620373729,-50.,23.3020853996278));
#7902=CARTESIAN_POINT('Ctrl Pts',(-13.2978534031135,0.,23.2904816972331));
#7903=CARTESIAN_POINT('Ctrl Pts',(-13.2978534031135,-50.,23.2904816972331));
#7904=CARTESIAN_POINT('Ctrl Pts',(-10.6044715448706,0.,23.2653546795732));
#7905=CARTESIAN_POINT('Ctrl Pts',(-10.6044715448706,-50.,23.2653546795732));
#7906=CARTESIAN_POINT('Ctrl Pts',(-7.91353198493599,0.,23.1470209613362));
#7907=CARTESIAN_POINT('Ctrl Pts',(-7.91353198493599,-50.,23.1470209613362));
#7908=CARTESIAN_POINT('Ctrl Pts',(-6.46527320146587,0.,23.0833339691164));
#7909=CARTESIAN_POINT('Ctrl Pts',(-6.46527320146587,-50.,23.0833339691164));
#7910=CARTESIAN_POINT('',(-6.46527320146587,-35.6993083306769,23.0833339691164));
#7911=CARTESIAN_POINT('',(-9.6410846710205,-35.8428957093224,23.2124367614214));
#7912=CARTESIAN_POINT('Ctrl Pts',(-6.46527320146587,-35.6993083306769,23.0833339691164));
#7913=CARTESIAN_POINT('Ctrl Pts',(-6.47195876190892,-35.6997683302506,23.08362796577));
#7914=CARTESIAN_POINT('Ctrl Pts',(-6.47864391798103,-35.7002268210389,23.0839219441683));
#7915=CARTESIAN_POINT('Ctrl Pts',(-6.4853286743164,-35.7006837952599,23.0842159018547));
#7916=CARTESIAN_POINT('Ctrl Pts',(-6.79592391013719,-35.7219162843472,23.0978741195022));
#7917=CARTESIAN_POINT('Ctrl Pts',(-7.10565581579659,-35.7398800514884,23.1114876239063));
#7918=CARTESIAN_POINT('Ctrl Pts',(-7.41486525195647,-35.7555834009687,23.1248100198255));
#7919=CARTESIAN_POINT('Ctrl Pts',(-7.76383803412279,-35.7733061510424,23.1398456333139));
#7920=CARTESIAN_POINT('Ctrl Pts',(-8.11214541403057,-35.7881485369855,23.1545104529729));
#7921=CARTESIAN_POINT('Ctrl Pts',(-8.46028240133759,-35.8014876951197,23.1684502786307));
#7922=CARTESIAN_POINT('Ctrl Pts',(-8.85386115755311,-35.816567992413,23.184209647627));
#7923=CARTESIAN_POINT('Ctrl Pts',(-9.24722239316566,-35.8297233107341,23.1990424057811));
#7924=CARTESIAN_POINT('Ctrl Pts',(-9.6410846710205,-35.8428957093224,23.2124367614214));
#7925=CARTESIAN_POINT('',(-6.46527320146587,-38.1183963140877,23.0833339691164));
#7926=CARTESIAN_POINT('',(-6.46527320146587,0.,23.0833339691164));
#7927=CARTESIAN_POINT('Ctrl Pts',(-14.5416620373729,-38.1183963140877,23.3020853996278));
#7928=CARTESIAN_POINT('Ctrl Pts',(-13.2978534031135,-38.1183963140877,23.2904816972331));
#7929=CARTESIAN_POINT('Ctrl Pts',(-12.0540447688542,-38.1183963140877,23.2788779948383));
#7930=CARTESIAN_POINT('Ctrl Pts',(-10.8107569813731,-38.1183963140877,23.2473969459535));
#7931=CARTESIAN_POINT('Ctrl Pts',(-9.36179076840612,-38.1183963140877,23.210707953556));
#7932=CARTESIAN_POINT('Ctrl Pts',(-7.91353198493599,-38.1183963140877,23.1470209613362));
#7933=CARTESIAN_POINT('Ctrl Pts',(-6.46527320146587,-38.1183963140877,23.0833339691164));
#7934=CARTESIAN_POINT('Ctrl Pts',(-9.6410846710205,-35.8428957093224,23.2124367614214));
#7935=CARTESIAN_POINT('Ctrl Pts',(-10.0309333991791,-35.8428957093224,23.225694625412));
#7936=CARTESIAN_POINT('Ctrl Pts',(-10.4208195733832,-35.8428957093224,23.2375234164887));
#7937=CARTESIAN_POINT('Ctrl Pts',(-10.8107569813731,-35.8428957093224,23.2473969459535));
#7938=CARTESIAN_POINT('Ctrl Pts',(-12.0540447688542,-35.8428957093224,23.2788779948383));
#7939=CARTESIAN_POINT('Ctrl Pts',(-13.2978534031135,-35.8428957093224,23.2904816972331));
#7940=CARTESIAN_POINT('Ctrl Pts',(-14.5416620373729,-35.8428957093224,23.3020853996278));
#7941=CARTESIAN_POINT('Origin',(-6.46527320146587,0.,23.0833339691164));
#7942=CARTESIAN_POINT('',(-6.46527320146584,-35.6993083306769,28.993058204651));
#7943=CARTESIAN_POINT('Ctrl Pts',(-6.46527320146584,-35.6993083306769,28.993058204651));
#7944=CARTESIAN_POINT('Ctrl Pts',(-6.46527320146585,-35.6993083306769,27.0231501261395));
#7945=CARTESIAN_POINT('Ctrl Pts',(-6.46527320146586,-35.6993083306769,25.0532420476279));
#7946=CARTESIAN_POINT('Ctrl Pts',(-6.46527320146587,-35.6993083306769,23.0833339691164));
#7947=CARTESIAN_POINT('',(-6.46527320146584,-38.1183963140877,28.993058204651));
#7948=CARTESIAN_POINT('',(-6.46527320146584,0.,28.993058204651));
#7949=CARTESIAN_POINT('',(-6.46527320146582,-38.1183963140877,31.9740004459181));
#7950=CARTESIAN_POINT('Ctrl Pts',(-6.46527320146584,0.,28.993058204651));
#7951=CARTESIAN_POINT('Ctrl Pts',(-6.46527320146584,-50.,28.993058204651));
#7952=CARTESIAN_POINT('Ctrl Pts',(-7.88849388537566,0.,28.8645785638629));
#7953=CARTESIAN_POINT('Ctrl Pts',(-7.88849388537566,-50.,28.8645785638629));
#7954=CARTESIAN_POINT('Ctrl Pts',(-10.5755421267699,0.,28.6220083168607));
#7955=CARTESIAN_POINT('Ctrl Pts',(-10.5755421267699,-50.,28.6220083168607));
#7956=CARTESIAN_POINT('Ctrl Pts',(-13.2729581108332,0.,28.5744533698618));
#7957=CARTESIAN_POINT('Ctrl Pts',(-13.2729581108332,-50.,28.5744533698618));
#7958=CARTESIAN_POINT('Ctrl Pts',(-14.5416620373728,0.,28.5520863533022));
#7959=CARTESIAN_POINT('Ctrl Pts',(-14.5416620373728,-50.,28.5520863533022));
#7960=CARTESIAN_POINT('',(-14.5416620373728,-35.8428957093224,28.5520863533022));
#7961=CARTESIAN_POINT('',(-9.6410846710205,-35.8428957093224,28.7289615686198));
#7962=CARTESIAN_POINT('Ctrl Pts',(-14.5416620373728,-35.8428957093224,28.5520863533022));
#7963=CARTESIAN_POINT('Ctrl Pts',(-13.2729581108332,-35.8428957093224,28.5744533698618));
#7964=CARTESIAN_POINT('Ctrl Pts',(-12.0042541842936,-35.8428957093224,28.5968203864215));
#7965=CARTESIAN_POINT('Ctrl Pts',(-10.7378438115122,-35.8428957093224,28.6623287200929));
#7966=CARTESIAN_POINT('Ctrl Pts',(-10.3720824693017,-35.8428957093224,28.6812486662373));
#7967=CARTESIAN_POINT('Ctrl Pts',(-10.0065124449936,-35.8428957093224,28.7037672663342));
#7968=CARTESIAN_POINT('Ctrl Pts',(-9.6410846710205,-35.8428957093224,28.7289615686198));
#7969=CARTESIAN_POINT('',(-14.5416620373728,-38.1183963140877,28.5520863533022));
#7970=CARTESIAN_POINT('',(-14.5416620373728,0.,28.5520863533022));
#7971=CARTESIAN_POINT('Ctrl Pts',(-6.46527320146584,-38.1183963140877,28.993058204651));
#7972=CARTESIAN_POINT('Ctrl Pts',(-7.88849388537566,-38.1183963140877,28.8645785638629));
#7973=CARTESIAN_POINT('Ctrl Pts',(-9.31171456928548,-38.1183963140877,28.7360989230748));
#7974=CARTESIAN_POINT('Ctrl Pts',(-10.7378438115122,-38.1183963140877,28.6623287200929));
#7975=CARTESIAN_POINT('Ctrl Pts',(-12.0042541842936,-38.1183963140877,28.5968203864215));
#7976=CARTESIAN_POINT('Ctrl Pts',(-13.2729581108332,-38.1183963140877,28.5744533698618));
#7977=CARTESIAN_POINT('Ctrl Pts',(-14.5416620373728,-38.1183963140877,28.5520863533022));
#7978=CARTESIAN_POINT('Ctrl Pts',(-9.6410846710205,-35.8428957093224,28.7289615686198));
#7979=CARTESIAN_POINT('Ctrl Pts',(-9.11506794517339,-35.8253035143686,28.7652276253954));
#7980=CARTESIAN_POINT('Ctrl Pts',(-8.5903503538544,-35.8077563523954,28.8069475007318));
#7981=CARTESIAN_POINT('Ctrl Pts',(-8.06502473914885,-35.7856259878789,28.8515266940021));
#7982=CARTESIAN_POINT('Ctrl Pts',(-7.75810455989213,-35.7726963776442,28.8775719764071));
#7983=CARTESIAN_POINT('Ctrl Pts',(-7.45097679437419,-35.7582028968311,28.9045932731101));
#7984=CARTESIAN_POINT('Ctrl Pts',(-7.14326331275171,-35.7411905791879,28.9320731627221));
#7985=CARTESIAN_POINT('Ctrl Pts',(-6.92429336066193,-35.7290845565346,28.9516279449177));
#7986=CARTESIAN_POINT('Ctrl Pts',(-6.70502685169964,-35.7157025032625,28.9714149490987));
#7987=CARTESIAN_POINT('Ctrl Pts',(-6.48532867431639,-35.7006837952599,28.9912477269876));
#7988=CARTESIAN_POINT('Ctrl Pts',(-6.47864391792907,-35.7002268210353,28.9918511789154));
#7989=CARTESIAN_POINT('Ctrl Pts',(-6.47195876199468,-35.6997683302565,28.9924546732206));
#7990=CARTESIAN_POINT('Ctrl Pts',(-6.46527320146583,-35.6993083306769,28.993058204651));
#7991=CARTESIAN_POINT('Origin',(-36.3298597931863,0.,41.1701416969301));
#7992=CARTESIAN_POINT('',(-36.3298597931863,-29.617018241147,41.1701416969301));
#7993=CARTESIAN_POINT('',(-30.4988718032837,-35.8428957093224,41.1701416969301));
#7994=CARTESIAN_POINT('Ctrl Pts',(-36.3298597931863,-29.617018241147,41.1701416969301));
#7995=CARTESIAN_POINT('Ctrl Pts',(-34.2722082156249,-31.5254698388556,41.1701416969301));
#7996=CARTESIAN_POINT('Ctrl Pts',(-32.3855400094542,-33.684182774089,41.1701416969301));
#7997=CARTESIAN_POINT('Ctrl Pts',(-30.4988718032837,-35.8428957093224,41.1701416969301));
#7998=CARTESIAN_POINT('',(-36.3298597931863,-24.6402745565803,41.1701416969301));
#7999=CARTESIAN_POINT('',(-36.3298597931863,0.,41.1701416969301));
#8000=CARTESIAN_POINT('',(-34.5535237857698,-24.6402745565803,41.1701416969301));
#8001=CARTESIAN_POINT('',(-43.4546759557309,-24.6402745565803,41.1701416969301));
#8002=CARTESIAN_POINT('',(-27.8171563148498,-30.885784827517,41.1701416969301));
#8003=CARTESIAN_POINT('Ctrl Pts',(-27.8171563148498,-30.885784827517,41.1701416969301));
#8004=CARTESIAN_POINT('Ctrl Pts',(-30.009776213364,-28.7338287019953,41.1701416969301));
#8005=CARTESIAN_POINT('Ctrl Pts',(-32.2023961118782,-26.5818725764736,41.1701416969301));
#8006=CARTESIAN_POINT('Ctrl Pts',(-34.5535237857698,-24.6402745565803,41.1701416969301));
#8007=CARTESIAN_POINT('',(-27.8171563148498,-24.6402745565803,41.1701416969301));
#8008=CARTESIAN_POINT('',(-27.8171563148498,-15.4428924137585,41.1701416969301));
#8009=CARTESIAN_POINT('',(-27.6284697651865,-24.6402745565803,41.1701416969301));
#8010=CARTESIAN_POINT('',(-43.4546759557309,-24.6402745565803,41.1701416969301));
#8011=CARTESIAN_POINT('',(-27.6284697651865,-48.2616268715294,41.1701416969301));
#8012=CARTESIAN_POINT('',(-27.6284697651865,0.,41.1701416969301));
#8013=CARTESIAN_POINT('',(-28.0287750391292,-48.2616268715294,41.1701416969301));
#8014=CARTESIAN_POINT('',(-43.454675955731,-48.2616268715293,41.1701416969301));
#8015=CARTESIAN_POINT('',(-27.8171563148498,-44.5923282731041,41.1701416969301));
#8016=CARTESIAN_POINT('Ctrl Pts',(-27.8171563148498,-44.5923282731041,41.1701416969301));
#8017=CARTESIAN_POINT('Ctrl Pts',(-27.8490993561509,-45.4893124591986,41.1701416969301));
#8018=CARTESIAN_POINT('Ctrl Pts',(-27.8810423974519,-46.386296645293,41.1701416969301));
#8019=CARTESIAN_POINT('Ctrl Pts',(-27.9458236694336,-47.2808172333702,41.1701416969301));
#8020=CARTESIAN_POINT('Ctrl Pts',(-27.9695219201607,-47.6080502828056,41.1701416969301));
#8021=CARTESIAN_POINT('Ctrl Pts',(-27.9976147105357,-47.9349536439801,41.1701416969301));
#8022=CARTESIAN_POINT('Ctrl Pts',(-28.0287750391292,-48.2616268715294,41.1701416969301));
#8023=CARTESIAN_POINT('',(-27.8171563148498,-39.9873640168175,41.1701416969301));
#8024=CARTESIAN_POINT('',(-27.8171563148498,-22.2961641365521,41.1701416969301));
#8025=CARTESIAN_POINT('',(-36.3298597931863,-39.9873640168175,41.1701416969301));
#8026=CARTESIAN_POINT('',(-32.0735080540181,-39.9873640168175,41.1701416969301));
#8027=CARTESIAN_POINT('',(-36.3298597931863,-35.8428957093224,41.1701416969301));
#8028=CARTESIAN_POINT('',(-36.3298597931863,0.,41.1701416969301));
#8029=CARTESIAN_POINT('',(-38.7371636927129,-35.8428957093224,41.1701416969301));
#8030=CARTESIAN_POINT('Ctrl Pts',(-47.0173600316049,0.,40.9513926506044));
#8031=CARTESIAN_POINT('Ctrl Pts',(-47.0173600316049,-50.,40.9513926506044));
#8032=CARTESIAN_POINT('Ctrl Pts',(-45.1408048911785,0.,41.0151380983451));
#8033=CARTESIAN_POINT('Ctrl Pts',(-45.1408048911785,-50.,41.0151380983451));
#8034=CARTESIAN_POINT('Ctrl Pts',(-41.5792649450162,0.,41.1361214649532));
#8035=CARTESIAN_POINT('Ctrl Pts',(-41.5792649450162,-50.,41.1361214649532));
#8036=CARTESIAN_POINT('Ctrl Pts',(-38.0157696741575,0.,41.1592156884427));
#8037=CARTESIAN_POINT('Ctrl Pts',(-38.0157696741575,-50.,41.1592156884427));
#8038=CARTESIAN_POINT('Ctrl Pts',(-36.3298597931863,0.,41.1701416969301));
#8039=CARTESIAN_POINT('Ctrl Pts',(-36.3298597931863,-50.,41.1701416969301));
#8040=CARTESIAN_POINT('',(-43.5696741339221,-24.6402745565803,41.0622630050574));
#8041=CARTESIAN_POINT('Ctrl Pts',(-43.5696741339221,-24.6402745565802,41.0622630050574));
#8042=CARTESIAN_POINT('Ctrl Pts',(-40.8305276109886,-25.9796606325106,41.140425405047));
#8043=CARTESIAN_POINT('Ctrl Pts',(-38.6896832518286,-27.428305196107,41.1548482038265));
#8044=CARTESIAN_POINT('Ctrl Pts',(-36.3298597931863,-29.617018241147,41.1701416969301));
#8045=CARTESIAN_POINT('Ctrl Pts',(-36.3298597931863,-24.6402745565803,41.1701416969301));
#8046=CARTESIAN_POINT('Ctrl Pts',(-38.0157696741575,-24.6402745565803,41.1592156884427));
#8047=CARTESIAN_POINT('Ctrl Pts',(-39.7016795551287,-24.6402745565803,41.1482896799553));
#8048=CARTESIAN_POINT('Ctrl Pts',(-41.3871517777444,-24.6402745565803,41.1154532432558));
#8049=CARTESIAN_POINT('Ctrl Pts',(-42.1147302478579,-24.6402745565803,41.1012785306398));
#8050=CARTESIAN_POINT('Ctrl Pts',(-42.8422271627626,-24.6402745565803,41.0830209311687));
#8051=CARTESIAN_POINT('Ctrl Pts',(-43.5696741339221,-24.6402745565803,41.0622630050574));
#8052=CARTESIAN_POINT('Ctrl Pts',(-50.5794921182753,-32.7350645384223,5.87959669414341));
#8053=CARTESIAN_POINT('Ctrl Pts',(-0.57949211827534,-32.7350645384225,5.87959669414341));
#8054=CARTESIAN_POINT('Ctrl Pts',(-50.5794921182753,-32.0290495621646,5.13240312317604));
#8055=CARTESIAN_POINT('Ctrl Pts',(-0.57949211827534,-32.0290495621649,5.13240312317604));
#8056=CARTESIAN_POINT('Ctrl Pts',(-50.5794921182753,-30.5682813835624,3.58643507939476));
#8057=CARTESIAN_POINT('Ctrl Pts',(-0.579492118275331,-30.5682813835626,
3.58643507939476));
#8058=CARTESIAN_POINT('Ctrl Pts',(-50.5794921182753,-29.6067152588233,1.68817184519815));
#8059=CARTESIAN_POINT('Ctrl Pts',(-0.579492118275331,-29.6067152588235,
1.68817184519815));
#8060=CARTESIAN_POINT('Ctrl Pts',(-50.5794921182753,-29.1098909696967,0.707372649343603));
#8061=CARTESIAN_POINT('Ctrl Pts',(-0.579492118275322,-29.1098909696969,
0.707372649343603));
#8062=CARTESIAN_POINT('',(-17.2037618838754,-32.7350645384224,5.87959669414341));
#8063=CARTESIAN_POINT('',(-14.6954408150208,-30.2592895288672,2.8343017470375));
#8064=CARTESIAN_POINT('Ctrl Pts',(-17.2037618838754,-32.7350645384224,5.8795966941434));
#8065=CARTESIAN_POINT('Ctrl Pts',(-16.221992290041,-31.7200597998089,4.80539141423068));
#8066=CARTESIAN_POINT('Ctrl Pts',(-15.5271357324081,-31.0347724519824,4.1018187535147));
#8067=CARTESIAN_POINT('Ctrl Pts',(-14.6954408150208,-30.2592895288672,2.83430174703749));
#8068=CARTESIAN_POINT('',(-50.5794921182753,-32.7350645384223,5.87959669414341));
#8069=CARTESIAN_POINT('',(-28.4558310340973,-30.2592895288672,2.83430174703749));
#8070=CARTESIAN_POINT('Ctrl Pts',(-28.4558310340973,-30.2592895288672,2.83430174703749));
#8071=CARTESIAN_POINT('Ctrl Pts',(-30.8548760920097,-30.2592895288672,2.83430174703749));
#8072=CARTESIAN_POINT('Ctrl Pts',(-33.2539211499222,-30.2592895288672,2.8343017470375));
#8073=CARTESIAN_POINT('Ctrl Pts',(-35.6529662078346,-30.2592895288671,2.8343017470375));
#8074=CARTESIAN_POINT('',(-27.8171563148498,-30.8857848275169,3.76470246108219));
#8075=CARTESIAN_POINT('Ctrl Pts',(-27.8171563148498,-30.8857848275169,3.7647024610822));
#8076=CARTESIAN_POINT('Ctrl Pts',(-28.0490417107998,-30.6581999193568,3.45936432644953));
#8077=CARTESIAN_POINT('Ctrl Pts',(-28.2568598563822,-30.4542579449056,3.15297515129744));
#8078=CARTESIAN_POINT('Ctrl Pts',(-28.4558310340973,-30.2592895288672,2.83430174703749));
#8079=CARTESIAN_POINT('',(-27.8171563148498,-30.2592895288672,2.8343017470375));
#8080=CARTESIAN_POINT('Ctrl Pts',(-27.8171563148499,-30.2592895288671,2.83430174703732));
#8081=CARTESIAN_POINT('Ctrl Pts',(-27.8171563148499,-30.4097280266698,3.0801915644789));
#8082=CARTESIAN_POINT('Ctrl Pts',(-27.8171563148499,-30.5670206112887,3.32124433888082));
#8083=CARTESIAN_POINT('Ctrl Pts',(-27.8171563148499,-30.7336311659248,3.55572126689731));
#8084=CARTESIAN_POINT('Ctrl Pts',(-27.8171563148499,-30.7835366363327,3.62595500099667));
#8085=CARTESIAN_POINT('Ctrl Pts',(-27.8171563148499,-30.8342781189029,3.69559874741142));
#8086=CARTESIAN_POINT('Ctrl Pts',(-27.8171563148499,-30.885784827517,3.76470246108234));
#8087=CARTESIAN_POINT('',(-22.6162528991699,-30.2592895288672,2.83430174703749));
#8088=CARTESIAN_POINT('Ctrl Pts',(-22.6162528991699,-30.2592895288672,2.83430174703749));
#8089=CARTESIAN_POINT('Ctrl Pts',(-23.5189909680546,-30.2592895288672,2.8343017470375));
#8090=CARTESIAN_POINT('Ctrl Pts',(-24.4217290369393,-30.2592895288672,2.8343017470375));
#8091=CARTESIAN_POINT('Ctrl Pts',(-26.1553635088326,-30.2592895288672,2.8343017470375));
#8092=CARTESIAN_POINT('Ctrl Pts',(-26.9862599118412,-30.2592895288672,2.8343017470375));
#8093=CARTESIAN_POINT('Ctrl Pts',(-27.8171563148498,-30.2592895288672,2.8343017470375));
#8094=CARTESIAN_POINT('',(-22.6162528991699,-31.4004590142235,4.41198252615168));
#8095=CARTESIAN_POINT('Ctrl Pts',(-22.6162528991699,-31.4004590142235,4.41198252615174));
#8096=CARTESIAN_POINT('Ctrl Pts',(-22.6162528991699,-31.1669585780158,4.13448341336413));
#8097=CARTESIAN_POINT('Ctrl Pts',(-22.6162528991699,-30.9429417990091,3.85029152599037));
#8098=CARTESIAN_POINT('Ctrl Pts',(-22.6162528991699,-30.7336311659248,3.55572126689731));
#8099=CARTESIAN_POINT('Ctrl Pts',(-22.6162528991699,-30.5670206112888,3.32124433888085));
#8100=CARTESIAN_POINT('Ctrl Pts',(-22.6162528991699,-30.4097280266699,3.08019156447897));
#8101=CARTESIAN_POINT('Ctrl Pts',(-22.6162528991699,-30.2592895288672,2.83430174703744));
#8102=CARTESIAN_POINT('',(-21.5299268180271,-30.2592895288672,2.83430174703749));
#8103=CARTESIAN_POINT('Ctrl Pts',(-21.5299268180271,-30.2592895288672,2.8343017470375));
#8104=CARTESIAN_POINT('Ctrl Pts',(-21.8546264009845,-30.5993351866657,3.39010206370575));
#8105=CARTESIAN_POINT('Ctrl Pts',(-22.1769109404042,-30.9382272951442,3.86265210934381));
#8106=CARTESIAN_POINT('Ctrl Pts',(-22.6162528991699,-31.4004590142235,4.41198252615168));
#8107=CARTESIAN_POINT('Ctrl Pts',(-14.6954408150208,-30.2592895288672,2.8343017470375));
#8108=CARTESIAN_POINT('Ctrl Pts',(-16.9736028160229,-30.2592895288672,2.8343017470375));
#8109=CARTESIAN_POINT('Ctrl Pts',(-19.251764817025,-30.2592895288672,2.83430174703749));
#8110=CARTESIAN_POINT('Ctrl Pts',(-21.5299268180271,-30.2592895288672,2.83430174703749));
#8111=CARTESIAN_POINT('Ctrl Pts',(-50.5794921182753,-23.5022526106269,38.8162269431668));
#8112=CARTESIAN_POINT('Ctrl Pts',(-0.579492118275295,-23.5022526106271,
38.8162269431668));
#8113=CARTESIAN_POINT('Ctrl Pts',(-50.5794921182753,-24.2235259644785,37.2648044687325));
#8114=CARTESIAN_POINT('Ctrl Pts',(-0.579492118275304,-24.2235259644788,
37.2648044687325));
#8115=CARTESIAN_POINT('Ctrl Pts',(-50.5794921182753,-25.5623637191032,34.3850322283552));
#8116=CARTESIAN_POINT('Ctrl Pts',(-0.579492118275304,-25.5623637191035,
34.3850322283552));
#8117=CARTESIAN_POINT('Ctrl Pts',(-50.5794921182753,-27.2168306637137,31.6754929071532));
#8118=CARTESIAN_POINT('Ctrl Pts',(-0.579492118275313,-27.2168306637139,
31.6754929071532));
#8119=CARTESIAN_POINT('Ctrl Pts',(-50.5794921182753,-27.9852871673264,30.4285259915989));
#8120=CARTESIAN_POINT('Ctrl Pts',(-0.579492118275322,-27.9852871673266,
30.4285259915989));
#8121=CARTESIAN_POINT('',(-22.6162528991699,-23.502252610627,38.8162269431668));
#8122=CARTESIAN_POINT('',(-22.6162528991699,-27.9852871673265,30.4285259915989));
#8123=CARTESIAN_POINT('Ctrl Pts',(-22.6162528991699,-23.502252610627,38.8162269431668));
#8124=CARTESIAN_POINT('Ctrl Pts',(-22.6162528991699,-24.2235259644787,37.2648044687325));
#8125=CARTESIAN_POINT('Ctrl Pts',(-22.6162528991699,-24.9447993183304,35.7133819942981));
#8126=CARTESIAN_POINT('Ctrl Pts',(-22.6162528991699,-25.757678063813,34.2113663989621));
#8127=CARTESIAN_POINT('Ctrl Pts',(-22.6162528991699,-26.4536762906632,32.9253194985299));
#8128=CARTESIAN_POINT('Ctrl Pts',(-22.6162528991699,-27.2168306637139,31.6754929071532));
#8129=CARTESIAN_POINT('Ctrl Pts',(-22.6162528991699,-27.9852871673265,30.4285259915989));
#8130=CARTESIAN_POINT('',(-27.6284697651865,-23.502252610627,38.8162269431668));
#8131=CARTESIAN_POINT('',(-50.5794921182753,-23.5022526106269,38.8162269431668));
#8132=CARTESIAN_POINT('',(-27.6284697651865,-27.9852871673264,30.4285259915989));
#8133=CARTESIAN_POINT('Ctrl Pts',(-27.6284697651865,-23.502252610627,38.8162269431668));
#8134=CARTESIAN_POINT('Ctrl Pts',(-27.6284697651865,-24.2235259644787,37.2648044687325));
#8135=CARTESIAN_POINT('Ctrl Pts',(-27.6284697651865,-24.9447993183303,35.7133819942981));
#8136=CARTESIAN_POINT('Ctrl Pts',(-27.6284697651865,-25.757678063813,34.2113663989621));
#8137=CARTESIAN_POINT('Ctrl Pts',(-27.6284697651865,-26.4536762906632,32.9253194985299));
#8138=CARTESIAN_POINT('Ctrl Pts',(-27.6284697651865,-27.2168306637138,31.6754929071532));
#8139=CARTESIAN_POINT('Ctrl Pts',(-27.6284697651865,-27.9852871673265,30.4285259915989));
#8140=CARTESIAN_POINT('',(-50.5794921182753,-27.9852871673263,30.4285259915989));
#8141=CARTESIAN_POINT('Ctrl Pts',(-50.5794921182753,-27.9852871673263,30.4285259915989));
#8142=CARTESIAN_POINT('Ctrl Pts',(-0.579492118275322,-27.9852871673265,
30.4285259915989));
#8143=CARTESIAN_POINT('Ctrl Pts',(-50.5794921182753,-28.7765882640167,30.3482131666365));
#8144=CARTESIAN_POINT('Ctrl Pts',(-0.579492118275322,-28.776588264017,30.3482131666365));
#8145=CARTESIAN_POINT('Ctrl Pts',(-50.5794921182753,-30.418196894868,30.1968856117445));
#8146=CARTESIAN_POINT('Ctrl Pts',(-0.579492118275331,-30.4181968948683,
30.1968856117445));
#8147=CARTESIAN_POINT('Ctrl Pts',(-50.5794921182753,-32.0664995587189,30.1469449742426));
#8148=CARTESIAN_POINT('Ctrl Pts',(-0.57949211827534,-32.0664995587191,30.1469449742426));
#8149=CARTESIAN_POINT('Ctrl Pts',(-50.5794921182753,-32.9197888693244,30.1210918265897));
#8150=CARTESIAN_POINT('Ctrl Pts',(-0.57949211827534,-32.9197888693246,30.1210918265897));
#8151=CARTESIAN_POINT('',(-22.6162528991699,-31.4004590142235,30.1728211310294));
#8152=CARTESIAN_POINT('Ctrl Pts',(-22.6162528991699,-27.9852871673264,30.4285259915989));
#8153=CARTESIAN_POINT('Ctrl Pts',(-22.6162528991699,-28.7765882640169,30.3482131666365));
#8154=CARTESIAN_POINT('Ctrl Pts',(-22.6162528991699,-29.5683729349708,30.2752244919886));
#8155=CARTESIAN_POINT('Ctrl Pts',(-22.6162528991699,-30.3617148718269,30.2258219558317));
#8156=CARTESIAN_POINT('Ctrl Pts',(-22.6162528991699,-30.7077068445753,30.2042765412385));
#8157=CARTESIAN_POINT('Ctrl Pts',(-22.6162528991699,-31.0539950097819,30.1872172175108));
#8158=CARTESIAN_POINT('Ctrl Pts',(-22.6162528991699,-31.4004590142236,30.1728211310294));
#8159=CARTESIAN_POINT('',(-27.6284697651865,-32.9197888693245,30.1210918265897));
#8160=CARTESIAN_POINT('Ctrl Pts',(-27.6284697651865,-27.9852871673264,30.4285259915989));
#8161=CARTESIAN_POINT('Ctrl Pts',(-27.6284697651865,-28.7765882640168,30.3482131666365));
#8162=CARTESIAN_POINT('Ctrl Pts',(-27.6284697651865,-29.5683729349707,30.2752244919886));
#8163=CARTESIAN_POINT('Ctrl Pts',(-27.6284697651865,-30.3617148718269,30.2258219558317));
#8164=CARTESIAN_POINT('Ctrl Pts',(-27.6284697651866,-31.2132102481135,30.1727981218955));
#8165=CARTESIAN_POINT('Ctrl Pts',(-27.6284697651866,-32.066499558719,30.1469449742426));
#8166=CARTESIAN_POINT('Ctrl Pts',(-27.6284697651866,-32.9197888693245,30.1210918265897));
#8167=CARTESIAN_POINT('',(-21.9374993443491,-32.9197888693245,30.1210918265897));
#8168=CARTESIAN_POINT('',(-50.5794921182753,-32.9197888693244,30.1210918265897));
#8169=CARTESIAN_POINT('',(-21.9374993443491,-30.6867708079289,30.2068487031743));
#8170=CARTESIAN_POINT('Ctrl Pts',(-21.9374993443491,-32.9197888693245,30.1210918265897));
#8171=CARTESIAN_POINT('Ctrl Pts',(-21.9374993443491,-32.1750519533911,30.1436560298568));
#8172=CARTESIAN_POINT('Ctrl Pts',(-21.9374993443491,-31.4303150374578,30.166220233124));
#8173=CARTESIAN_POINT('Ctrl Pts',(-21.9374993443491,-30.6867708079288,30.2068487031743));
#8174=CARTESIAN_POINT('Ctrl Pts',(-22.6162528991699,-31.4004590142235,30.1728211310294));
#8175=CARTESIAN_POINT('Ctrl Pts',(-22.3900041627827,-31.1624226958769,30.182711888455));
#8176=CARTESIAN_POINT('Ctrl Pts',(-22.163884439389,-30.9245220988039,30.1938575846677));
#8177=CARTESIAN_POINT('Ctrl Pts',(-21.9374993443491,-30.6867708079288,30.2068487031743));
#8178=CARTESIAN_POINT('Origin',(-50.5794921182753,-32.9197888693244,30.1210918265897));
#8179=CARTESIAN_POINT('',(-27.6284697651865,-32.9197888693245,40.8646669227201));
#8180=CARTESIAN_POINT('',(-27.6284697651865,-32.9197888693245,35.6456167617598));
#8181=CARTESIAN_POINT('',(-21.9374993443491,-32.9197888693245,40.8646669227201));
#8182=CARTESIAN_POINT('',(-50.5794921182753,-32.9197888693244,40.8646669227201));
#8183=CARTESIAN_POINT('',(-21.9374993443491,-32.9197888693245,29.3365890899458));
#8184=CARTESIAN_POINT('Origin',(-50.5794921182753,-24.6402745565802,40.6568565208036));
#8185=CARTESIAN_POINT('',(-43.5696741339221,-24.6402745565803,45.6509485084134));
#8186=CARTESIAN_POINT('Ctrl Pts',(-43.5696741339221,-24.6402745565803,45.6509485084134));
#8187=CARTESIAN_POINT('Ctrl Pts',(-43.5696741339221,-24.6402745565803,44.1213866739614));
#8188=CARTESIAN_POINT('Ctrl Pts',(-43.5696741339221,-24.6402745565803,42.5918248395094));
#8189=CARTESIAN_POINT('Ctrl Pts',(-43.5696741339221,-24.6402745565803,41.0622630050574));
#8190=CARTESIAN_POINT('',(-34.5535237857698,-24.6402745565803,45.6509485084134));
#8191=CARTESIAN_POINT('',(-50.5794921182753,-24.6402745565802,45.6509485084134));
#8192=CARTESIAN_POINT('Ctrl Pts',(-34.5535237857698,-24.6402745565803,41.1701416969301));
#8193=CARTESIAN_POINT('Ctrl Pts',(-34.5535237857698,-24.6402745565803,42.6637439674245));
#8194=CARTESIAN_POINT('Ctrl Pts',(-34.5535237857698,-24.6402745565803,44.157346237919));
#8195=CARTESIAN_POINT('Ctrl Pts',(-34.5535237857698,-24.6402745565803,45.6509485084134));
#8196=CARTESIAN_POINT('Ctrl Pts',(-50.5794921182753,-24.6402745565802,45.6509485084134));
#8197=CARTESIAN_POINT('Ctrl Pts',(-0.579492118275304,-24.6402745565805,
45.6509485084134));
#8198=CARTESIAN_POINT('Ctrl Pts',(-50.5794921182753,-25.9062282560519,45.5290050404768));
#8199=CARTESIAN_POINT('Ctrl Pts',(-0.579492118275313,-25.9062282560521,
45.5290050404768));
#8200=CARTESIAN_POINT('Ctrl Pts',(-50.5794921182753,-28.250988310246,45.3031451432253));
#8201=CARTESIAN_POINT('Ctrl Pts',(-0.579492118275322,-28.2509883102462,
45.3031451432253));
#8202=CARTESIAN_POINT('Ctrl Pts',(-50.5794921182753,-30.605919796419,45.2544378489176));
#8203=CARTESIAN_POINT('Ctrl Pts',(-0.579492118275331,-30.6059197964192,
45.2544378489176));
#8204=CARTESIAN_POINT('Ctrl Pts',(-50.5794921182753,-31.6894059500128,45.2320279914456));
#8205=CARTESIAN_POINT('Ctrl Pts',(-0.57949211827534,-31.6894059500131,45.2320279914456));
#8206=CARTESIAN_POINT('',(-34.236978900931,-31.6894059500129,45.2320279914456));
#8207=CARTESIAN_POINT('Ctrl Pts',(-34.236978900931,-31.6894059500129,45.2320279914456));
#8208=CARTESIAN_POINT('Ctrl Pts',(-34.9192088315692,-30.9748170434326,45.2468079085626));
#8209=CARTESIAN_POINT('Ctrl Pts',(-35.6212085206297,-30.2734695070954,45.2616443236885));
#8210=CARTESIAN_POINT('Ctrl Pts',(-38.6354279939291,-27.4812379545167,45.3594054204467));
#8211=CARTESIAN_POINT('Ctrl Pts',(-40.7426873106847,-26.0226127251232,45.5177942625641));
#8212=CARTESIAN_POINT('Ctrl Pts',(-43.5696741339221,-24.6402745565803,45.6509485084134));
#8213=CARTESIAN_POINT('',(-16.1752476182183,-31.689405950013,45.2320279914456));
#8214=CARTESIAN_POINT('',(-50.5794921182753,-31.6894059500128,45.2320279914456));
#8215=CARTESIAN_POINT('',(-6.9325701128232,-24.6402745565804,45.6509485084134));
#8216=CARTESIAN_POINT('Ctrl Pts',(-6.93257011282319,-24.6402745565804,45.6509485084134));
#8217=CARTESIAN_POINT('Ctrl Pts',(-7.55431126320796,-24.9803300334487,45.6181925362499));
#8218=CARTESIAN_POINT('Ctrl Pts',(-8.13441872024366,-25.3144214447922,45.5860186283127));
#8219=CARTESIAN_POINT('Ctrl Pts',(-8.68241639644279,-25.6476123176148,45.554885082916));
#8220=CARTESIAN_POINT('Ctrl Pts',(-9.05917625553864,-25.8766880085326,45.5334801195626));
#8221=CARTESIAN_POINT('Ctrl Pts',(-9.42075830298048,-26.1053377849674,45.5125626801416));
#8222=CARTESIAN_POINT('Ctrl Pts',(-9.77025762764268,-26.3352080620956,45.4922967862049));
#8223=CARTESIAN_POINT('Ctrl Pts',(-10.077980302076,-26.5376012899481,45.4744533323212));
#8224=CARTESIAN_POINT('Ctrl Pts',(-10.3763361791233,-26.7409406161411,45.4571139062419));
#8225=CARTESIAN_POINT('Ctrl Pts',(-10.6674378360228,-26.946352056475,45.4404295135215));
#8226=CARTESIAN_POINT('Ctrl Pts',(-10.9271727690811,-27.1296300469638,45.4255428939382));
#8227=CARTESIAN_POINT('Ctrl Pts',(-11.1811325676221,-27.3145576407386,45.41117738476));
#8228=CARTESIAN_POINT('Ctrl Pts',(-11.4308178479341,-27.5019370685797,45.3974819389776));
#8229=CARTESIAN_POINT('Ctrl Pts',(-11.5607450814452,-27.5994425789,45.3903553219019));
#8230=CARTESIAN_POINT('Ctrl Pts',(-11.6895148664582,-27.6976120365311,45.3834108902798));
#8231=CARTESIAN_POINT('Ctrl Pts',(-11.8173386450466,-27.7965588084272,45.3766753767702));
#8232=CARTESIAN_POINT('Ctrl Pts',(-12.0903228153168,-28.0078724053594,45.3622908186929));
#8233=CARTESIAN_POINT('Ctrl Pts',(-12.3594213892833,-28.2227181979569,45.3488574293849));
#8234=CARTESIAN_POINT('Ctrl Pts',(-12.6253702939835,-28.4411006292733,45.3367581206876));
#8235=CARTESIAN_POINT('Ctrl Pts',(-12.8833303663272,-28.6529230763125,45.3250222628152));
#8236=CARTESIAN_POINT('Ctrl Pts',(-13.1383271530013,-28.8680733535537,45.3145498000855));
#8237=CARTESIAN_POINT('Ctrl Pts',(-13.391032233784,-29.0865254853206,45.3051671364707));
#8238=CARTESIAN_POINT('Ctrl Pts',(-13.6122867964428,-29.2777900642767,45.2969521962398));
#8239=CARTESIAN_POINT('Ctrl Pts',(-13.8317845870871,-29.471585737474,45.2895720488551));
#8240=CARTESIAN_POINT('Ctrl Pts',(-14.0499763522507,-29.6678931867561,45.2828773687349));
#8241=CARTESIAN_POINT('Ctrl Pts',(-14.296413700896,-29.889613228684,45.2753160420386));
#8242=CARTESIAN_POINT('Ctrl Pts',(-14.540536396144,-30.1140131040744,45.2686482550623));
#8243=CARTESIAN_POINT('Ctrl Pts',(-14.7825038451676,-30.3406531659013,45.2626076602213));
#8244=CARTESIAN_POINT('Ctrl Pts',(-15.0434271236699,-30.5850483033897,45.2560938426958));
#8245=CARTESIAN_POINT('Ctrl Pts',(-15.301844242976,-30.8320483624505,45.2503092025257));
#8246=CARTESIAN_POINT('Ctrl Pts',(-15.5579550859216,-31.081098390274,45.2448557846246));
#8247=CARTESIAN_POINT('Ctrl Pts',(-15.7651940364001,-31.2826238930179,45.2404430054181));
#8248=CARTESIAN_POINT('Ctrl Pts',(-15.9709229130359,-31.4854915602355,45.2362455741035));
#8249=CARTESIAN_POINT('Ctrl Pts',(-16.1752476182183,-31.689405950013,45.2320279914456));
#8250=CARTESIAN_POINT('',(-15.8113799403947,-24.6402745565804,45.6509485084134));
#8251=CARTESIAN_POINT('',(-50.5794921182753,-24.6402745565802,45.6509485084134));
#8252=CARTESIAN_POINT('',(-22.6162528991699,-31.4004590142235,45.2380306854157));
#8253=CARTESIAN_POINT('Ctrl Pts',(-22.6162528991699,-31.4004590142235,45.2380306854157));
#8254=CARTESIAN_POINT('Ctrl Pts',(-22.142040057902,-30.9015396361506,45.2484865084297));
#8255=CARTESIAN_POINT('Ctrl Pts',(-21.6770576950746,-30.4119358445907,45.2594646320624));
#8256=CARTESIAN_POINT('Ctrl Pts',(-21.2078546390401,-29.9219407716133,45.2746245231708));
#8257=CARTESIAN_POINT('Ctrl Pts',(-20.9883185054522,-29.6926762295028,45.2817177077457));
#8258=CARTESIAN_POINT('Ctrl Pts',(-20.7678583672422,-29.4633259734506,45.2897254409291));
#8259=CARTESIAN_POINT('Ctrl Pts',(-20.545096394361,-29.2328978907194,45.299060553093));
#8260=CARTESIAN_POINT('Ctrl Pts',(-20.3492042570687,-29.0302643396041,45.3072696520248));
#8261=CARTESIAN_POINT('Ctrl Pts',(-20.1515320950895,-28.826797271009,45.3165047582048));
#8262=CARTESIAN_POINT('Ctrl Pts',(-19.9511429431403,-28.6218244501236,45.3270889530913));
#8263=CARTESIAN_POINT('Ctrl Pts',(-19.8923808767763,-28.5617182697913,45.3301926598354));
#8264=CARTESIAN_POINT('Ctrl Pts',(-19.8333851776524,-28.5014826293693,45.3334127029517));
#8265=CARTESIAN_POINT('Ctrl Pts',(-19.7741322196678,-28.4411006292732,45.3367581206876));
#8266=CARTESIAN_POINT('Ctrl Pts',(-19.6115435293908,-28.2754138746226,45.3459378664185));
#8267=CARTESIAN_POINT('Ctrl Pts',(-19.4470178332481,-28.1086251152142,45.3560615445596));
#8268=CARTESIAN_POINT('Ctrl Pts',(-19.2800670041102,-27.9403712612021,45.3670731721051));
#8269=CARTESIAN_POINT('Ctrl Pts',(-18.8526703019322,-27.5096387952127,45.3952631087643));
#8270=CARTESIAN_POINT('Ctrl Pts',(-18.4198046127688,-27.0804999732491,45.4285485250066));
#8271=CARTESIAN_POINT('Ctrl Pts',(-17.9812703732482,-26.6555435449227,45.4645800960427));
#8272=CARTESIAN_POINT('Ctrl Pts',(-17.6516504809112,-26.3361292791038,45.4916628674555));
#8273=CARTESIAN_POINT('Ctrl Pts',(-17.3188280687968,-26.019077606705,45.5202918337139));
#8274=CARTESIAN_POINT('Ctrl Pts',(-16.9827183925947,-25.705488840537,45.5494868412158));
#8275=CARTESIAN_POINT('Ctrl Pts',(-16.7018915104232,-25.4434786643289,45.5738798995306));
#8276=CARTESIAN_POINT('Ctrl Pts',(-16.4187698014106,-25.183885894449,45.5986674883983));
#8277=CARTESIAN_POINT('Ctrl Pts',(-16.1333038363616,-24.9273546080266,45.6233178409185));
#8278=CARTESIAN_POINT('Ctrl Pts',(-16.0263259567462,-24.8312199494806,45.6325555181453));
#8279=CARTESIAN_POINT('Ctrl Pts',(-15.919018858548,-24.7355152623447,45.641774411482));
#8280=CARTESIAN_POINT('Ctrl Pts',(-15.8113799403947,-24.6402745565804,45.6509485084134));
#8281=CARTESIAN_POINT('',(-22.6162528991699,-24.6402745565804,45.6509485084134));
#8282=CARTESIAN_POINT('Ctrl Pts',(-22.6162528991699,-24.6402745565804,45.6509485084134));
#8283=CARTESIAN_POINT('Ctrl Pts',(-22.6162528991699,-25.906228256052,45.5290050404768));
#8284=CARTESIAN_POINT('Ctrl Pts',(-22.6162528991699,-27.1721819555237,45.4070615725401));
#8285=CARTESIAN_POINT('Ctrl Pts',(-22.6162528991699,-28.4411006292732,45.3367581206876));
#8286=CARTESIAN_POINT('Ctrl Pts',(-22.6162528991699,-29.4263088960747,45.2821734231946));
#8287=CARTESIAN_POINT('Ctrl Pts',(-22.6162528991699,-30.4133045122292,45.2587184221803));
#8288=CARTESIAN_POINT('Ctrl Pts',(-22.61625289917,-31.4004590142234,45.2380306854157));
#8289=CARTESIAN_POINT('',(-27.8171563148498,-24.6402745565803,45.6509485084134));
#8290=CARTESIAN_POINT('',(-50.5794921182753,-24.6402745565802,45.6509485084134));
#8291=CARTESIAN_POINT('',(-27.8171563148498,-30.885784827517,45.2492168192153));
#8292=CARTESIAN_POINT('Ctrl Pts',(-27.8171563148498,-30.8857848275168,45.2492168192153));
#8293=CARTESIAN_POINT('Ctrl Pts',(-27.8171563148498,-30.0702823064065,45.2678115960088));
#8294=CARTESIAN_POINT('Ctrl Pts',(-27.8171563148498,-29.2550814371456,45.2916601473352));
#8295=CARTESIAN_POINT('Ctrl Pts',(-27.8171563148498,-28.4411006292732,45.3367581206876));
#8296=CARTESIAN_POINT('Ctrl Pts',(-27.8171563148498,-27.1721819555236,45.4070615725401));
#8297=CARTESIAN_POINT('Ctrl Pts',(-27.8171563148498,-25.906228256052,45.5290050404768));
#8298=CARTESIAN_POINT('Ctrl Pts',(-27.8171563148498,-24.6402745565803,45.6509485084134));
#8299=CARTESIAN_POINT('Ctrl Pts',(-34.5535237857698,-24.6402745565803,45.6509485084134));
#8300=CARTESIAN_POINT('Ctrl Pts',(-34.2468805039472,-24.8935053765871,45.6265559540941));
#8301=CARTESIAN_POINT('Ctrl Pts',(-33.9427464518148,-25.1505088861111,45.601794521606));
#8302=CARTESIAN_POINT('Ctrl Pts',(-33.6410734660632,-25.4105170975084,45.5771877218159));
#8303=CARTESIAN_POINT('Ctrl Pts',(-33.3032847734811,-25.7016529894733,45.5496350435109));
#8304=CARTESIAN_POINT('Ctrl Pts',(-32.9685816885277,-25.9965561455128,45.5222773423844));
#8305=CARTESIAN_POINT('Ctrl Pts',(-32.6368965963082,-26.2941527081345,45.4959243671646));
#8306=CARTESIAN_POINT('Ctrl Pts',(-32.1263543335508,-26.7522246143906,45.4553608690916));
#8307=CARTESIAN_POINT('Ctrl Pts',(-31.6229624600186,-27.2166783877805,45.4171866116823));
#8308=CARTESIAN_POINT('Ctrl Pts',(-31.1264743947077,-27.6836048603252,45.3844769444251));
#8309=CARTESIAN_POINT('Ctrl Pts',(-30.9195732598466,-27.8781868126742,45.3708458669647));
#8310=CARTESIAN_POINT('Ctrl Pts',(-30.7188155965993,-28.0683019085161,45.3585021485242));
#8311=CARTESIAN_POINT('Ctrl Pts',(-30.5219616965757,-28.2558672028359,45.347382919188));
#8312=CARTESIAN_POINT('Ctrl Pts',(-30.4568913865469,-28.3178671522937,45.3437074436191));
#8313=CARTESIAN_POINT('Ctrl Pts',(-30.3922476179019,-28.3795885222564,45.3401661511181));
#8314=CARTESIAN_POINT('Ctrl Pts',(-30.3279494981822,-28.4411006292732,45.3367581206876));
#8315=CARTESIAN_POINT('Ctrl Pts',(-30.1603016240551,-28.6014843857406,45.3278721834451));
#8316=CARTESIAN_POINT('Ctrl Pts',(-29.9950035708503,-28.7604452689031,45.3198879584445));
#8317=CARTESIAN_POINT('Ctrl Pts',(-29.8306214765265,-28.9192010384335,45.3125990489719));
#8318=CARTESIAN_POINT('Ctrl Pts',(-29.6478544556297,-29.0957124715466,45.3044949286579));
#8319=CARTESIAN_POINT('Ctrl Pts',(-29.466219737647,-29.2719703866351,45.2972510886914));
#8320=CARTESIAN_POINT('Ctrl Pts',(-29.2837465462434,-29.4496522265716,45.2906480990093));
#8321=CARTESIAN_POINT('Ctrl Pts',(-29.0393631892916,-29.6876186049696,45.2818048230628));
#8322=CARTESIAN_POINT('Ctrl Pts',(-28.7934758788112,-29.9281391470186,45.2741127214758));
#8323=CARTESIAN_POINT('Ctrl Pts',(-28.5413503230966,-30.1752490888229,45.2671422695475));
#8324=CARTESIAN_POINT('Ctrl Pts',(-28.3213308974663,-30.3908915980053,45.2610594477356));
#8325=CARTESIAN_POINT('Ctrl Pts',(-28.0965608467277,-30.6115524950471,45.255532233349));
#8326=CARTESIAN_POINT('Ctrl Pts',(-27.8638939624672,-30.8399130377722,45.2502684241793));
#8327=CARTESIAN_POINT('Ctrl Pts',(-27.8483503037085,-30.8551690049518,45.2499167675447));
#8328=CARTESIAN_POINT('Ctrl Pts',(-27.832771400532,-30.8704593352567,45.2495662652323));
#8329=CARTESIAN_POINT('Ctrl Pts',(-27.8171563148498,-30.885784827517,45.2492168192153));
#8330=CARTESIAN_POINT('Ctrl Pts',(-50.5794921182754,-48.2616268715293,40.6568565208036));
#8331=CARTESIAN_POINT('Ctrl Pts',(-0.579492118275411,-48.2616268715295,
40.6568565208036));
#8332=CARTESIAN_POINT('Ctrl Pts',(-50.5794921182754,-46.7194351443491,40.7173462812722));
#8333=CARTESIAN_POINT('Ctrl Pts',(-0.579492118275402,-46.7194351443493,
40.7173462812722));
#8334=CARTESIAN_POINT('Ctrl Pts',(-50.5794921182754,-43.3397221173949,40.8499095857242));
#8335=CARTESIAN_POINT('Ctrl Pts',(-0.579492118275384,-43.3397221173951,
40.8499095857242));
#8336=CARTESIAN_POINT('Ctrl Pts',(-50.5794921182754,-39.9573586408293,40.8594693564695));
#8337=CARTESIAN_POINT('Ctrl Pts',(-0.579492118275375,-39.9573586408295,
40.8594693564695));
#8338=CARTESIAN_POINT('Ctrl Pts',(-50.5794921182754,-38.1183963140875,40.8646669227201));
#8339=CARTESIAN_POINT('Ctrl Pts',(-0.579492118275367,-38.1183963140878,
40.8646669227201));
#8340=CARTESIAN_POINT('',(-21.9374993443491,-48.2616268715294,40.6568565208036));
#8341=CARTESIAN_POINT('Ctrl Pts',(-21.9374993443491,-47.5783263394389,40.6835752072968));
#8342=CARTESIAN_POINT('Ctrl Pts',(-21.9374993443491,-47.8060943686875,40.674723982739));
#8343=CARTESIAN_POINT('Ctrl Pts',(-21.9374993443491,-48.0338606201084,40.6657902517713));
#8344=CARTESIAN_POINT('Ctrl Pts',(-21.9374993443491,-48.2616268715294,40.6568565208036));
#8345=CARTESIAN_POINT('',(-27.6284697651865,-48.2616268715294,40.6568565208036));
#8346=CARTESIAN_POINT('',(-50.5794921182754,-48.2616268715293,40.6568565208036));
#8347=CARTESIAN_POINT('',(-27.6284697651865,-38.1183963140876,40.8646669227201));
#8348=CARTESIAN_POINT('Ctrl Pts',(-27.6284697651865,-48.2616268715294,40.6568565208036));
#8349=CARTESIAN_POINT('Ctrl Pts',(-27.6284697651865,-46.7194351443492,40.7173462812722));
#8350=CARTESIAN_POINT('Ctrl Pts',(-27.6284697651865,-45.177243417169,40.7778360417409));
#8351=CARTESIAN_POINT('Ctrl Pts',(-27.6284697651864,-43.6344998201759,40.8127143222409));
#8352=CARTESIAN_POINT('Ctrl Pts',(-27.6284697651864,-41.7963209675711,40.8542717902189));
#8353=CARTESIAN_POINT('Ctrl Pts',(-27.6284697651864,-39.9573586408294,40.8594693564695));
#8354=CARTESIAN_POINT('Ctrl Pts',(-27.6284697651864,-38.1183963140876,40.8646669227201));
#8355=CARTESIAN_POINT('',(-21.9374993443491,-38.1183963140877,40.8646669227201));
#8356=CARTESIAN_POINT('',(-50.5794921182754,-38.1183963140875,40.8646669227201));
#8357=CARTESIAN_POINT('',(-21.9374993443491,-39.9873640168175,40.8579707325068));
#8358=CARTESIAN_POINT('Ctrl Pts',(-21.9374993443491,-38.1183963140877,40.8646669227201));
#8359=CARTESIAN_POINT('Ctrl Pts',(-21.9374993443491,-38.7413957025791,40.8629061032902));
#8360=CARTESIAN_POINT('Ctrl Pts',(-21.9374993443491,-39.3643950910706,40.8611452838603));
#8361=CARTESIAN_POINT('Ctrl Pts',(-21.9374993443491,-39.9873640168175,40.8579707325068));
#8362=CARTESIAN_POINT('',(-22.6162528991699,-39.9873640168175,40.8579707325068));
#8363=CARTESIAN_POINT('Ctrl Pts',(-22.6162528991699,-39.9873640168175,40.8579707325068));
#8364=CARTESIAN_POINT('Ctrl Pts',(-22.3900017142296,-39.9873640168175,40.8579707325068));
#8365=CARTESIAN_POINT('Ctrl Pts',(-22.1637505292893,-39.9873640168175,40.8579707325068));
#8366=CARTESIAN_POINT('Ctrl Pts',(-21.937499344349,-39.9873640168175,40.8579707325068));
#8367=CARTESIAN_POINT('Ctrl Pts',(-22.6162528991699,-44.5923282731042,40.7879940934451));
#8368=CARTESIAN_POINT('Ctrl Pts',(-22.6162528991699,-44.2730725000581,40.7971798799718));
#8369=CARTESIAN_POINT('Ctrl Pts',(-22.6162528991699,-43.9537979799671,40.8054956432576));
#8370=CARTESIAN_POINT('Ctrl Pts',(-22.6162528991699,-43.6344998201759,40.8127143222409));
#8371=CARTESIAN_POINT('Ctrl Pts',(-22.6162528991699,-42.4190549325131,40.8401930476797));
#8372=CARTESIAN_POINT('Ctrl Pts',(-22.6162528991699,-41.2032674982384,40.8517746802109));
#8373=CARTESIAN_POINT('Ctrl Pts',(-22.6162528991699,-39.9873640168176,40.8579707325068));
#8374=CARTESIAN_POINT('Origin',(-50.5794921182754,-38.1183963140875,40.8646669227201));
#8375=CARTESIAN_POINT('',(-50.5794921182754,-38.1183963140875,13.64782474819));
#8376=CARTESIAN_POINT('',(-21.9374993443491,-38.1183963140877,28.5520863533022));
#8377=CARTESIAN_POINT('',(-32.5605770778242,-38.1183963140876,28.5520863533022));
#8378=CARTESIAN_POINT('',(-21.9374993443491,-38.1183963140877,34.708376638011));
#8379=CARTESIAN_POINT('',(-27.6284697651865,-38.1183963140877,41.017404309825));
#8380=CARTESIAN_POINT('',(-43.5312500596049,-38.1183963140876,23.0833339691164));
#8381=CARTESIAN_POINT('',(-43.5312500596048,-38.1183963140876,34.9288625636855));
#8382=CARTESIAN_POINT('',(-33.7152758240702,-38.1183963140876,23.3020853996278));
#8383=CARTESIAN_POINT('Ctrl Pts',(-43.5312500596049,-38.1183963140876,23.0833339691164));
#8384=CARTESIAN_POINT('Ctrl Pts',(-41.8002538279856,-38.1183963140876,23.1470713664374));
#8385=CARTESIAN_POINT('Ctrl Pts',(-40.0692575963663,-38.1183963140876,23.2108087637585));
#8386=CARTESIAN_POINT('Ctrl Pts',(-38.3376720547679,-38.1183963140876,23.2473993301393));
#8387=CARTESIAN_POINT('Ctrl Pts',(-36.7971842544718,-38.1183963140876,23.2799517624399));
#8388=CARTESIAN_POINT('Ctrl Pts',(-35.256230039271,-38.1183963140876,23.2910185810339));
#8389=CARTESIAN_POINT('Ctrl Pts',(-33.7152758240702,-38.1183963140876,23.3020853996278));
#8390=CARTESIAN_POINT('',(-42.1473839711729,-38.1183963140876,23.3020853996278));
#8391=CARTESIAN_POINT('Origin',(-50.5794921182754,-38.1183963140875,13.64782474819));
#8392=CARTESIAN_POINT('',(-22.6162528991699,-39.9873640168175,13.271913073799));
#8393=CARTESIAN_POINT('',(-30.2457292210639,-39.9873640168175,13.271913073799));
#8394=CARTESIAN_POINT('',(-22.6162528991699,-41.6116278490455,12.9452195006925));
#8395=CARTESIAN_POINT('',(-50.5794921182754,-41.6116278490454,12.9452195006925));
#8396=CARTESIAN_POINT('',(-22.6162528991699,-35.2289197564094,14.2289947541371));
#8397=CARTESIAN_POINT('Origin',(-50.5794921182754,-41.6116278490454,12.9452195006925));
#8398=CARTESIAN_POINT('',(-27.8171563148498,-41.6116278490455,25.9747352439481));
#8399=CARTESIAN_POINT('',(-27.8171563148498,-41.6116278490455,32.889760623865));
#8400=CARTESIAN_POINT('',(-22.6162528991699,-41.6116278490455,25.9747352439481));
#8401=CARTESIAN_POINT('',(-50.5794921182754,-41.6116278490454,25.9747352439481));
#8402=CARTESIAN_POINT('',(-22.6162528991699,-41.6116278490455,32.889760623865));
#8403=CARTESIAN_POINT('Ctrl Pts',(-50.5794921182754,-41.6116278490454,25.9747352439481));
#8404=CARTESIAN_POINT('Ctrl Pts',(-0.579492118275384,-41.6116278490456,
25.9747352439481));
#8405=CARTESIAN_POINT('Ctrl Pts',(-50.5794921182754,-41.6062032984899,27.2835416983569));
#8406=CARTESIAN_POINT('Ctrl Pts',(-0.579492118275384,-41.6062032984901,
27.2835416983569));
#8407=CARTESIAN_POINT('Ctrl Pts',(-50.5794921182754,-41.5961791923382,29.7021042496236));
#8408=CARTESIAN_POINT('Ctrl Pts',(-0.579492118275384,-41.5961791923384,
29.7021042496236));
#8409=CARTESIAN_POINT('Ctrl Pts',(-50.5794921182754,-41.4643190272113,32.1170060281161));
#8410=CARTESIAN_POINT('Ctrl Pts',(-0.579492118275384,-41.4643190272115,
32.1170060281161));
#8411=CARTESIAN_POINT('Ctrl Pts',(-50.5794921182754,-41.4038150629431,33.2250823813993));
#8412=CARTESIAN_POINT('Ctrl Pts',(-0.579492118275384,-41.4038150629434,
33.2250823813993));
#8413=CARTESIAN_POINT('',(-27.8171563148498,-41.5908496001394,28.5520863533022));
#8414=CARTESIAN_POINT('Ctrl Pts',(-27.8171563148499,-41.5908496001394,28.5520863533022));
#8415=CARTESIAN_POINT('Ctrl Pts',(-27.8171563148499,-41.6045055243814,27.6931715264422));
#8416=CARTESIAN_POINT('Ctrl Pts',(-27.8171563148499,-41.6080666867134,26.8339533851952));
#8417=CARTESIAN_POINT('Ctrl Pts',(-27.8171563148499,-41.6116278490455,25.9747352439481));
#8418=CARTESIAN_POINT('Ctrl Pts',(-27.8171563148498,-41.5908496001394,28.5520863533022));
#8419=CARTESIAN_POINT('Ctrl Pts',(-27.7542607982954,-41.5908496001394,28.5520863533022));
#8420=CARTESIAN_POINT('Ctrl Pts',(-27.691365281741,-41.5908496001394,28.5520863533022));
#8421=CARTESIAN_POINT('Ctrl Pts',(-27.6284697651866,-41.5908496001394,28.5520863533022));
#8422=CARTESIAN_POINT('',(-22.6162528991699,-41.4038150629433,33.2250823813993));
#8423=CARTESIAN_POINT('',(-50.5794921182754,-41.4038150629431,33.2250823813993));
#8424=CARTESIAN_POINT('Ctrl Pts',(-22.6162528991699,-41.6116278490455,25.9747352439481));
#8425=CARTESIAN_POINT('Ctrl Pts',(-22.6162528991699,-41.60620329849,27.2835416983569));
#8426=CARTESIAN_POINT('Ctrl Pts',(-22.6162528991699,-41.6007787479345,28.5923481527658));
#8427=CARTESIAN_POINT('Ctrl Pts',(-22.6162528991699,-41.5596752485664,29.9000825721341));
#8428=CARTESIAN_POINT('Ctrl Pts',(-22.6162528991699,-41.5248229914796,31.008929674833));
#8429=CARTESIAN_POINT('Ctrl Pts',(-22.6162528991699,-41.4643190272114,32.1170060281161));
#8430=CARTESIAN_POINT('Ctrl Pts',(-22.6162528991699,-41.4038150629433,33.2250823813993));
#8431=CARTESIAN_POINT('Origin',(-50.5794921182754,-41.4038150629431,33.2250823813993));
#8432=CARTESIAN_POINT('',(-22.6162528991699,-44.5923282731041,33.2250823813993));
#8433=CARTESIAN_POINT('',(-22.6162528991699,-40.6955895398803,33.2250823813993));
#8434=CARTESIAN_POINT('',(-22.3002604168479,-47.0180504640968,33.2250823813993));
#8435=CARTESIAN_POINT('',(-50.5794921182754,-47.0180504640967,33.2250823813993));
#8436=CARTESIAN_POINT('Ctrl Pts',(-22.6162528991699,-44.5923282731041,33.2250823813993));
#8437=CARTESIAN_POINT('Ctrl Pts',(-22.663712956334,-45.3211647839085,33.2250823813993));
#8438=CARTESIAN_POINT('Ctrl Pts',(-22.711173013498,-46.0500012947129,33.2250823813993));
#8439=CARTESIAN_POINT('Ctrl Pts',(-22.4604964256287,-46.6848804581627,33.2250823813993));
#8440=CARTESIAN_POINT('Ctrl Pts',(-22.4155884638455,-46.7986171634986,33.2250823813993));
#8441=CARTESIAN_POINT('Ctrl Pts',(-22.3611122083181,-46.9093384344224,33.2250823813993));
#8442=CARTESIAN_POINT('Ctrl Pts',(-22.3002604168479,-47.0180504640968,33.2250823813993));
#8443=CARTESIAN_POINT('Ctrl Pts',(-50.5794921182753,-21.7440944036871,21.0218705970365));
#8444=CARTESIAN_POINT('Ctrl Pts',(-0.579492118275295,-21.7440944036874,
21.0218705970365));
#8445=CARTESIAN_POINT('Ctrl Pts',(-50.5794921182753,-21.3272438862726,19.7053440204239));
#8446=CARTESIAN_POINT('Ctrl Pts',(-0.579492118275287,-21.3272438862728,
19.7053440204239));
#8447=CARTESIAN_POINT('Ctrl Pts',(-50.5794921182753,-20.5386130334032,17.2146346808294));
#8448=CARTESIAN_POINT('Ctrl Pts',(-0.579492118275287,-20.5386130334034,
17.2146346808294));
#8449=CARTESIAN_POINT('Ctrl Pts',(-50.5794921182753,-19.4030387612459,14.8623199051496));
#8450=CARTESIAN_POINT('Ctrl Pts',(-0.579492118275278,-19.4030387612462,
14.8623199051496));
#8451=CARTESIAN_POINT('Ctrl Pts',(-50.5794921182753,-18.8677006086737,13.7533798057157));
#8452=CARTESIAN_POINT('Ctrl Pts',(-0.579492118275278,-18.8677006086739,
13.7533798057157));
#8453=CARTESIAN_POINT('',(-22.6162528991699,-21.7440944036873,21.0218705970365));
#8454=CARTESIAN_POINT('',(-22.6162528991699,-18.8677006086738,13.7533798057157));
#8455=CARTESIAN_POINT('Ctrl Pts',(-22.6162528991699,-21.7440944036873,21.0218705970365));
#8456=CARTESIAN_POINT('Ctrl Pts',(-22.6162528991699,-21.3272438862727,19.7053440204239));
#8457=CARTESIAN_POINT('Ctrl Pts',(-22.6162528991699,-20.9103933688582,18.3888174438114));
#8458=CARTESIAN_POINT('Ctrl Pts',(-22.6162528991699,-20.3966098150642,17.1109571296292));
#8459=CARTESIAN_POINT('Ctrl Pts',(-22.6162528991699,-19.9383769138183,15.9712600045836));
#8460=CARTESIAN_POINT('Ctrl Pts',(-22.6162528991699,-19.4030387612461,14.8623199051496));
#8461=CARTESIAN_POINT('Ctrl Pts',(-22.6162528991699,-18.8677006086738,13.7533798057157));
#8462=CARTESIAN_POINT('',(-27.6284697651866,-21.7440944036873,21.0218705970365));
#8463=CARTESIAN_POINT('',(-50.5794921182753,-21.7440944036871,21.0218705970365));
#8464=CARTESIAN_POINT('',(-27.6284697651866,-18.8677006086738,13.7533798057157));
#8465=CARTESIAN_POINT('Ctrl Pts',(-27.6284697651866,-21.7440944036873,21.0218705970365));
#8466=CARTESIAN_POINT('Ctrl Pts',(-27.6284697651866,-21.3272438862727,19.7053440204239));
#8467=CARTESIAN_POINT('Ctrl Pts',(-27.6284697651866,-20.9103933688582,18.3888174438114));
#8468=CARTESIAN_POINT('Ctrl Pts',(-27.6284697651866,-20.3966098150642,17.1109571296292));
#8469=CARTESIAN_POINT('Ctrl Pts',(-27.6284697651866,-19.9383769138183,15.9712600045836));
#8470=CARTESIAN_POINT('Ctrl Pts',(-27.6284697651866,-19.403038761246,14.8623199051496));
#8471=CARTESIAN_POINT('Ctrl Pts',(-27.6284697651866,-18.8677006086738,13.7533798057157));
#8472=CARTESIAN_POINT('',(-50.5794921182753,-18.8677006086737,13.7533798057157));
#8473=CARTESIAN_POINT('Ctrl Pts',(-50.5794921182753,-18.8677006086737,13.7533798057157));
#8474=CARTESIAN_POINT('Ctrl Pts',(-0.579492118275278,-18.8677006086739,
13.7533798057157));
#8475=CARTESIAN_POINT('Ctrl Pts',(-50.5794921182753,-19.7763194920086,12.7791387586442));
#8476=CARTESIAN_POINT('Ctrl Pts',(-0.579492118275287,-19.7763194920088,
12.7791387586442));
#8477=CARTESIAN_POINT('Ctrl Pts',(-50.5794921182753,-21.624146162699,10.7978585723324));
#8478=CARTESIAN_POINT('Ctrl Pts',(-0.579492118275287,-21.6241461626993,
10.7978585723324));
#8479=CARTESIAN_POINT('Ctrl Pts',(-50.5794921182753,-23.95300615012,9.412369030487));
#8480=CARTESIAN_POINT('Ctrl Pts',(-0.579492118275304,-23.9530061501202,
9.412369030487));
#8481=CARTESIAN_POINT('Ctrl Pts',(-50.5794921182753,-25.1367121061713,8.70815656963169));
#8482=CARTESIAN_POINT('Ctrl Pts',(-0.579492118275304,-25.1367121061715,
8.70815656963169));
#8483=CARTESIAN_POINT('',(-22.6162528991699,-25.1367121061714,8.70815656963169));
#8484=CARTESIAN_POINT('Ctrl Pts',(-22.6162528991699,-18.8677006086738,13.7533798057157));
#8485=CARTESIAN_POINT('Ctrl Pts',(-22.6162528991699,-19.7763194920087,12.7791387586442));
#8486=CARTESIAN_POINT('Ctrl Pts',(-22.6162528991699,-20.6849383753435,11.8048977115727));
#8487=CARTESIAN_POINT('Ctrl Pts',(-22.6162528991699,-21.7098670324715,10.974713786276));
#8488=CARTESIAN_POINT('Ctrl Pts',(-22.6162528991699,-22.7693001940688,10.1165814913423));
#8489=CARTESIAN_POINT('Ctrl Pts',(-22.6162528991699,-23.9530061501201,9.412369030487));
#8490=CARTESIAN_POINT('Ctrl Pts',(-22.6162528991699,-25.1367121061714,8.70815656963169));
#8491=CARTESIAN_POINT('',(-27.6284697651867,-25.1367121061714,8.70815656963169));
#8492=CARTESIAN_POINT('Ctrl Pts',(-27.6284697651866,-18.8677006086738,13.7533798057157));
#8493=CARTESIAN_POINT('Ctrl Pts',(-27.6284697651866,-19.7763194920087,12.7791387586442));
#8494=CARTESIAN_POINT('Ctrl Pts',(-27.6284697651866,-20.6849383753435,11.8048977115727));
#8495=CARTESIAN_POINT('Ctrl Pts',(-27.6284697651866,-21.7098670324714,10.974713786276));
#8496=CARTESIAN_POINT('Ctrl Pts',(-27.6284697651866,-22.7693001940688,10.1165814913423));
#8497=CARTESIAN_POINT('Ctrl Pts',(-27.6284697651867,-23.9530061501201,9.412369030487));
#8498=CARTESIAN_POINT('Ctrl Pts',(-27.6284697651867,-25.1367121061714,8.70815656963169));
#8499=CARTESIAN_POINT('',(-50.5794921182753,-25.1367121061713,8.70815656963169));
#8500=CARTESIAN_POINT('Origin',(-50.5794921182753,-25.468221219483,16.6726484138089));
#8501=CARTESIAN_POINT('',(-22.6162528991699,-25.4682212194832,16.6726484138089));
#8502=CARTESIAN_POINT('',(-22.6162528991699,-31.4004590142235,15.1889350818558));
#8503=CARTESIAN_POINT('',(-22.6162528991699,-17.7833848117179,18.5947045798968));
#8504=CARTESIAN_POINT('',(-50.5794921182753,-25.468221219483,16.6726484138089));
#8505=CARTESIAN_POINT('',(-50.5794921182753,-32.9197888693243,14.8089351493436));
#8506=CARTESIAN_POINT('Ctrl Pts',(-22.6162528991699,-31.4004590142235,15.1889350818558));
#8507=CARTESIAN_POINT('Ctrl Pts',(-22.3900651532468,-31.1624868639504,15.2484543499989));
#8508=CARTESIAN_POINT('Ctrl Pts',(-22.1638774073244,-30.9245147136779,15.3079736181419));
#8509=CARTESIAN_POINT('Ctrl Pts',(-21.9374993443492,-30.6867708079289,15.3674357999956));
#8510=CARTESIAN_POINT('Origin',(-50.5794921182753,-25.468221219483,12.0216073829251));
#8511=CARTESIAN_POINT('',(-22.6162528991699,-25.4682212194832,12.0216073829251));
#8512=CARTESIAN_POINT('',(-22.6162528991699,-25.4682212194832,32.4279545649813));
#8513=CARTESIAN_POINT('',(-50.5794921182753,-25.468221219483,12.0216073829251));
#8514=CARTESIAN_POINT('Ctrl Pts',(-50.5794921182754,-41.1811571440131,7.75485418620883));
#8515=CARTESIAN_POINT('Ctrl Pts',(-0.579492118275375,-41.1811571440133,
7.75485418620883));
#8516=CARTESIAN_POINT('Ctrl Pts',(-50.5794921182754,-38.8284387399359,8.42930722317423));
#8517=CARTESIAN_POINT('Ctrl Pts',(-0.579492118275367,-38.8284387399361,
8.42930722317423));
#8518=CARTESIAN_POINT('Ctrl Pts',(-50.5794921182753,-33.6108174197923,9.925041068333));
#8519=CARTESIAN_POINT('Ctrl Pts',(-0.579492118275349,-33.6108174197925,
9.925041068333));
#8520=CARTESIAN_POINT('Ctrl Pts',(-50.5794921182753,-28.3544170311959,11.2784659121588));
#8521=CARTESIAN_POINT('Ctrl Pts',(-0.579492118275322,-28.3544170311961,
11.2784659121588));
#8522=CARTESIAN_POINT('Ctrl Pts',(-50.5794921182753,-25.468221219483,12.0216073829251));
#8523=CARTESIAN_POINT('Ctrl Pts',(-0.579492118275304,-25.4682212194833,
12.0216073829251));
#8524=CARTESIAN_POINT('',(-22.6162528991699,-41.1811571440132,7.75485418620883));
#8525=CARTESIAN_POINT('',(-22.6162528991699,-39.9873640168175,8.09692755610793));
#8526=CARTESIAN_POINT('Ctrl Pts',(-22.6162528991699,-41.1811571440132,7.75485418620883));
#8527=CARTESIAN_POINT('Ctrl Pts',(-22.6162528991699,-40.7832388173913,7.86892530640291));
#8528=CARTESIAN_POINT('Ctrl Pts',(-22.6162528991699,-40.3853204907753,7.9829964265953));
#8529=CARTESIAN_POINT('Ctrl Pts',(-22.6162528991699,-39.9873640168175,8.09692755610793));
#8530=CARTESIAN_POINT('',(-50.5794921182754,-41.1811571440131,7.75485418620883));
#8531=CARTESIAN_POINT('',(-22.6162528991699,-31.4004590142235,10.4793725910654));
#8532=CARTESIAN_POINT('Ctrl Pts',(-22.6162528991699,-31.4004590142235,10.4793725910654));
#8533=CARTESIAN_POINT('Ctrl Pts',(-22.6162528991699,-29.4255578538721,11.0026671728179));
#8534=CARTESIAN_POINT('Ctrl Pts',(-22.6162528991699,-27.4468895366774,11.5121372778716));
#8535=CARTESIAN_POINT('Ctrl Pts',(-22.6162528991699,-25.4682212194832,12.0216073829251));
#8536=CARTESIAN_POINT('Ctrl Pts',(-21.9374993443492,-30.6867708079289,10.6678612909404));
#8537=CARTESIAN_POINT('Ctrl Pts',(-22.1639172927288,-30.9245566016229,10.6052584004951));
#8538=CARTESIAN_POINT('Ctrl Pts',(-22.3900490214103,-31.1624698916435,10.5424331739758));
#8539=CARTESIAN_POINT('Ctrl Pts',(-22.6162528991699,-31.4004590142235,10.4793725910654));
#8540=CARTESIAN_POINT('Ctrl Pts',(-22.6162528991699,-39.9873640168175,8.09692755610793));
#8541=CARTESIAN_POINT('Ctrl Pts',(-22.3900017142297,-39.9873640168175,8.09692755610793));
#8542=CARTESIAN_POINT('Ctrl Pts',(-22.1637505292895,-39.9873640168175,8.09692755610793));
#8543=CARTESIAN_POINT('Ctrl Pts',(-21.9374993443493,-39.9873640168175,8.09692755610793));
#8544=CARTESIAN_POINT('Ctrl Pts',(-50.5794921182753,-25.1367121061713,8.70815656963169));
#8545=CARTESIAN_POINT('Ctrl Pts',(-0.579492118275304,-25.1367121061715,
8.70815656963169));
#8546=CARTESIAN_POINT('Ctrl Pts',(-50.5794921182753,-26.3722055309877,8.08999933905663));
#8547=CARTESIAN_POINT('Ctrl Pts',(-0.579492118275313,-26.3722055309879,
8.08999933905663));
#8548=CARTESIAN_POINT('Ctrl Pts',(-50.5794921182753,-28.803505615185,6.87354144737047));
#8549=CARTESIAN_POINT('Ctrl Pts',(-0.579492118275322,-28.8035056151852,
6.87354144737047));
#8550=CARTESIAN_POINT('Ctrl Pts',(-50.5794921182753,-31.4388842287362,6.20728645873881));
#8551=CARTESIAN_POINT('Ctrl Pts',(-0.579492118275331,-31.4388842287365,
6.20728645873881));
#8552=CARTESIAN_POINT('Ctrl Pts',(-50.5794921182753,-32.7350645384223,5.87959669414341));
#8553=CARTESIAN_POINT('Ctrl Pts',(-0.57949211827534,-32.7350645384225,5.87959669414341));
#8554=CARTESIAN_POINT('',(-22.6162528991699,-31.4004590142235,6.22291300601643));
#8555=CARTESIAN_POINT('Ctrl Pts',(-22.6162528991699,-25.1367121061714,8.70815656963169));
#8556=CARTESIAN_POINT('Ctrl Pts',(-22.6162528991699,-26.3722055309878,8.08999933905663));
#8557=CARTESIAN_POINT('Ctrl Pts',(-22.6162528991699,-27.6076989558043,7.47184210848156));
#8558=CARTESIAN_POINT('Ctrl Pts',(-22.6162528991699,-28.8958912214668,6.99576280895054));
#8559=CARTESIAN_POINT('Ctrl Pts',(-22.6162528991699,-29.7141362630473,6.6933626652577));
#8560=CARTESIAN_POINT('Ctrl Pts',(-22.6162528991699,-30.5536434191249,6.44828593112927));
#8561=CARTESIAN_POINT('Ctrl Pts',(-22.6162528991699,-31.4004590142243,6.22291300601621));
#8562=CARTESIAN_POINT('',(-27.6284697651867,-27.8385632553955,7.42014408111587));
#8563=CARTESIAN_POINT('Ctrl Pts',(-27.6284697651867,-25.1367121061714,8.70815656963169));
#8564=CARTESIAN_POINT('Ctrl Pts',(-27.6284697651867,-26.0306746403284,8.2608782650673));
#8565=CARTESIAN_POINT('Ctrl Pts',(-27.6284697651867,-26.9246371744853,7.81359996050291));
#8566=CARTESIAN_POINT('Ctrl Pts',(-27.6284697651867,-27.8385632553917,7.4201440811175));
#8567=CARTESIAN_POINT('',(-27.8171563148498,-27.8385632553955,7.42014408111587));
#8568=CARTESIAN_POINT('Ctrl Pts',(-27.6284697651867,-27.8385632553955,7.42014408111587));
#8569=CARTESIAN_POINT('Ctrl Pts',(-27.6913652817411,-27.8385632553955,7.42014408111587));
#8570=CARTESIAN_POINT('Ctrl Pts',(-27.7542607982955,-27.8385632553955,7.42014408111587));
#8571=CARTESIAN_POINT('Ctrl Pts',(-27.8171563148498,-27.8385632553955,7.42014408111587));
#8572=CARTESIAN_POINT('',(-27.8171563148498,-30.8857848275169,6.36291121392893));
#8573=CARTESIAN_POINT('Ctrl Pts',(-27.8171563148498,-30.8857848275169,6.36291121392893));
#8574=CARTESIAN_POINT('Ctrl Pts',(-27.8171563148498,-29.6171517497999,6.71633222127706));
#8575=CARTESIAN_POINT('Ctrl Pts',(-27.8171563148498,-28.7378276486626,7.03300022993938));
#8576=CARTESIAN_POINT('Ctrl Pts',(-27.8171563148498,-27.8385632553955,7.42014408111587));
#8577=CARTESIAN_POINT('',(-30.9620460156509,-27.8385632553955,7.42014408111587));
#8578=CARTESIAN_POINT('Ctrl Pts',(-30.9620460156509,-27.8385632553955,7.42014408111588));
#8579=CARTESIAN_POINT('Ctrl Pts',(-30.9250994306386,-27.8734528573437,7.40512369893978));
#8580=CARTESIAN_POINT('Ctrl Pts',(-30.8881667474689,-27.9083763912946,7.3901796760883));
#8581=CARTESIAN_POINT('Ctrl Pts',(-29.8645103723934,-28.8776067643996,6.97805700769395));
#8582=CARTESIAN_POINT('Ctrl Pts',(-28.9956204312923,-29.7291762079362,6.68512398814993));
#8583=CARTESIAN_POINT('Ctrl Pts',(-27.8171563148498,-30.8857848275169,6.36291121392893));
#8584=CARTESIAN_POINT('Ctrl Pts',(-30.9620460156509,-27.8385632553955,7.42014408111587));
#8585=CARTESIAN_POINT('Ctrl Pts',(-33.4424487326793,-27.8385632553955,7.42014408111587));
#8586=CARTESIAN_POINT('Ctrl Pts',(-35.9228514497076,-27.8385632553955,7.42014408111587));
#8587=CARTESIAN_POINT('Ctrl Pts',(-38.4032541667359,-27.8385632553955,7.42014408111587));
#8588=CARTESIAN_POINT('Ctrl Pts',(-11.8714898271808,-27.8385632553956,7.42014408111588));
#8589=CARTESIAN_POINT('Ctrl Pts',(-12.1796510776863,-28.0780935163697,7.31702349900329));
#8590=CARTESIAN_POINT('Ctrl Pts',(-12.4769780492501,-28.3175376248098,7.21821223199459));
#8591=CARTESIAN_POINT('Ctrl Pts',(-13.5576134470066,-29.2138033098113,6.86802654345804));
#8592=CARTESIAN_POINT('Ctrl Pts',(-14.3031305282206,-29.8844269959172,6.64989969033406));
#8593=CARTESIAN_POINT('Ctrl Pts',(-15.7738756065376,-31.2795901185529,6.24793829211782));
#8594=CARTESIAN_POINT('Ctrl Pts',(-16.4977158299004,-32.005117211713,6.06413604092177));
#8595=CARTESIAN_POINT('Ctrl Pts',(-17.2037618838753,-32.7350645384224,5.87959669414341));
#8596=CARTESIAN_POINT('Ctrl Pts',(-22.6162528991699,-31.4004590142235,6.22291300601643));
#8597=CARTESIAN_POINT('Ctrl Pts',(-21.3164044978424,-30.0328883802326,6.5868805520382));
#8598=CARTESIAN_POINT('Ctrl Pts',(-20.4663170909755,-29.1426124204025,6.87998967718759));
#8599=CARTESIAN_POINT('Ctrl Pts',(-19.4170668044874,-28.0785072842121,7.3179174407516));
#8600=CARTESIAN_POINT('Ctrl Pts',(-19.2980612072041,-27.9583248033867,7.36858533236601));
#8601=CARTESIAN_POINT('Ctrl Pts',(-19.1789158873835,-27.8385632553956,7.42014408111587));
#8602=CARTESIAN_POINT('Ctrl Pts',(-50.5794921182754,-49.4491254410178,5.26275060954867));
#8603=CARTESIAN_POINT('Ctrl Pts',(-0.57949211827542,-49.449125441018,5.26275060954867));
#8604=CARTESIAN_POINT('Ctrl Pts',(-50.5794921182754,-48.4285604119282,5.57815861458679));
#8605=CARTESIAN_POINT('Ctrl Pts',(-0.579492118275411,-48.4285604119285,
5.57815861458679));
#8606=CARTESIAN_POINT('Ctrl Pts',(-50.5794921182754,-45.6783946454595,6.4281037657546));
#8607=CARTESIAN_POINT('Ctrl Pts',(-0.579492118275402,-45.6783946454597,
6.4281037657546));
#8608=CARTESIAN_POINT('Ctrl Pts',(-50.5794921182754,-42.9175032888378,7.24260683948558));
#8609=CARTESIAN_POINT('Ctrl Pts',(-0.579492118275384,-42.917503288838,7.24260683948558));
#8610=CARTESIAN_POINT('Ctrl Pts',(-50.5794921182754,-41.1811571440131,7.75485418620883));
#8611=CARTESIAN_POINT('Ctrl Pts',(-0.579492118275375,-41.1811571440133,
7.75485418620883));
#8612=CARTESIAN_POINT('',(-27.8171563148498,-42.3151776695137,7.42014408111587));
#8613=CARTESIAN_POINT('',(-27.8171563148498,-44.5923282731041,6.74421648174909));
#8614=CARTESIAN_POINT('Ctrl Pts',(-27.8171563148498,-42.3151776695137,7.42014408111587));
#8615=CARTESIAN_POINT('Ctrl Pts',(-27.8171563148499,-43.074522861736,7.19580966171397));
#8616=CARTESIAN_POINT('Ctrl Pts',(-27.8171563148499,-43.8336913762581,6.97089142127173));
#8617=CARTESIAN_POINT('Ctrl Pts',(-27.8171563148498,-44.5923282731041,6.74421648174909));
#8618=CARTESIAN_POINT('Ctrl Pts',(-27.8171563148499,-42.3151776695137,7.42014408111587));
#8619=CARTESIAN_POINT('Ctrl Pts',(-27.7542607982955,-42.3151776695137,7.42014408111587));
#8620=CARTESIAN_POINT('Ctrl Pts',(-27.6913652817411,-42.3151776695137,7.42014408111587));
#8621=CARTESIAN_POINT('Ctrl Pts',(-27.6284697651867,-42.3151776695137,7.42014408111587));
#8622=CARTESIAN_POINT('',(-22.6162528991699,-44.5923282731041,6.7442164817491));
#8623=CARTESIAN_POINT('Ctrl Pts',(-22.6162528991699,-44.5923282731041,6.7442164817491));
#8624=CARTESIAN_POINT('Ctrl Pts',(-22.6162528991699,-43.4560662850821,7.0837229287563));
#8625=CARTESIAN_POINT('Ctrl Pts',(-22.6162528991699,-42.3186117145478,7.41928855748252));
#8626=CARTESIAN_POINT('Ctrl Pts',(-22.6162528991699,-41.1811571440132,7.75485418620883));
#8627=CARTESIAN_POINT('',(-21.8848752975464,-47.6532795060143,5.81668448054614));
#8628=CARTESIAN_POINT('Ctrl Pts',(-21.8848752975464,-47.6532795060143,5.81668448054614));
#8629=CARTESIAN_POINT('Ctrl Pts',(-22.2209606781926,-47.175069697328,5.96361664441948));
#8630=CARTESIAN_POINT('Ctrl Pts',(-22.4631660347007,-46.8343845597528,6.06801545008837));
#8631=CARTESIAN_POINT('Ctrl Pts',(-22.7009486681815,-45.7095733975614,6.40938686222342));
#8632=CARTESIAN_POINT('Ctrl Pts',(-22.6476664420989,-45.0747410300299,6.60007521607151));
#8633=CARTESIAN_POINT('Ctrl Pts',(-22.6162528991699,-44.5923282731041,6.7442164817491));
#8634=CARTESIAN_POINT('',(-20.8826184272766,-48.9805938828453,5.40753225534915));
#8635=CARTESIAN_POINT('Ctrl Pts',(-20.8826184272766,-48.9805938828453,5.40753225534915));
#8636=CARTESIAN_POINT('Ctrl Pts',(-20.9579670274415,-48.7522390293542,5.47807789123193));
#8637=CARTESIAN_POINT('Ctrl Pts',(-21.0162649621222,-48.5757157622105,5.53257170280681));
#8638=CARTESIAN_POINT('Ctrl Pts',(-21.1155205076638,-48.4068346341665,5.58466248395374));
#8639=CARTESIAN_POINT('Ctrl Pts',(-21.1519461243793,-48.3448572483486,5.60377918738942));
#8640=CARTESIAN_POINT('Ctrl Pts',(-21.1938879268305,-48.2839090093627,5.622571922005));
#8641=CARTESIAN_POINT('Ctrl Pts',(-21.2442130382461,-48.2218051403485,5.64171309858102));
#8642=CARTESIAN_POINT('Ctrl Pts',(-21.387260498612,-48.0452769521042,5.69612125825712));
#8643=CARTESIAN_POINT('Ctrl Pts',(-21.5690568505795,-47.8951880105699,5.74232052674987));
#8644=CARTESIAN_POINT('Ctrl Pts',(-21.7581636893994,-47.7497306111397,5.78704029591834));
#8645=CARTESIAN_POINT('Ctrl Pts',(-21.8001551708609,-47.7174315587643,5.79697039347438));
#8646=CARTESIAN_POINT('Ctrl Pts',(-21.8425071099535,-47.6853608157121,5.80682735054135));
#8647=CARTESIAN_POINT('Ctrl Pts',(-21.8848752975464,-47.6532795060143,5.81668448054614));
#8648=CARTESIAN_POINT('',(-20.9638833999634,-49.3598224747643,5.29034976733113));
#8649=CARTESIAN_POINT('Ctrl Pts',(-20.9638833999634,-49.3598224747643,5.29034976733113));
#8650=CARTESIAN_POINT('Ctrl Pts',(-20.9462168819012,-49.2974424159211,5.30962819262142));
#8651=CARTESIAN_POINT('Ctrl Pts',(-20.9285495766588,-49.235059766097,5.32890685069344));
#8652=CARTESIAN_POINT('Ctrl Pts',(-20.91441396358,-49.1719724200573,5.34840143881947));
#8653=CARTESIAN_POINT('Ctrl Pts',(-20.89867072967,-49.1017102503212,5.37011311549998));
#8654=CARTESIAN_POINT('Ctrl Pts',(-20.8917815376681,-49.0496174817354,5.38620880371157));
#8655=CARTESIAN_POINT('Ctrl Pts',(-20.8826184272766,-48.9805938828453,5.40753225534915));
#8656=CARTESIAN_POINT('',(-21.0886461069131,-49.4491254410179,5.26275060954867));
#8657=CARTESIAN_POINT('Ctrl Pts',(-21.0886461069131,-49.4491254410179,5.26275060954867));
#8658=CARTESIAN_POINT('Ctrl Pts',(-21.0467803330122,-49.4198483110543,5.27179877491965));
#8659=CARTESIAN_POINT('Ctrl Pts',(-21.0413924752646,-49.4159454021838,5.27300509527735));
#8660=CARTESIAN_POINT('Ctrl Pts',(-20.9638833999634,-49.3598224747643,5.29034976733113));
#8661=CARTESIAN_POINT('',(-28.1532915414327,-49.4491254410179,5.26275060954867));
#8662=CARTESIAN_POINT('',(-50.5794921182754,-49.4491254410178,5.26275060954867));
#8663=CARTESIAN_POINT('Ctrl Pts',(-27.8171563148498,-44.5923282731041,6.74421648174909));
#8664=CARTESIAN_POINT('Ctrl Pts',(-27.8288633920435,-44.9210716450669,6.64599046048921));
#8665=CARTESIAN_POINT('Ctrl Pts',(-27.8401509930545,-45.2380558777271,6.55092121024995));
#8666=CARTESIAN_POINT('Ctrl Pts',(-27.8526658085312,-45.5500061690681,6.45695605017827));
#8667=CARTESIAN_POINT('Ctrl Pts',(-27.8639429568473,-45.8311057753137,6.37228368336174));
#8668=CARTESIAN_POINT('Ctrl Pts',(-27.8762165887488,-46.1081181334607,6.28850865911938));
#8669=CARTESIAN_POINT('Ctrl Pts',(-27.8906915641182,-46.3859533390434,6.20409391704378));
#8670=CARTESIAN_POINT('Ctrl Pts',(-27.9017270901093,-46.5977711524932,6.13973725622434));
#8671=CARTESIAN_POINT('Ctrl Pts',(-27.9140421099965,-46.8100668821383,6.07500761345078));
#8672=CARTESIAN_POINT('Ctrl Pts',(-27.9281705265298,-47.0250320195412,6.00927578823268));
#8673=CARTESIAN_POINT('Ctrl Pts',(-27.9560535419016,-47.4492746242593,5.87955130788056));
#8674=CARTESIAN_POINT('Ctrl Pts',(-27.991459304095,-47.8694589497861,5.75033830143489));
#8675=CARTESIAN_POINT('Ctrl Pts',(-28.0303315582116,-48.2765036678368,5.62485232273476));
#8676=CARTESIAN_POINT('Ctrl Pts',(-28.0611975849416,-48.5997124303121,5.5252117523377));
#8677=CARTESIAN_POINT('Ctrl Pts',(-28.0942492193022,-48.9146375873566,5.42792389220558));
#8678=CARTESIAN_POINT('Ctrl Pts',(-28.1274557497057,-49.2167247275296,5.33457225847401));
#8679=CARTESIAN_POINT('Ctrl Pts',(-28.1360690719015,-49.2950820216496,5.31035811477794));
#8680=CARTESIAN_POINT('Ctrl Pts',(-28.1446928157047,-49.3725754809936,5.28640855342173));
#8681=CARTESIAN_POINT('Ctrl Pts',(-28.1532915414327,-49.4491254410179,5.26275060954867));
#8682=CARTESIAN_POINT('Origin',(-0.579492118275313,-25.8937433978948,25.5591120559293));
#8683=CARTESIAN_POINT('',(-0.579492118275288,-20.6259726989032,7.80435930478328));
#8684=CARTESIAN_POINT('',(-0.579492118275287,-20.6259726989032,5.45629996055632));
#8685=CARTESIAN_POINT('Ctrl Pts',(-0.579492118275288,-20.6259726989032,
7.80435930478328));
#8686=CARTESIAN_POINT('Ctrl Pts',(-0.579492118275288,-20.6259726989032,
7.02167285670762));
#8687=CARTESIAN_POINT('Ctrl Pts',(-0.579492118275286,-20.6259726989032,
6.23898640863197));
#8688=CARTESIAN_POINT('Ctrl Pts',(-0.579492118275287,-20.6259726989032,
5.45629996055632));
#8689=CARTESIAN_POINT('',(-0.579492118275293,-21.5596738337166,7.80435930478328));
#8690=CARTESIAN_POINT('Ctrl Pts',(-0.579492118275288,-20.6259726989032,
7.80435930478328));
#8691=CARTESIAN_POINT('Ctrl Pts',(-0.57949211827529,-20.9372064105077,7.80435930478328));
#8692=CARTESIAN_POINT('Ctrl Pts',(-0.579492118275291,-21.2484401221121,
7.80435930478328));
#8693=CARTESIAN_POINT('Ctrl Pts',(-0.579492118275293,-21.5596738337166,
7.80435930478328));
#8694=CARTESIAN_POINT('',(-0.579492118275293,-21.5596738337166,4.79279417067183));
#8695=CARTESIAN_POINT('Ctrl Pts',(-0.579492118275293,-21.5596738337166,
4.79279417067183));
#8696=CARTESIAN_POINT('Ctrl Pts',(-0.579492118275293,-21.5596738337166,
5.79664921537565));
#8697=CARTESIAN_POINT('Ctrl Pts',(-0.579492118275292,-21.5596738337166,
6.80050426007946));
#8698=CARTESIAN_POINT('Ctrl Pts',(-0.579492118275293,-21.5596738337166,
7.80435930478328));
#8699=CARTESIAN_POINT('Ctrl Pts',(-0.579492118275293,-21.5596738337166,
4.79279417067183));
#8700=CARTESIAN_POINT('Ctrl Pts',(-0.57949211827529,-21.247007857311,5.01229230169746));
#8701=CARTESIAN_POINT('Ctrl Pts',(-0.579492118275288,-20.935110685634,5.23268709781816));
#8702=CARTESIAN_POINT('Ctrl Pts',(-0.579492118275287,-20.6259726989032,
5.45629996055632));
#8703=CARTESIAN_POINT('Origin',(-50.0694420933727,0.,7.85764217376724));
#8704=CARTESIAN_POINT('',(-50.0694420933727,-20.7172324778729,5.39043544489927));
#8705=CARTESIAN_POINT('Ctrl Pts',(-50.0694420933727,-20.7172324778729,5.39043544489927));
#8706=CARTESIAN_POINT('Ctrl Pts',(-50.0694420933727,-20.7172324778729,6.21283768785526));
#8707=CARTESIAN_POINT('Ctrl Pts',(-50.0694420933727,-20.7172324778729,7.03523993081125));
#8708=CARTESIAN_POINT('Ctrl Pts',(-50.0694420933727,-20.7172324778729,7.85764217376724));
#8709=CARTESIAN_POINT('',(-50.0694420933727,-21.9222145399481,4.5387115317899));
#8710=CARTESIAN_POINT('Ctrl Pts',(-50.0694420933727,-21.9222145399481,4.5387115317899));
#8711=CARTESIAN_POINT('Ctrl Pts',(-50.0694420933727,-21.5191364156092,4.82096633106032));
#8712=CARTESIAN_POINT('Ctrl Pts',(-50.0694420933727,-21.1160582912703,5.10322113033074));
#8713=CARTESIAN_POINT('Ctrl Pts',(-50.0694420933727,-20.7172324778851,5.39043544489053));
#8714=CARTESIAN_POINT('Ctrl Pts',(-50.0694420933727,-21.9642594433405,4.51293389817231));
#8715=CARTESIAN_POINT('Ctrl Pts',(-50.0694420933727,-21.9502444293911,4.52152635631671));
#8716=CARTESIAN_POINT('Ctrl Pts',(-50.0694420933727,-21.9362294846696,4.5301189440533));
#8717=CARTESIAN_POINT('Ctrl Pts',(-50.0694420933727,-21.9222145399481,4.5387115317899));
#8718=CARTESIAN_POINT('Ctrl Pts',(-50.5794921182753,-29.1098909696967,0.707372649343603));
#8719=CARTESIAN_POINT('Ctrl Pts',(-0.579492118275322,-29.1098909696969,
0.707372649343603));
#8720=CARTESIAN_POINT('Ctrl Pts',(-50.5794921182753,-27.8460918457248,1.28753893701213));
#8721=CARTESIAN_POINT('Ctrl Pts',(-0.579492118275322,-27.846091845725,1.28753893701213));
#8722=CARTESIAN_POINT('Ctrl Pts',(-50.5794921182753,-25.374163770621,2.42231526935317));
#8723=CARTESIAN_POINT('Ctrl Pts',(-0.579492118275304,-25.3741637706212,
2.42231526935317));
#8724=CARTESIAN_POINT('Ctrl Pts',(-50.5794921182753,-23.0554577950613,3.84391806025159));
#8725=CARTESIAN_POINT('Ctrl Pts',(-0.579492118275295,-23.0554577950615,
3.84391806025159));
#8726=CARTESIAN_POINT('Ctrl Pts',(-50.5794921182753,-21.9222145399481,4.5387115317899));
#8727=CARTESIAN_POINT('Ctrl Pts',(-0.579492118275295,-21.9222145399484,
4.5387115317899));
#8728=CARTESIAN_POINT('',(-22.6162528991699,-24.7891740224423,2.8343017470375));
#8729=CARTESIAN_POINT('',(-22.6162528991699,-21.9222145399483,4.5387115317899));
#8730=CARTESIAN_POINT('Ctrl Pts',(-22.6162528991699,-24.7891740224424,2.83430174703746));
#8731=CARTESIAN_POINT('Ctrl Pts',(-22.6162528991699,-23.8192145507464,3.37565742397698));
#8732=CARTESIAN_POINT('Ctrl Pts',(-22.6162528991699,-22.8707145453473,3.95718447788344));
#8733=CARTESIAN_POINT('Ctrl Pts',(-22.6162528991699,-21.9222145399483,4.5387115317899));
#8734=CARTESIAN_POINT('',(-27.8171563148498,-24.7891740224423,2.8343017470375));
#8735=CARTESIAN_POINT('Ctrl Pts',(-27.8171563148498,-24.7891740224423,2.8343017470375));
#8736=CARTESIAN_POINT('Ctrl Pts',(-26.9862599118413,-24.7891740224423,2.8343017470375));
#8737=CARTESIAN_POINT('Ctrl Pts',(-26.1553635088326,-24.7891740224423,2.8343017470375));
#8738=CARTESIAN_POINT('Ctrl Pts',(-24.4217290369393,-24.7891740224423,2.8343017470375));
#8739=CARTESIAN_POINT('Ctrl Pts',(-23.5189909680546,-24.7891740224423,2.8343017470375));
#8740=CARTESIAN_POINT('Ctrl Pts',(-22.6162528991699,-24.7891740224423,2.8343017470375));
#8741=CARTESIAN_POINT('',(-27.8171563148498,-21.9222145399482,4.5387115317899));
#8742=CARTESIAN_POINT('Ctrl Pts',(-27.8171563148498,-21.9222145399482,4.5387115317899));
#8743=CARTESIAN_POINT('Ctrl Pts',(-27.8171563148498,-22.8707145453473,3.95718447788344));
#8744=CARTESIAN_POINT('Ctrl Pts',(-27.8171563148498,-23.8192145507464,3.37565742397699));
#8745=CARTESIAN_POINT('Ctrl Pts',(-27.8171563148499,-24.7891740224423,2.83430174703747));
#8746=CARTESIAN_POINT('',(-50.5794921182753,-21.9222145399481,4.5387115317899));
#8747=CARTESIAN_POINT('Ctrl Pts',(-50.5794921182753,-29.1098909696967,0.707372649343603));
#8748=CARTESIAN_POINT('Ctrl Pts',(-0.579492118275322,-29.1098909696969,
0.707372649343603));
#8749=CARTESIAN_POINT('Ctrl Pts',(-50.5794921182753,-27.8460918457248,1.28753893701213));
#8750=CARTESIAN_POINT('Ctrl Pts',(-0.579492118275322,-27.846091845725,1.28753893701213));
#8751=CARTESIAN_POINT('Ctrl Pts',(-50.5794921182753,-25.374163770621,2.42231526935317));
#8752=CARTESIAN_POINT('Ctrl Pts',(-0.579492118275304,-25.3741637706212,
2.42231526935317));
#8753=CARTESIAN_POINT('Ctrl Pts',(-50.5794921182753,-23.0554577950613,3.84391806025159));
#8754=CARTESIAN_POINT('Ctrl Pts',(-0.579492118275295,-23.0554577950615,
3.84391806025159));
#8755=CARTESIAN_POINT('Ctrl Pts',(-50.5794921182753,-21.9222145399481,4.5387115317899));
#8756=CARTESIAN_POINT('Ctrl Pts',(-0.579492118275295,-21.9222145399484,
4.5387115317899));
#8757=CARTESIAN_POINT('',(-38.1837790645948,-21.9222145399482,4.5387115317899));
#8758=CARTESIAN_POINT('',(-50.5794921182753,-21.9222145399481,4.5387115317899));
#8759=CARTESIAN_POINT('',(-34.3740166909379,-24.7891740224423,2.8343017470375));
#8760=CARTESIAN_POINT('Ctrl Pts',(-34.3740166909379,-24.7891740224423,2.8343017470375));
#8761=CARTESIAN_POINT('Ctrl Pts',(-35.6165354416891,-23.7539736699126,3.41206979195578));
#8762=CARTESIAN_POINT('Ctrl Pts',(-36.7984434888038,-22.8620058822704,3.96252377482992));
#8763=CARTESIAN_POINT('Ctrl Pts',(-38.1837790645948,-21.9222145399482,4.5387115317899));
#8764=CARTESIAN_POINT('Ctrl Pts',(-43.2685528549289,-24.7891740224422,2.8343017470375));
#8765=CARTESIAN_POINT('Ctrl Pts',(-40.3037074669319,-24.7891740224422,2.8343017470375));
#8766=CARTESIAN_POINT('Ctrl Pts',(-37.3388620789349,-24.7891740224422,2.8343017470375));
#8767=CARTESIAN_POINT('Ctrl Pts',(-34.3740166909379,-24.7891740224423,2.8343017470375));
#8768=CARTESIAN_POINT('Origin',(-27.6284697651867,0.,7.42014408111587));
#8769=CARTESIAN_POINT('',(-27.8171563148498,-21.5133263695702,7.42014408111587));
#8770=CARTESIAN_POINT('',(-27.9914707378968,-18.1793949952561,7.42014408111587));
#8771=CARTESIAN_POINT('Ctrl Pts',(-27.8171563148498,-21.5133263695702,7.42014408111587));
#8772=CARTESIAN_POINT('Ctrl Pts',(-27.8485149888478,-20.6798942537258,7.42014408111587));
#8773=CARTESIAN_POINT('Ctrl Pts',(-27.8798736628458,-19.8464621378814,7.42014408111587));
#8774=CARTESIAN_POINT('Ctrl Pts',(-27.9322791099548,-19.0144540894493,7.42014408111587));
#8775=CARTESIAN_POINT('Ctrl Pts',(-27.9498209784763,-18.7359529679153,7.42014408111587));
#8776=CARTESIAN_POINT('Ctrl Pts',(-27.9697210672309,-18.4576114083515,7.42014408111587));
#8777=CARTESIAN_POINT('Ctrl Pts',(-27.9914707378968,-18.1793949952561,7.42014408111587));
#8778=CARTESIAN_POINT('',(-27.8171563148498,-15.4428924137585,7.42014408111587));
#8779=CARTESIAN_POINT('',(-27.6284697651867,-18.1793949952561,7.42014408111587));
#8780=CARTESIAN_POINT('',(-27.6284697651867,0.,7.42014408111587));
#8781=CARTESIAN_POINT('Ctrl Pts',(-27.9914707378968,-18.1793949952561,7.42014408111587));
#8782=CARTESIAN_POINT('Ctrl Pts',(-27.8704704136601,-18.1793949952561,7.42014408111587));
#8783=CARTESIAN_POINT('Ctrl Pts',(-27.7494700894234,-18.1793949952561,7.42014408111587));
#8784=CARTESIAN_POINT('Ctrl Pts',(-27.6284697651867,-18.1793949952561,7.42014408111587));
#8785=CARTESIAN_POINT('Origin',(-27.6284697651867,0.,7.42014408111587));
#8786=CARTESIAN_POINT('Ctrl Pts',(-40.0347200036053,-20.7155043882005,7.42014408111586));
#8787=CARTESIAN_POINT('Ctrl Pts',(-38.6963727673935,-21.556516318399,7.42014408111586));
#8788=CARTESIAN_POINT('Ctrl Pts',(-37.3889201264878,-22.4385289410066,7.42014408111586));
#8789=CARTESIAN_POINT('Ctrl Pts',(-36.1331820487976,-23.389172755526,7.42014408111586));
#8790=CARTESIAN_POINT('Ctrl Pts',(-34.3239622922955,-24.7588242785479,7.42014408111586));
#8791=CARTESIAN_POINT('Ctrl Pts',(-32.622091381013,-26.2709401044598,7.42014408111586));
#8792=CARTESIAN_POINT('Ctrl Pts',(-30.9620460156509,-27.8385632553955,7.42014408111586));
#8793=CARTESIAN_POINT('Ctrl Pts',(-50.5794921182753,-21.9222145399481,4.5387115317899));
#8794=CARTESIAN_POINT('Ctrl Pts',(-0.579492118275295,-21.9222145399484,
4.5387115317899));
#8795=CARTESIAN_POINT('Ctrl Pts',(-50.5794921182753,-20.8367823761459,5.29878363448241));
#8796=CARTESIAN_POINT('Ctrl Pts',(-0.579492118275287,-20.8367823761461,
5.29878363448241));
#8797=CARTESIAN_POINT('Ctrl Pts',(-50.5794921182753,-18.6166677081422,6.85341531041971));
#8798=CARTESIAN_POINT('Ctrl Pts',(-0.579492118275278,-18.6166677081424,
6.85341531041971));
#8799=CARTESIAN_POINT('Ctrl Pts',(-50.5794921182753,-16.7439378524326,8.81320557108801));
#8800=CARTESIAN_POINT('Ctrl Pts',(-0.579492118275269,-16.7439378524328,
8.81320557108801));
#8801=CARTESIAN_POINT('Ctrl Pts',(-50.5794921182753,-15.7868008932501,9.81483839336217));
#8802=CARTESIAN_POINT('Ctrl Pts',(-0.579492118275269,-15.7868008932504,
9.81483839336217));
#8803=CARTESIAN_POINT('',(-3.70947380805897,-18.010819557849,7.5757920960644));
#8804=CARTESIAN_POINT('Ctrl Pts',(-0.579492118275278,-20.6259726989032,
5.45629996055631));
#8805=CARTESIAN_POINT('Ctrl Pts',(-2.03606696198659,-19.6196061682435,6.18424835429633));
#8806=CARTESIAN_POINT('Ctrl Pts',(-2.81613705882704,-18.941256508918,6.70915903324093));
#8807=CARTESIAN_POINT('Ctrl Pts',(-3.70947380805897,-18.010819557849,7.5757920960644));
#8808=CARTESIAN_POINT('Ctrl Pts',(-1.38119977213194,-21.9222145399483,4.5387115317899));
#8809=CARTESIAN_POINT('Ctrl Pts',(-1.11423917064062,-21.8009836125115,4.62360329103677));
#8810=CARTESIAN_POINT('Ctrl Pts',(-0.846959864956538,-21.6802170555846,
4.70817027838904));
#8811=CARTESIAN_POINT('Ctrl Pts',(-0.579492118275293,-21.5596738337166,
4.79279417067183));
#8812=CARTESIAN_POINT('',(-7.02869974402678,-18.1470147418109,7.44982628316887));
#8813=CARTESIAN_POINT('Ctrl Pts',(-7.02869974402678,-18.1470147418109,7.44982628316887));
#8814=CARTESIAN_POINT('Ctrl Pts',(-7.58359647441127,-18.5106590605056,7.11590128832076));
#8815=CARTESIAN_POINT('Ctrl Pts',(-8.13024593049323,-18.8719736026259,6.80450072970645));
#8816=CARTESIAN_POINT('Ctrl Pts',(-9.96087614568443,-20.1030343104851,5.81391240379294));
#8817=CARTESIAN_POINT('Ctrl Pts',(-11.2376987527376,-20.9934978475644,5.18904388117705));
#8818=CARTESIAN_POINT('Ctrl Pts',(-12.4721762607389,-21.9222145399483,4.5387115317899));
#8819=CARTESIAN_POINT('Ctrl Pts',(-7.02869974402678,-18.147014741811,7.44982628316885));
#8820=CARTESIAN_POINT('Ctrl Pts',(-6.53649294856729,-18.1355163791534,7.46038492658436));
#8821=CARTESIAN_POINT('Ctrl Pts',(-6.04339422685033,-18.1216419041154,7.47314063922213));
#8822=CARTESIAN_POINT('Ctrl Pts',(-5.54970425129313,-18.1032610580843,7.49009795623526));
#8823=CARTESIAN_POINT('Ctrl Pts',(-5.23987474159124,-18.0917256233061,7.50074001395602));
#8824=CARTESIAN_POINT('Ctrl Pts',(-4.92981236329791,-18.0784157122795,7.51303734330979));
#8825=CARTESIAN_POINT('Ctrl Pts',(-4.61959143526672,-18.0628119011078,7.52749372486395));
#8826=CARTESIAN_POINT('Ctrl Pts',(-4.31770259050348,-18.0476271856264,7.54156182901972));
#8827=CARTESIAN_POINT('Ctrl Pts',(-4.01375913260002,-18.0301293375237,7.55780646739528));
#8828=CARTESIAN_POINT('Ctrl Pts',(-3.70947380805897,-18.0108195578379,7.57579209607472));
#8829=CARTESIAN_POINT('Ctrl Pts',(-50.5794921182753,-21.9222145399481,4.5387115317899));
#8830=CARTESIAN_POINT('Ctrl Pts',(-0.579492118275295,-21.9222145399484,
4.5387115317899));
#8831=CARTESIAN_POINT('Ctrl Pts',(-50.5794921182753,-20.8367823761459,5.29878363448241));
#8832=CARTESIAN_POINT('Ctrl Pts',(-0.579492118275287,-20.8367823761461,
5.29878363448241));
#8833=CARTESIAN_POINT('Ctrl Pts',(-50.5794921182753,-18.6166677081422,6.85341531041971));
#8834=CARTESIAN_POINT('Ctrl Pts',(-0.579492118275278,-18.6166677081424,
6.85341531041971));
#8835=CARTESIAN_POINT('Ctrl Pts',(-50.5794921182753,-16.7439378524326,8.81320557108801));
#8836=CARTESIAN_POINT('Ctrl Pts',(-0.579492118275269,-16.7439378524328,
8.81320557108801));
#8837=CARTESIAN_POINT('Ctrl Pts',(-50.5794921182753,-15.7868008932501,9.81483839336217));
#8838=CARTESIAN_POINT('Ctrl Pts',(-0.579492118275269,-15.7868008932504,
9.81483839336217));
#8839=CARTESIAN_POINT('Ctrl Pts',(-46.8473197991645,-17.9507041738921,7.63195518996585));
#8840=CARTESIAN_POINT('Ctrl Pts',(-47.8245987079618,-19.0152810532482,6.63437568976706));
#8841=CARTESIAN_POINT('Ctrl Pts',(-48.6006024542664,-19.7359765816025,6.09708664498856));
#8842=CARTESIAN_POINT('Ctrl Pts',(-50.0694420933727,-20.717232477873,5.39043544489926));
#8843=CARTESIAN_POINT('Ctrl Pts',(-38.1837790645948,-21.9222145399482,4.53871153178989));
#8844=CARTESIAN_POINT('Ctrl Pts',(-38.5400571996573,-21.6805206770015,4.70795726518909));
#8845=CARTESIAN_POINT('Ctrl Pts',(-38.8998611104619,-21.4425114388779,4.87470464774974));
#8846=CARTESIAN_POINT('Ctrl Pts',(-39.2622526327501,-21.2079854533034,5.04057051599873));
#8847=CARTESIAN_POINT('Ctrl Pts',(-39.6580755919824,-20.9518239155257,5.22173788545425));
#8848=CARTESIAN_POINT('Ctrl Pts',(-40.0569850509992,-20.6998172077276,5.40185359511366));
#8849=CARTESIAN_POINT('Ctrl Pts',(-40.4577179660738,-20.4516491166514,5.58302450153334));
#8850=CARTESIAN_POINT('Ctrl Pts',(-41.0054721377601,-20.1124328904495,5.83066355499397));
#8851=CARTESIAN_POINT('Ctrl Pts',(-41.5566320676459,-19.7803871084218,6.08027409948505));
#8852=CARTESIAN_POINT('Ctrl Pts',(-42.1079077409902,-19.4546187288943,6.33723668910848));
#8853=CARTESIAN_POINT('Ctrl Pts',(-42.3110292509294,-19.3345870127501,6.43191641420055));
#8854=CARTESIAN_POINT('Ctrl Pts',(-42.5123046744183,-19.2165012585732,6.52675982473919));
#8855=CARTESIAN_POINT('Ctrl Pts',(-42.7134926320832,-19.0991688905527,6.62293098200445));
#8856=CARTESIAN_POINT('Ctrl Pts',(-42.933753444625,-18.9707132761232,6.72821927802468));
#8857=CARTESIAN_POINT('Ctrl Pts',(-43.153909994908,-18.8431614234432,6.83509899748116));
#8858=CARTESIAN_POINT('Ctrl Pts',(-43.3763095167653,-18.7150008898686,6.94509764174482));
#8859=CARTESIAN_POINT('Ctrl Pts',(-43.6189665123115,-18.5751667312107,7.06511561798983));
#8860=CARTESIAN_POINT('Ctrl Pts',(-43.8642949454127,-18.4346096164955,7.18884657618851));
#8861=CARTESIAN_POINT('Ctrl Pts',(-44.1153741682118,-18.2914055345757,7.31827459327987));
#8862=CARTESIAN_POINT('Ctrl Pts',(-44.2402374780917,-18.2201892250082,7.38263997734094));
#8863=CARTESIAN_POINT('Ctrl Pts',(-44.3648070571087,-18.1492974583823,7.44748813903534));
#8864=CARTESIAN_POINT('Ctrl Pts',(-44.4891399742298,-18.0786663872221,7.51281720321631));
#8865=CARTESIAN_POINT('Ctrl Pts',(-50.5794921182753,-21.9222145399481,4.5387115317899));
#8866=CARTESIAN_POINT('Ctrl Pts',(-0.579492118275295,-21.9222145399484,
4.5387115317899));
#8867=CARTESIAN_POINT('Ctrl Pts',(-50.5794921182753,-20.8367823761459,5.29878363448241));
#8868=CARTESIAN_POINT('Ctrl Pts',(-0.579492118275287,-20.8367823761461,
5.29878363448241));
#8869=CARTESIAN_POINT('Ctrl Pts',(-50.5794921182753,-18.6166677081422,6.85341531041971));
#8870=CARTESIAN_POINT('Ctrl Pts',(-0.579492118275278,-18.6166677081424,
6.85341531041971));
#8871=CARTESIAN_POINT('Ctrl Pts',(-50.5794921182753,-16.7439378524326,8.81320557108801));
#8872=CARTESIAN_POINT('Ctrl Pts',(-0.579492118275269,-16.7439378524328,
8.81320557108801));
#8873=CARTESIAN_POINT('Ctrl Pts',(-50.5794921182753,-15.7868008932501,9.81483839336217));
#8874=CARTESIAN_POINT('Ctrl Pts',(-0.579492118275269,-15.7868008932504,
9.81483839336217));
#8875=CARTESIAN_POINT('',(-22.6162528991699,-18.1814958680138,7.41822184636728));
#8876=CARTESIAN_POINT('',(-22.4869755440876,-15.7868008932503,9.81483839336217));
#8877=CARTESIAN_POINT('Ctrl Pts',(-22.6162528991699,-18.1814958680138,7.41822184636728));
#8878=CARTESIAN_POINT('Ctrl Pts',(-22.6157220817283,-18.0160324616509,7.56959858201976));
#8879=CARTESIAN_POINT('Ctrl Pts',(-22.6151603865474,-17.8528580833302,7.72295214398853));
#8880=CARTESIAN_POINT('Ctrl Pts',(-22.6135143317711,-17.6912020471552,7.87816808122166));
#8881=CARTESIAN_POINT('Ctrl Pts',(-22.6114598285973,-17.4894330391254,8.07189895837898));
#8882=CARTESIAN_POINT('Ctrl Pts',(-22.6077160580536,-17.2900301013856,8.26853197753874));
#8883=CARTESIAN_POINT('Ctrl Pts',(-22.600234620646,-17.0915515780018,8.46791093014928));
#8884=CARTESIAN_POINT('Ctrl Pts',(-22.5986501284877,-17.0495158505406,8.51013735933945));
#8885=CARTESIAN_POINT('Ctrl Pts',(-22.5968979835781,-17.0075217142758,8.55248710488634));
#8886=CARTESIAN_POINT('Ctrl Pts',(-22.5949587265012,-16.9655556205195,8.59495885402471));
#8887=CARTESIAN_POINT('Ctrl Pts',(-22.5906022353944,-16.8712798711049,8.69037054523942));
#8888=CARTESIAN_POINT('Ctrl Pts',(-22.5852588550026,-16.7794603719677,8.78404880217228));
#8889=CARTESIAN_POINT('Ctrl Pts',(-22.5790380295689,-16.689404342084,8.8764532693157));
#8890=CARTESIAN_POINT('Ctrl Pts',(-22.5718562709001,-16.585437323527,8.98313148911576));
#8891=CARTESIAN_POINT('Ctrl Pts',(-22.5635050518598,-16.4838209224009,9.08811230552024));
#8892=CARTESIAN_POINT('Ctrl Pts',(-22.5541527721433,-16.3835356690774,9.19215719652876));
#8893=CARTESIAN_POINT('Ctrl Pts',(-22.5428636492206,-16.2624814890902,9.31774962956842));
#8894=CARTESIAN_POINT('Ctrl Pts',(-22.5301158939847,-16.1433679426033,9.44197954586931));
#8895=CARTESIAN_POINT('Ctrl Pts',(-22.5162056957888,-16.0244557757196,9.56624906025955));
#8896=CARTESIAN_POINT('Ctrl Pts',(-22.5069480846779,-15.945316529688,9.64895376517992));
#8897=CARTESIAN_POINT('Ctrl Pts',(-22.4971755972899,-15.8662676375138,9.73167735922807));
#8898=CARTESIAN_POINT('Ctrl Pts',(-22.4869755440876,-15.7868008932503,9.81483839336217));
#8899=CARTESIAN_POINT('Ctrl Pts',(-22.6162528991699,-21.9222145399483,4.5387115317899));
#8900=CARTESIAN_POINT('Ctrl Pts',(-22.6162528991699,-20.836782376146,5.29878363448241));
#8901=CARTESIAN_POINT('Ctrl Pts',(-22.6162528991699,-19.7513502123438,6.05885573717493));
#8902=CARTESIAN_POINT('Ctrl Pts',(-22.6162528991699,-18.7489538511665,6.91577337566197));
#8903=CARTESIAN_POINT('Ctrl Pts',(-22.6162528991699,-18.5569404521491,7.07991969025017));
#8904=CARTESIAN_POINT('Ctrl Pts',(-22.6162528991699,-18.3679738920626,7.24761956534378));
#8905=CARTESIAN_POINT('Ctrl Pts',(-22.6162528991699,-18.1814958680138,7.41822184636722));
#8906=CARTESIAN_POINT('',(-27.8171563148498,-21.5133263695702,4.82534204316744));
#8907=CARTESIAN_POINT('Ctrl Pts',(-27.8171563148498,-21.5133263695702,4.82534204316744));
#8908=CARTESIAN_POINT('Ctrl Pts',(-27.8171563148498,-21.6495126925874,4.72967055571048));
#8909=CARTESIAN_POINT('Ctrl Pts',(-27.8171563148498,-21.7858636162679,4.63419104375011));
#8910=CARTESIAN_POINT('Ctrl Pts',(-27.8171563148498,-21.9222145399482,4.5387115317899));
#8911=CARTESIAN_POINT('Ctrl Pts',(-27.9914707378969,-18.179394995255,7.42014408111587));
#8912=CARTESIAN_POINT('Ctrl Pts',(-27.9805069204532,-18.319641438977,7.29198704694539));
#8913=CARTESIAN_POINT('Ctrl Pts',(-27.9701457451261,-18.458175601116,7.16839292430701));
#8914=CARTESIAN_POINT('Ctrl Pts',(-27.9603008868817,-18.5967630336904,7.04775085278567));
#8915=CARTESIAN_POINT('Ctrl Pts',(-27.9504560286374,-18.7353504662648,6.92710878126433));
#8916=CARTESIAN_POINT('Ctrl Pts',(-27.9411264113286,-18.8739910964601,6.80941876086005));
#8917=CARTESIAN_POINT('Ctrl Pts',(-27.9322791099548,-19.0144540894493,6.69306993115778));
#8918=CARTESIAN_POINT('Ctrl Pts',(-27.9222326885561,-19.1739547505974,6.56095174923395));
#8919=CARTESIAN_POINT('Ctrl Pts',(-27.9128100859781,-19.3358053678789,6.43056295225083));
#8920=CARTESIAN_POINT('Ctrl Pts',(-27.9037989777751,-19.50258525634,6.29954491129674));
#8921=CARTESIAN_POINT('Ctrl Pts',(-27.8956552833252,-19.6533108298684,6.18113873206497));
#8922=CARTESIAN_POINT('Ctrl Pts',(-27.887850380206,-19.808062544475,6.06221862090979));
#8923=CARTESIAN_POINT('Ctrl Pts',(-27.8802503428157,-19.9687457990123,5.94104361533422));
#8924=CARTESIAN_POINT('Ctrl Pts',(-27.8703036866632,-20.1790422752353,5.7824541173046));
#8925=CARTESIAN_POINT('Ctrl Pts',(-27.8610927698364,-20.3914705120882,5.62610242854621));
#8926=CARTESIAN_POINT('Ctrl Pts',(-27.8523427311486,-20.6050519516576,5.47144552042623));
#8927=CARTESIAN_POINT('Ctrl Pts',(-27.8409231369173,-20.8837951049469,5.26960422590991));
#8928=CARTESIAN_POINT('Ctrl Pts',(-27.8302868845219,-21.1645023524042,5.07064958646288));
#8929=CARTESIAN_POINT('Ctrl Pts',(-27.819727890611,-21.4449920126897,4.8733744977));
#8930=CARTESIAN_POINT('Ctrl Pts',(-27.8188703427561,-21.4677719582536,4.85735281697721));
#8931=CARTESIAN_POINT('Ctrl Pts',(-27.8180132797916,-21.4905504669713,4.84134221434127));
#8932=CARTESIAN_POINT('Ctrl Pts',(-27.8171563148498,-21.5133263695702,4.82534204316744));
#8933=CARTESIAN_POINT('',(-27.6284697651867,-15.7868008932502,9.81483839336217));
#8934=CARTESIAN_POINT('Ctrl Pts',(-27.6284697651867,-18.1793949952561,7.42014408111587));
#8935=CARTESIAN_POINT('Ctrl Pts',(-27.6284697651867,-17.3489858412637,8.18002980783911));
#8936=CARTESIAN_POINT('Ctrl Pts',(-27.6284697651867,-16.567893367257,8.99743410060057));
#8937=CARTESIAN_POINT('Ctrl Pts',(-27.6284697651867,-15.7868008932502,9.81483839336217));
#8938=CARTESIAN_POINT('',(-50.5794921182753,-15.7868008932501,9.81483839336217));
#8939=CARTESIAN_POINT('Ctrl Pts',(0.0694462656971151,0.,7.85764217376724));
#8940=CARTESIAN_POINT('Ctrl Pts',(0.0694462656971151,-50.,7.85764217376724));
#8941=CARTESIAN_POINT('Ctrl Pts',(-1.47828577670349,0.,7.73020718589355));
#8942=CARTESIAN_POINT('Ctrl Pts',(-1.47828577670349,-50.,7.73020718589355));
#8943=CARTESIAN_POINT('Ctrl Pts',(-4.38346256677946,0.,7.49100481825372));
#8944=CARTESIAN_POINT('Ctrl Pts',(-4.38346256677946,-50.,7.49100481825372));
#8945=CARTESIAN_POINT('Ctrl Pts',(-7.29793335002289,0.,7.44270989761923));
#8946=CARTESIAN_POINT('Ctrl Pts',(-7.29793335002289,-50.,7.44270989761923));
#8947=CARTESIAN_POINT('Ctrl Pts',(-8.65972071886099,0.,7.42014408111587));
#8948=CARTESIAN_POINT('Ctrl Pts',(-8.65972071886099,-50.,7.42014408111587));
#8949=CARTESIAN_POINT('Ctrl Pts',(-3.70947380805897,-18.010819557849,7.5757920960644));
#8950=CARTESIAN_POINT('Ctrl Pts',(-2.69390805835981,-19.0685616697375,7.63581075267963));
#8951=CARTESIAN_POINT('Ctrl Pts',(-1.92111013584865,-19.6990313366759,7.69481610536456));
#8952=CARTESIAN_POINT('Ctrl Pts',(-0.579492118275275,-20.6259726989032,
7.80435930478328));
#8953=CARTESIAN_POINT('Ctrl Pts',(-8.65972071886099,-19.2280495836363,7.42014408111587));
#8954=CARTESIAN_POINT('Ctrl Pts',(-8.16973990988622,-18.8988576210577,7.42826342285637));
#8955=CARTESIAN_POINT('Ctrl Pts',(-7.67712580169317,-18.5726167082505,7.43642035971631));
#8956=CARTESIAN_POINT('Ctrl Pts',(-7.18365880348733,-18.2486545435107,7.44657130105831));
#8957=CARTESIAN_POINT('Ctrl Pts',(-7.13201444268038,-18.2147499075686,7.44763365959313));
#8958=CARTESIAN_POINT('Ctrl Pts',(-7.0803607422835,-18.1808702305528,7.44871790016726));
#8959=CARTESIAN_POINT('Ctrl Pts',(-7.02869974402678,-18.1470147418109,7.44982628316887));
#8960=CARTESIAN_POINT('Ctrl Pts',(-0.579492118275274,-21.5596738337166,
7.80435930478328));
#8961=CARTESIAN_POINT('Ctrl Pts',(-0.975381723010013,-21.7380946304329,
7.77203489250556));
#8962=CARTESIAN_POINT('Ctrl Pts',(-1.37602810735679,-21.919305912528,7.73981358070634));
#8963=CARTESIAN_POINT('Ctrl Pts',(-1.77930005641517,-22.103466856917,7.70885566630687));
#8964=CARTESIAN_POINT('Ctrl Pts',(-2.18681066818606,-22.2895634581992,7.67757236315242));
#8965=CARTESIAN_POINT('Ctrl Pts',(-2.5970026731763,-22.478672053555,7.64758625230691));
#8966=CARTESIAN_POINT('Ctrl Pts',(-3.00767742476526,-22.6709568920121,7.62010443498228));
#8967=CARTESIAN_POINT('Ctrl Pts',(-3.31328793762913,-22.814048883593,7.59965337911748));
#8968=CARTESIAN_POINT('Ctrl Pts',(-3.61916582855062,-22.9588998284691,7.5805899956649));
#8969=CARTESIAN_POINT('Ctrl Pts',(-3.92440341897877,-23.10557741495,7.56337889392672));
#8970=CARTESIAN_POINT('Ctrl Pts',(-4.14216757392518,-23.2102208850573,7.55110006214701));
#8971=CARTESIAN_POINT('Ctrl Pts',(-4.35960580299367,-23.3157940707271,7.53976340646844));
#8972=CARTESIAN_POINT('Ctrl Pts',(-4.5763877034191,-23.4223215506535,7.5295209884645));
#8973=CARTESIAN_POINT('Ctrl Pts',(-4.6174844687114,-23.4425166630273,7.52757926617169));
#8974=CARTESIAN_POINT('Ctrl Pts',(-4.65855764357011,-23.4627460720394,7.52567681941326));
#8975=CARTESIAN_POINT('Ctrl Pts',(-4.69960486862825,-23.4830099451502,7.52381246060764));
#8976=CARTESIAN_POINT('Ctrl Pts',(-5.3701302671606,-23.8140296809352,7.49335729757593));
#8977=CARTESIAN_POINT('Ctrl Pts',(-6.03900079934967,-24.156827039202,7.47283496071735));
#8978=CARTESIAN_POINT('Ctrl Pts',(-6.70081800968482,-24.5143688843158,7.4572046451749));
#8979=CARTESIAN_POINT('Ctrl Pts',(-7.04730225101853,-24.7015544289265,7.44902163340373));
#8980=CARTESIAN_POINT('Ctrl Pts',(-7.3918531599827,-24.8927812682534,7.44217746057079));
#8981=CARTESIAN_POINT('Ctrl Pts',(-7.73369735161626,-25.0884751320302,7.43597479299345));
#8982=CARTESIAN_POINT('Ctrl Pts',(-8.04480744270951,-25.2665747963687,7.43032978710411));
#8983=CARTESIAN_POINT('Ctrl Pts',(-8.35367561027658,-25.4483743618079,7.42521547325836));
#8984=CARTESIAN_POINT('Ctrl Pts',(-8.65972071886099,-25.6341947445633,7.42014408111587));
#8985=CARTESIAN_POINT('Ctrl Pts',(-50.5794921182753,-15.7868008932501,9.81483839336217));
#8986=CARTESIAN_POINT('Ctrl Pts',(-0.579492118275269,-15.7868008932504,
9.81483839336217));
#8987=CARTESIAN_POINT('Ctrl Pts',(-50.5794921182753,-15.0257270832748,8.89044714211536));
#8988=CARTESIAN_POINT('Ctrl Pts',(-0.57949211827526,-15.025727083275,8.89044714211536));
#8989=CARTESIAN_POINT('Ctrl Pts',(-50.5794921182753,-13.5548385250283,7.10392328992002));
#8990=CARTESIAN_POINT('Ctrl Pts',(-0.579492118275251,-13.5548385250285,
7.10392328992002));
#8991=CARTESIAN_POINT('Ctrl Pts',(-50.5794921182752,-11.7396060417412,5.66959649639769));
#8992=CARTESIAN_POINT('Ctrl Pts',(-0.579492118275242,-11.7396060417414,
5.66959649639769));
#8993=CARTESIAN_POINT('Ctrl Pts',(-50.5794921182752,-10.8636193594366,4.97742555919469));
#8994=CARTESIAN_POINT('Ctrl Pts',(-0.579492118275242,-10.8636193594369,
4.97742555919469));
#8995=CARTESIAN_POINT('',(-22.3995494842529,-15.1476361382469,9.04299906930243));
#8996=CARTESIAN_POINT('',(-27.6284697651867,-15.1476361382522,9.04299906931499));
#8997=CARTESIAN_POINT('Ctrl Pts',(-22.3995494842529,-15.1476361382469,9.04299906930243));
#8998=CARTESIAN_POINT('Ctrl Pts',(-24.1425229112308,-15.1476361382469,9.04299906930244));
#8999=CARTESIAN_POINT('Ctrl Pts',(-25.8854963382087,-15.1476361382522,9.04299906931499));
#9000=CARTESIAN_POINT('Ctrl Pts',(-27.6284697651867,-15.1476361382522,9.04299906931499));
#9001=CARTESIAN_POINT('Ctrl Pts',(-22.4869755440876,-15.7868008932503,9.81483839336217));
#9002=CARTESIAN_POINT('Ctrl Pts',(-22.4597039432578,-15.5743328515819,9.55677722200991));
#9003=CARTESIAN_POINT('Ctrl Pts',(-22.4297816024046,-15.3620509507107,9.29894162857255));
#9004=CARTESIAN_POINT('Ctrl Pts',(-22.3995494842529,-15.1476361382469,9.04299906930243));
#9005=CARTESIAN_POINT('Ctrl Pts',(-27.6284697651867,-15.7868008932502,9.81483839336217));
#9006=CARTESIAN_POINT('Ctrl Pts',(-27.6284697651867,-15.5744138098902,9.55687555301393));
#9007=CARTESIAN_POINT('Ctrl Pts',(-27.6284697651867,-15.3620267265301,9.29891271266569));
#9008=CARTESIAN_POINT('Ctrl Pts',(-27.6284697651867,-15.1476361382573,9.04299906931488));
#9009=CARTESIAN_POINT('Origin',(-27.6284697651866,0.,23.3020853996278));
#9010=CARTESIAN_POINT('',(-27.6284697651866,-15.1476361382469,20.1186458342511));
#9011=CARTESIAN_POINT('',(-27.6284697651865,-15.1476361382469,38.0681935733327));
#9012=CARTESIAN_POINT('Ctrl Pts',(-27.6284697651866,-22.3624022008597,23.3020853996278));
#9013=CARTESIAN_POINT('Ctrl Pts',(-27.6284697651866,-22.1681824109447,22.539610010904));
#9014=CARTESIAN_POINT('Ctrl Pts',(-27.6284697651866,-21.9561384073161,21.7807403039705));
#9015=CARTESIAN_POINT('Ctrl Pts',(-27.6284697651866,-21.7440944036873,21.0218705970365));
#9016=CARTESIAN_POINT('',(-27.6284697651866,-15.7307224592598,18.1207432586271));
#9017=CARTESIAN_POINT('Ctrl Pts',(-27.6284697651866,-15.7307224592598,18.1207432586271));
#9018=CARTESIAN_POINT('Ctrl Pts',(-27.6284697651866,-16.2139067551537,19.8422755935796));
#9019=CARTESIAN_POINT('Ctrl Pts',(-27.6284697651866,-16.6970910510476,21.5638079285323));
#9020=CARTESIAN_POINT('Ctrl Pts',(-27.6284697651866,-17.1029253167362,23.3020853996278));
#9021=CARTESIAN_POINT('Ctrl Pts',(-27.6284697651866,-15.1476361382469,20.118645834251));
#9022=CARTESIAN_POINT('Ctrl Pts',(-27.6284697651866,-15.3398970373085,19.452095885605));
#9023=CARTESIAN_POINT('Ctrl Pts',(-27.6284697651866,-15.5353097482842,18.786419572116));
#9024=CARTESIAN_POINT('Ctrl Pts',(-27.6284697651866,-15.7307224592598,18.1207432586271));
#9025=CARTESIAN_POINT('Ctrl Pts',(-50.5794921182753,-13.6872344335944,25.5046834785062));
#9026=CARTESIAN_POINT('Ctrl Pts',(-0.579492118275251,-13.6872344335946,
25.5046834785062));
#9027=CARTESIAN_POINT('Ctrl Pts',(-50.5794921182753,-14.0219761201323,24.2197753742763));
#9028=CARTESIAN_POINT('Ctrl Pts',(-0.57949211827526,-14.0219761201325,24.2197753742763));
#9029=CARTESIAN_POINT('Ctrl Pts',(-50.5794921182753,-14.6658828737891,21.7481351830022));
#9030=CARTESIAN_POINT('Ctrl Pts',(-0.57949211827526,-14.6658828737893,21.7481351830022));
#9031=CARTESIAN_POINT('Ctrl Pts',(-50.5794921182753,-15.3853012698629,19.2974256904433));
#9032=CARTESIAN_POINT('Ctrl Pts',(-0.57949211827526,-15.3853012698632,19.2974256904433));
#9033=CARTESIAN_POINT('Ctrl Pts',(-50.5794921182753,-15.7307224592597,18.1207432586271));
#9034=CARTESIAN_POINT('Ctrl Pts',(-0.579492118275269,-15.7307224592599,
18.1207432586271));
#9035=CARTESIAN_POINT('',(-22.3995494842529,-15.1476361382469,20.1186458342511));
#9036=CARTESIAN_POINT('',(-22.479717225578,-15.7307224592598,18.1207432586271));
#9037=CARTESIAN_POINT('Ctrl Pts',(-22.3995494842529,-15.1476361382469,20.1186458342511));
#9038=CARTESIAN_POINT('Ctrl Pts',(-22.4266597229179,-15.3399096901704,19.4520520193563));
#9039=CARTESIAN_POINT('Ctrl Pts',(-22.4542131518369,-15.5352509383565,18.7866199090116));
#9040=CARTESIAN_POINT('Ctrl Pts',(-22.479717225578,-15.7307224592598,18.1207432586271));
#9041=CARTESIAN_POINT('Ctrl Pts',(-27.6284697651866,-15.1476361382469,20.1186458342511));
#9042=CARTESIAN_POINT('Ctrl Pts',(-25.8854963382087,-15.1476361382469,20.1186458342511));
#9043=CARTESIAN_POINT('Ctrl Pts',(-24.1425229112308,-15.1476361382469,20.1186458342511));
#9044=CARTESIAN_POINT('Ctrl Pts',(-22.3995494842529,-15.1476361382469,20.1186458342511));
#9045=CARTESIAN_POINT('',(-50.5794921182753,-15.7307224592597,18.1207432586271));
#9046=CARTESIAN_POINT('Ctrl Pts',(-50.5794921182753,-15.7307224592597,18.1207432586271));
#9047=CARTESIAN_POINT('Ctrl Pts',(-0.579492118275269,-15.7307224592599,
18.1207432586271));
#9048=CARTESIAN_POINT('Ctrl Pts',(-50.5794921182753,-16.2770854239881,20.0673742199259));
#9049=CARTESIAN_POINT('Ctrl Pts',(-0.579492118275269,-16.2770854239883,
20.0673742199259));
#9050=CARTESIAN_POINT('Ctrl Pts',(-50.5794921182753,-17.4800400906215,24.3533689711838));
#9051=CARTESIAN_POINT('Ctrl Pts',(-0.579492118275269,-17.4800400906217,
24.3533689711838));
#9052=CARTESIAN_POINT('Ctrl Pts',(-50.5794921182753,-18.1408667665972,28.7567264046053));
#9053=CARTESIAN_POINT('Ctrl Pts',(-0.579492118275278,-18.1408667665974,
28.7567264046053));
#9054=CARTESIAN_POINT('Ctrl Pts',(-50.5794921182753,-18.5015564283759,31.1601486045438));
#9055=CARTESIAN_POINT('Ctrl Pts',(-0.579492118275278,-18.5015564283761,
31.1601486045438));
#9056=CARTESIAN_POINT('',(-27.9975489229178,-18.1022488275121,28.5520863533022));
#9057=CARTESIAN_POINT('Ctrl Pts',(-27.9975489229178,-18.1022488275122,28.5520863533028));
#9058=CARTESIAN_POINT('Ctrl Pts',(-28.0023653377183,-18.0415187449324,28.1705683154388));
#9059=CARTESIAN_POINT('Ctrl Pts',(-28.0073223099877,-17.9801090969403,27.7944256095126));
#9060=CARTESIAN_POINT('Ctrl Pts',(-28.0124738474534,-17.9174028660033,27.42301949516));
#9061=CARTESIAN_POINT('Ctrl Pts',(-28.0183273187421,-17.8461524626325,27.0010066414682));
#9062=CARTESIAN_POINT('Ctrl Pts',(-28.0244319893258,-17.7732294257784,26.5851088136644));
#9063=CARTESIAN_POINT('Ctrl Pts',(-28.0308670884996,-17.6978026600096,26.1743729453156));
#9064=CARTESIAN_POINT('Ctrl Pts',(-28.0393141879301,-17.5987929364672,25.6352162632065));
#9065=CARTESIAN_POINT('Ctrl Pts',(-28.0483306413147,-17.495474228485,25.1049529241365));
#9066=CARTESIAN_POINT('Ctrl Pts',(-28.0580956506642,-17.3860399923503,24.5814114126556));
#9067=CARTESIAN_POINT('Ctrl Pts',(-28.0618476187963,-17.3439925398755,24.3802532778701));
#9068=CARTESIAN_POINT('Ctrl Pts',(-28.065693053452,-17.3013400710976,24.1815108448112));
#9069=CARTESIAN_POINT('Ctrl Pts',(-28.0696284124836,-17.257979424897,23.9848460990506));
#9070=CARTESIAN_POINT('Ctrl Pts',(-28.0742354569629,-17.2072180015825,23.7546146960315));
#9071=CARTESIAN_POINT('Ctrl Pts',(-28.0789657419623,-17.1554896396025,23.5272299621918));
#9072=CARTESIAN_POINT('Ctrl Pts',(-28.0838135844405,-17.1029253167362,23.3020853996279));
#9073=CARTESIAN_POINT('',(-27.6284697651866,-18.1022488275122,28.5520863533022));
#9074=CARTESIAN_POINT('Ctrl Pts',(-27.9975489229178,-18.1022488275121,28.5520863533022));
#9075=CARTESIAN_POINT('Ctrl Pts',(-27.8745225370074,-18.1022488275121,28.5520863533022));
#9076=CARTESIAN_POINT('Ctrl Pts',(-27.751496151097,-18.1022488275122,28.5520863533022));
#9077=CARTESIAN_POINT('Ctrl Pts',(-27.6284697651866,-18.1022488275122,28.5520863533022));
#9078=CARTESIAN_POINT('',(-27.6284697651865,-18.501556428376,31.1601486045438));
#9079=CARTESIAN_POINT('Ctrl Pts',(-27.6284697651866,-18.1022488275122,28.5520863533022));
#9080=CARTESIAN_POINT('Ctrl Pts',(-27.6284697651865,-18.2404567715617,29.4203351912924));
#9081=CARTESIAN_POINT('Ctrl Pts',(-27.6284697651865,-18.3710065999688,30.2902418979181));
#9082=CARTESIAN_POINT('Ctrl Pts',(-27.6284697651865,-18.501556428376,31.1601486045438));
#9083=CARTESIAN_POINT('',(-22.6162528991699,-18.501556428376,31.1601486045438));
#9084=CARTESIAN_POINT('',(-50.5794921182753,-18.5015564283759,31.1601486045438));
#9085=CARTESIAN_POINT('',(-22.6162528991699,-18.1814958680138,29.0551383235867));
#9086=CARTESIAN_POINT('Ctrl Pts',(-22.6162528991699,-18.1814958680138,29.0551383235867));
#9087=CARTESIAN_POINT('Ctrl Pts',(-22.6162528991699,-18.290865288461,29.756227681208));
#9088=CARTESIAN_POINT('Ctrl Pts',(-22.6162528991699,-18.3962108584186,30.4581881428765));
#9089=CARTESIAN_POINT('Ctrl Pts',(-22.6162528991699,-18.501556428376,31.1601486045438));
#9090=CARTESIAN_POINT('Ctrl Pts',(-22.479717225578,-15.7307224592598,18.120743258627));
#9091=CARTESIAN_POINT('Ctrl Pts',(-22.6529782755932,-17.058651530655,22.8520080252128));
#9092=CARTESIAN_POINT('Ctrl Pts',(-22.6141109185625,-17.5138098051773,24.7750791354465));
#9093=CARTESIAN_POINT('Ctrl Pts',(-22.6162528991699,-18.1814958680138,29.0551383235867));
#9094=CARTESIAN_POINT('Ctrl Pts',(-50.5794921182753,-18.5015564283759,31.1601486045438));
#9095=CARTESIAN_POINT('Ctrl Pts',(-0.579492118275278,-18.5015564283761,
31.1601486045438));
#9096=CARTESIAN_POINT('Ctrl Pts',(-50.5794921182753,-19.1863056684135,31.0369443557576));
#9097=CARTESIAN_POINT('Ctrl Pts',(-0.579492118275278,-19.1863056684138,
31.0369443557576));
#9098=CARTESIAN_POINT('Ctrl Pts',(-50.5794921182753,-20.396035519465,30.8192824018359));
#9099=CARTESIAN_POINT('Ctrl Pts',(-0.579492118275287,-20.3960355194652,
30.8192824018359));
#9100=CARTESIAN_POINT('Ctrl Pts',(-50.5794921182753,-21.6236697672924,30.7694521201285));
#9101=CARTESIAN_POINT('Ctrl Pts',(-0.579492118275287,-21.6236697672927,
30.7694521201285));
#9102=CARTESIAN_POINT('Ctrl Pts',(-50.5794921182753,-22.156420262757,30.7478275138456));
#9103=CARTESIAN_POINT('Ctrl Pts',(-0.579492118275295,-22.1564202627572,
30.7478275138456));
#9104=CARTESIAN_POINT('',(-22.6162528991699,-22.1564202627571,30.7478275138456));
#9105=CARTESIAN_POINT('Ctrl Pts',(-22.6162528991699,-18.501556428376,31.1601486045438));
#9106=CARTESIAN_POINT('Ctrl Pts',(-22.6162528991699,-19.1863056684137,31.0369443557576));
#9107=CARTESIAN_POINT('Ctrl Pts',(-22.6162528991699,-19.8710549084513,30.9137401069715));
#9108=CARTESIAN_POINT('Ctrl Pts',(-22.6162528991699,-20.5615406355293,30.8443083602506));
#9109=CARTESIAN_POINT('Ctrl Pts',(-22.6162528991699,-21.090919271828,30.7910767264115));
#9110=CARTESIAN_POINT('Ctrl Pts',(-22.6162528991699,-21.6236697672926,30.7694521201285));
#9111=CARTESIAN_POINT('Ctrl Pts',(-22.6162528991699,-22.1564202627571,30.7478275138456));
#9112=CARTESIAN_POINT('',(-27.6284697651865,-22.1564202627571,30.7478275138456));
#9113=CARTESIAN_POINT('Ctrl Pts',(-27.6284697651865,-18.501556428376,31.1601486045438));
#9114=CARTESIAN_POINT('Ctrl Pts',(-27.6284697651865,-19.1863056684136,31.0369443557576));
#9115=CARTESIAN_POINT('Ctrl Pts',(-27.6284697651865,-19.8710549084513,30.9137401069715));
#9116=CARTESIAN_POINT('Ctrl Pts',(-27.6284697651865,-20.5615406355293,30.8443083602506));
#9117=CARTESIAN_POINT('Ctrl Pts',(-27.6284697651865,-21.090919271828,30.7910767264115));
#9118=CARTESIAN_POINT('Ctrl Pts',(-27.6284697651865,-21.6236697672925,30.7694521201285));
#9119=CARTESIAN_POINT('Ctrl Pts',(-27.6284697651865,-22.1564202627571,30.7478275138456));
#9120=CARTESIAN_POINT('',(-50.5794921182753,-22.156420262757,30.7478275138456));
#9121=CARTESIAN_POINT('Ctrl Pts',(-50.5794921182753,-22.156420262757,30.7478275138456));
#9122=CARTESIAN_POINT('Ctrl Pts',(-0.579492118275295,-22.1564202627572,
30.7478275138456));
#9123=CARTESIAN_POINT('Ctrl Pts',(-50.5794921182753,-21.5810726530963,31.5502687744443));
#9124=CARTESIAN_POINT('Ctrl Pts',(-0.579492118275287,-21.5810726530965,
31.5502687744443));
#9125=CARTESIAN_POINT('Ctrl Pts',(-50.5794921182753,-20.448839093715,33.1294026917954));
#9126=CARTESIAN_POINT('Ctrl Pts',(-0.579492118275287,-20.4488390937153,
33.1294026917954));
#9127=CARTESIAN_POINT('Ctrl Pts',(-50.5794921182753,-19.5371293827552,34.8452221179572));
#9128=CARTESIAN_POINT('Ctrl Pts',(-0.579492118275278,-19.5371293827555,
34.8452221179572));
#9129=CARTESIAN_POINT('Ctrl Pts',(-50.5794921182753,-19.0887074789435,35.6891431647855));
#9130=CARTESIAN_POINT('Ctrl Pts',(-0.579492118275278,-19.0887074789437,
35.6891431647855));
#9131=CARTESIAN_POINT('',(-22.6162528991699,-19.0887074789436,35.6891431647855));
#9132=CARTESIAN_POINT('Ctrl Pts',(-22.6162528991699,-22.1564202627571,30.7478275138456));
#9133=CARTESIAN_POINT('Ctrl Pts',(-22.6162528991699,-21.5810726530964,31.5502687744443));
#9134=CARTESIAN_POINT('Ctrl Pts',(-22.6162528991699,-21.0057250434357,32.352710035043));
#9135=CARTESIAN_POINT('Ctrl Pts',(-22.6162528991699,-20.487320931855,33.1904461223203));
#9136=CARTESIAN_POINT('Ctrl Pts',(-22.6162528991699,-19.9855512865671,34.0013010711289));
#9137=CARTESIAN_POINT('Ctrl Pts',(-22.6162528991699,-19.5371293827554,34.8452221179572));
#9138=CARTESIAN_POINT('Ctrl Pts',(-22.6162528991699,-19.0887074789436,35.6891431647855));
#9139=CARTESIAN_POINT('',(-27.6284697651865,-19.0887074789436,35.6891431647855));
#9140=CARTESIAN_POINT('Ctrl Pts',(-27.6284697651865,-22.1564202627571,30.7478275138456));
#9141=CARTESIAN_POINT('Ctrl Pts',(-27.6284697651865,-21.5810726530964,31.5502687744443));
#9142=CARTESIAN_POINT('Ctrl Pts',(-27.6284697651865,-21.0057250434357,32.352710035043));
#9143=CARTESIAN_POINT('Ctrl Pts',(-27.6284697651865,-20.487320931855,33.1904461223203));
#9144=CARTESIAN_POINT('Ctrl Pts',(-27.6284697651865,-19.9855512865671,34.0013010711289));
#9145=CARTESIAN_POINT('Ctrl Pts',(-27.6284697651865,-19.5371293827553,34.8452221179572));
#9146=CARTESIAN_POINT('Ctrl Pts',(-27.6284697651865,-19.0887074789436,35.6891431647855));
#9147=CARTESIAN_POINT('',(-50.5794921182753,-19.0887074789435,35.6891431647855));
#9148=CARTESIAN_POINT('Origin',(-50.5794921182753,-19.0887074789435,35.6891431647855));
#9149=CARTESIAN_POINT('',(-22.3995494842529,-15.1476361382469,35.6891431647855));
#9150=CARTESIAN_POINT('',(-27.6284697651865,-15.1476361382469,35.6891431647855));
#9151=CARTESIAN_POINT('',(-39.4285721909583,-15.1476361382469,35.6891431647855));
#9152=CARTESIAN_POINT('',(-22.6162528991699,-18.1814958680138,35.6891431647855));
#9153=CARTESIAN_POINT('Ctrl Pts',(-22.6162528991699,-18.1814958680138,35.6891431647855));
#9154=CARTESIAN_POINT('Ctrl Pts',(-22.6145990455482,-17.6659659844139,35.6891431647855));
#9155=CARTESIAN_POINT('Ctrl Pts',(-22.6129451919264,-17.1504361008141,35.6891431647855));
#9156=CARTESIAN_POINT('Ctrl Pts',(-22.5756192207336,-16.6374780762657,35.6891431647855));
#9157=CARTESIAN_POINT('Ctrl Pts',(-22.5393648404636,-16.1392465583639,35.6891431647855));
#9158=CARTESIAN_POINT('Ctrl Pts',(-22.4694571623583,-15.6434413483054,35.6891431647855));
#9159=CARTESIAN_POINT('Ctrl Pts',(-22.3995494842529,-15.1476361382469,35.6891431647855));
#9160=CARTESIAN_POINT('',(-22.6162528991699,-18.6351016734786,35.6891431647855));
#9161=CARTESIAN_POINT('',(-27.6284697651865,-9.54435373947175,35.6891431647855));
#9162=CARTESIAN_POINT('Ctrl Pts',(-50.5794921182753,-23.3835034689337,29.0655364829618));
#9163=CARTESIAN_POINT('Ctrl Pts',(-0.579492118275295,-23.383503468934,29.0655364829618));
#9164=CARTESIAN_POINT('Ctrl Pts',(-50.5794921182753,-23.2134874205228,27.7464065142474));
#9165=CARTESIAN_POINT('Ctrl Pts',(-0.579492118275295,-23.213487420523,27.7464065142474));
#9166=CARTESIAN_POINT('Ctrl Pts',(-50.5794921182753,-22.8628133223495,25.0255768250748));
#9167=CARTESIAN_POINT('Ctrl Pts',(-0.579492118275295,-22.8628133223498,
25.0255768250748));
#9168=CARTESIAN_POINT('Ctrl Pts',(-50.5794921182753,-22.1244696150555,22.3831692908742));
#9169=CARTESIAN_POINT('Ctrl Pts',(-0.579492118275295,-22.1244696150557,
22.3831692908742));
#9170=CARTESIAN_POINT('Ctrl Pts',(-50.5794921182753,-21.7440944036871,21.0218705970365));
#9171=CARTESIAN_POINT('Ctrl Pts',(-0.579492118275295,-21.7440944036874,
21.0218705970365));
#9172=CARTESIAN_POINT('',(-27.8171563148498,-23.3171231961502,28.5520863533021));
#9173=CARTESIAN_POINT('Ctrl Pts',(-27.8171563148498,-22.3624022008597,23.3020853996278));
#9174=CARTESIAN_POINT('Ctrl Pts',(-27.8171563148498,-22.5165836501996,23.9073767583038));
#9175=CARTESIAN_POINT('Ctrl Pts',(-27.8171563148498,-22.6595323087984,24.5149404118297));
#9176=CARTESIAN_POINT('Ctrl Pts',(-27.8171563148498,-22.7823310217292,25.1265802222806));
#9177=CARTESIAN_POINT('Ctrl Pts',(-27.8171563148498,-23.0095871539614,26.2585049332556));
#9178=CARTESIAN_POINT('Ctrl Pts',(-27.8171563148498,-23.167832421111,27.4043899357492));
#9179=CARTESIAN_POINT('Ctrl Pts',(-27.8171563148498,-23.3171231961502,28.5520863533022));
#9180=CARTESIAN_POINT('',(-22.6162528991699,-23.3835034689339,29.0655364829618));
#9181=CARTESIAN_POINT('Ctrl Pts',(-22.6162528991699,-23.3835034689339,29.0655364829618));
#9182=CARTESIAN_POINT('Ctrl Pts',(-22.6162528991699,-23.2134874205229,27.7464065142474));
#9183=CARTESIAN_POINT('Ctrl Pts',(-22.6162528991699,-23.043471372112,26.427276545533));
#9184=CARTESIAN_POINT('Ctrl Pts',(-22.6162528991699,-22.7823310217293,25.1265802222806));
#9185=CARTESIAN_POINT('Ctrl Pts',(-22.6162528991699,-22.5048448264239,23.7444679847119));
#9186=CARTESIAN_POINT('Ctrl Pts',(-22.6162528991699,-22.1244696150556,22.3831692908742));
#9187=CARTESIAN_POINT('Ctrl Pts',(-22.6162528991699,-21.7440944036873,21.0218705970365));
#9188=CARTESIAN_POINT('',(-27.6284697651865,-23.3835034689338,29.0655364829618));
#9189=CARTESIAN_POINT('',(-50.5794921182753,-23.3835034689337,29.0655364829618));
#9190=CARTESIAN_POINT('',(-27.6284697651866,-23.3171231961502,28.5520863533022));
#9191=CARTESIAN_POINT('Ctrl Pts',(-27.6284697651865,-23.3835034689338,29.0655364829618));
#9192=CARTESIAN_POINT('Ctrl Pts',(-27.6284697651865,-23.3614430678316,28.8943730164077));
#9193=CARTESIAN_POINT('Ctrl Pts',(-27.6284697651865,-23.3393826667292,28.7232095498523));
#9194=CARTESIAN_POINT('Ctrl Pts',(-27.6284697651866,-23.3171231961502,28.5520863533022));
#9195=CARTESIAN_POINT('Ctrl Pts',(-27.6284697651866,-23.3171231961502,28.5520863533022));
#9196=CARTESIAN_POINT('Ctrl Pts',(-27.691365281741,-23.3171231961502,28.5520863533021));
#9197=CARTESIAN_POINT('Ctrl Pts',(-27.7542607982954,-23.3171231961502,28.5520863533021));
#9198=CARTESIAN_POINT('Ctrl Pts',(-27.8171563148498,-23.3171231961502,28.5520863533021));
#9199=CARTESIAN_POINT('Origin',(-27.6284697651865,0.,41.1701416969301));
#9200=CARTESIAN_POINT('',(-27.6284697651865,-15.1476361382469,40.0565090018827));
#9201=CARTESIAN_POINT('',(-27.6284697651864,-15.1476361382469,47.0022217219838));
#9202=CARTESIAN_POINT('',(-27.6284697651866,0.,28.5520863533022));
#9203=CARTESIAN_POINT('',(-27.6284697651866,-23.5226053871164,28.5520863533022));
#9204=CARTESIAN_POINT('',(-27.6284697651865,-21.2808112685423,36.8269505384309));
#9205=CARTESIAN_POINT('',(-27.6284697651866,-25.8608202023172,28.5520863533022));
#9206=CARTESIAN_POINT('',(-27.6284697651866,0.,28.5520863533022));
#9207=CARTESIAN_POINT('',(-27.6284697651865,-26.9163136801155,29.2293651753675));
#9208=CARTESIAN_POINT('Ctrl Pts',(-27.6284697651865,-26.9163136801155,29.2293651753675));
#9209=CARTESIAN_POINT('Ctrl Pts',(-27.6284697651865,-26.635931137735,29.0406873476756));
#9210=CARTESIAN_POINT('Ctrl Pts',(-27.6284697651865,-26.3530699068939,28.8560053587002));
#9211=CARTESIAN_POINT('Ctrl Pts',(-27.6284697651865,-26.0660987219246,28.6779489356595));
#9212=CARTESIAN_POINT('Ctrl Pts',(-27.6284697651865,-25.9978974280256,28.6356322186007));
#9213=CARTESIAN_POINT('Ctrl Pts',(-27.6284697651865,-25.9294639964569,28.5936897255331));
#9214=CARTESIAN_POINT('Ctrl Pts',(-27.6284697651865,-25.8608202023173,28.5520863533022));
#9215=CARTESIAN_POINT('',(-27.6284697651865,-26.9163136801155,33.358028642253));
#9216=CARTESIAN_POINT('',(-27.6284697651865,-48.2616268715294,43.4105451026717));
#9217=CARTESIAN_POINT('',(-27.6284697651865,-24.6402745565803,40.6568565208036));
#9218=CARTESIAN_POINT('',(-27.6284697651865,-24.6402745565803,40.9134991088667));
#9219=CARTESIAN_POINT('Ctrl Pts',(-27.6284697651865,-32.9197888693245,40.8646669227201));
#9220=CARTESIAN_POINT('Ctrl Pts',(-27.6284697651865,-31.550655520342,40.8557250310211));
#9221=CARTESIAN_POINT('Ctrl Pts',(-27.6284697651865,-30.1815221713595,40.8467831393221));
#9222=CARTESIAN_POINT('Ctrl Pts',(-27.6284697651865,-28.8130169233711,40.8127143222409));
#9223=CARTESIAN_POINT('Ctrl Pts',(-27.6284697651864,-27.4216699722895,40.778076862982));
#9224=CARTESIAN_POINT('Ctrl Pts',(-27.6284697651864,-26.0309722644349,40.7174666918928));
#9225=CARTESIAN_POINT('Ctrl Pts',(-27.6284697651864,-24.6402745565803,40.6568565208036));
#9226=CARTESIAN_POINT('',(-27.6284697651865,-22.5410293606943,41.1701416969301));
#9227=CARTESIAN_POINT('Ctrl Pts',(-27.6284697651865,-22.5410293606943,41.1701416969301));
#9228=CARTESIAN_POINT('Ctrl Pts',(-27.6284697651865,-22.8558399778825,40.3835524833864));
#9229=CARTESIAN_POINT('Ctrl Pts',(-27.6284697651865,-23.1790462942549,39.5998897132761));
#9230=CARTESIAN_POINT('Ctrl Pts',(-27.6284697651865,-23.502252610627,38.8162269431668));
#9231=CARTESIAN_POINT('',(-27.6284697651865,-17.0158569354673,41.1701416969301));
#9232=CARTESIAN_POINT('',(-27.6284697651865,0.,41.1701416969301));
#9233=CARTESIAN_POINT('',(-27.6284697651865,-17.6010351499946,40.0565090018827));
#9234=CARTESIAN_POINT('Ctrl Pts',(-27.6284697651865,-17.6010351499946,40.0565090018827));
#9235=CARTESIAN_POINT('Ctrl Pts',(-27.6284697651865,-17.4045476614901,40.4270107468603));
#9236=CARTESIAN_POINT('Ctrl Pts',(-27.6284697651865,-17.2080601729854,40.797512491838));
#9237=CARTESIAN_POINT('Ctrl Pts',(-27.6284697651865,-17.0158569354673,41.1701416969301));
#9238=CARTESIAN_POINT('',(-27.6284697651865,-4.66735388443025,40.0565090018827));
#9239=CARTESIAN_POINT('Origin',(-50.5794921182753,-23.832114251557,27.4096336204129));
#9240=CARTESIAN_POINT('',(-27.8171563148498,-23.5226053871164,28.5520863533022));
#9241=CARTESIAN_POINT('',(-27.8171563148498,-23.8321142515571,27.4096336204129));
#9242=CARTESIAN_POINT('',(-27.8171563148498,-20.8647810391528,38.3625927352693));
#9243=CARTESIAN_POINT('',(-39.103980941731,-23.5226053871164,28.5520863533022));
#9244=CARTESIAN_POINT('',(-22.6162528991699,-23.8321142515571,27.4096336204129));
#9245=CARTESIAN_POINT('',(-22.6162528991699,-20.4304405851911,39.9658212551684));
#9246=CARTESIAN_POINT('',(-50.5794921182753,-23.832114251557,27.4096336204129));
#9247=CARTESIAN_POINT('Ctrl Pts',(-50.5794921182753,-26.9163136801154,29.2293651753675));
#9248=CARTESIAN_POINT('Ctrl Pts',(-0.579492118275313,-26.9163136801156,
29.2293651753675));
#9249=CARTESIAN_POINT('Ctrl Pts',(-50.5794921182753,-26.6359311377349,29.0406873476756));
#9250=CARTESIAN_POINT('Ctrl Pts',(-0.579492118275313,-26.6359311377352,
29.0406873476756));
#9251=CARTESIAN_POINT('Ctrl Pts',(-50.5794921182753,-25.63640979774,28.3880931814664));
#9252=CARTESIAN_POINT('Ctrl Pts',(-0.579492118275313,-25.6364097977402,
28.3880931814664));
#9253=CARTESIAN_POINT('Ctrl Pts',(-50.5794921182753,-24.5855699212443,27.8182284902473));
#9254=CARTESIAN_POINT('Ctrl Pts',(-0.579492118275304,-24.5855699212445,
27.8182284902473));
#9255=CARTESIAN_POINT('Ctrl Pts',(-50.5794921182753,-23.832114251557,27.4096336204129));
#9256=CARTESIAN_POINT('Ctrl Pts',(-0.579492118275304,-23.8321142515572,
27.4096336204129));
#9257=CARTESIAN_POINT('',(-27.8171563148498,-25.8608202023172,28.5520863533022));
#9258=CARTESIAN_POINT('Ctrl Pts',(-27.8171563148498,-23.8321142515571,27.4096336204129));
#9259=CARTESIAN_POINT('Ctrl Pts',(-27.8171563148498,-24.5148938786598,27.7799012606809));
#9260=CARTESIAN_POINT('Ctrl Pts',(-27.8171563148499,-25.1976735057625,28.1501689009488));
#9261=CARTESIAN_POINT('Ctrl Pts',(-27.8171563148499,-25.8608202023173,28.5520863533022));
#9262=CARTESIAN_POINT('',(-22.6162528991699,-26.9163136801155,29.2293651753675));
#9263=CARTESIAN_POINT('Ctrl Pts',(-22.6162528991699,-26.9163136801155,29.2293651753675));
#9264=CARTESIAN_POINT('Ctrl Pts',(-22.6162528991699,-26.6359311377351,29.0406873476756));
#9265=CARTESIAN_POINT('Ctrl Pts',(-22.6162528991699,-26.353069906894,28.8560053587002));
#9266=CARTESIAN_POINT('Ctrl Pts',(-22.6162528991699,-26.0660987219246,28.6779489356595));
#9267=CARTESIAN_POINT('Ctrl Pts',(-22.6162528991699,-25.3390255909317,28.2268233600817));
#9268=CARTESIAN_POINT('Ctrl Pts',(-22.6162528991699,-24.5855699212444,27.8182284902473));
#9269=CARTESIAN_POINT('Ctrl Pts',(-22.6162528991699,-23.8321142515571,27.4096336204129));
#9270=CARTESIAN_POINT('',(-50.5794921182753,-26.9163136801154,29.2293651753675));
#9271=CARTESIAN_POINT('Ctrl Pts',(-27.6284697651866,-25.8608202023172,28.5520863533022));
#9272=CARTESIAN_POINT('Ctrl Pts',(-27.691365281741,-25.8608202023172,28.5520863533022));
#9273=CARTESIAN_POINT('Ctrl Pts',(-27.7542607982954,-25.8608202023172,28.5520863533022));
#9274=CARTESIAN_POINT('Ctrl Pts',(-27.8171563148498,-25.8608202023172,28.5520863533022));
#9275=CARTESIAN_POINT('Origin',(-50.5794921182752,-9.3347077688605,40.0565090018827));
#9276=CARTESIAN_POINT('',(-22.3995494842529,-15.1476361382469,40.0565090018827));
#9277=CARTESIAN_POINT('',(-22.6125030652249,-17.6010351499947,40.0565090018827));
#9278=CARTESIAN_POINT('Ctrl Pts',(-22.3995494842529,-15.1476361382469,40.0565090018827));
#9279=CARTESIAN_POINT('Ctrl Pts',(-22.4694571623583,-15.6434413483054,40.0565090018827));
#9280=CARTESIAN_POINT('Ctrl Pts',(-22.5393648404636,-16.1392465583639,40.0565090018827));
#9281=CARTESIAN_POINT('Ctrl Pts',(-22.5756192207336,-16.6374780762657,40.0565090018827));
#9282=CARTESIAN_POINT('Ctrl Pts',(-22.5989328527268,-16.9578693274543,40.0565090018827));
#9283=CARTESIAN_POINT('Ctrl Pts',(-22.6083300966378,-17.2792639109676,40.0565090018827));
#9284=CARTESIAN_POINT('Ctrl Pts',(-22.6125030652249,-17.601035149995,40.0565090018827));
#9285=CARTESIAN_POINT('',(-39.4285721909583,-15.1476361382469,40.0565090018827));
#9286=CARTESIAN_POINT('',(-50.5794921182753,-17.6010351499945,40.0565090018827));
#9287=CARTESIAN_POINT('Origin',(-50.5794921182753,-26.9163136801154,25.545915587576));
#9288=CARTESIAN_POINT('',(-10.6254363981409,-26.9163136801155,25.545915587576));
#9289=CARTESIAN_POINT('',(-10.6254363981409,-26.9163136801156,28.6682559068116));
#9290=CARTESIAN_POINT('Ctrl Pts',(-10.6254363981409,-26.9163136801155,25.545915587576));
#9291=CARTESIAN_POINT('Ctrl Pts',(-10.6254363981409,-26.9163136801155,26.5866956939879));
#9292=CARTESIAN_POINT('Ctrl Pts',(-10.6254363981409,-26.9163136801155,27.6274758003998));
#9293=CARTESIAN_POINT('Ctrl Pts',(-10.6254363981409,-26.9163136801156,28.6682559068116));
#9294=CARTESIAN_POINT('',(-18.2492220032749,-26.9163136801155,25.545915587576));
#9295=CARTESIAN_POINT('',(-50.5794921182753,-26.9163136801154,25.545915587576));
#9296=CARTESIAN_POINT('',(-18.2492220032749,-26.9163136801155,28.5520863533022));
#9297=CARTESIAN_POINT('Ctrl Pts',(-18.2492220032749,-26.9163136801155,28.5520863533022));
#9298=CARTESIAN_POINT('Ctrl Pts',(-18.2492220032749,-26.9163136801155,27.5500294313934));
#9299=CARTESIAN_POINT('Ctrl Pts',(-18.2492220032749,-26.9163136801155,26.5479725094847));
#9300=CARTESIAN_POINT('Ctrl Pts',(-18.2492220032749,-26.9163136801155,25.545915587576));
#9301=CARTESIAN_POINT('',(-14.5416620373728,-26.9163136801155,28.5520863533022));
#9302=CARTESIAN_POINT('',(-32.5605770778241,-26.9163136801155,28.5520863533022));
#9303=CARTESIAN_POINT('Ctrl Pts',(-14.5416620373728,-26.9163136801155,28.5520863533021));
#9304=CARTESIAN_POINT('Ctrl Pts',(-13.1196928002624,-26.9163136801155,28.5771554090593));
#9305=CARTESIAN_POINT('Ctrl Pts',(-11.9296122965049,-26.9163136801155,28.5981920814291));
#9306=CARTESIAN_POINT('Ctrl Pts',(-10.6254363981409,-26.9163136801156,28.6682559068116));
#9307=CARTESIAN_POINT('Origin',(-50.5794921182753,-26.9163136801154,25.545915587576));
#9308=CARTESIAN_POINT('',(-31.9516732593775,-26.9163136801155,25.545915587576));
#9309=CARTESIAN_POINT('Ctrl Pts',(-31.9516732593775,-26.9163136801155,25.545915587576));
#9310=CARTESIAN_POINT('Ctrl Pts',(-31.9516732593775,-26.9163136801155,26.5479725094847));
#9311=CARTESIAN_POINT('Ctrl Pts',(-31.9516732593775,-26.9163136801155,27.5500294313934));
#9312=CARTESIAN_POINT('Ctrl Pts',(-31.9516732593775,-26.9163136801155,28.5520863533022));
#9313=CARTESIAN_POINT('',(-39.6474349999973,-26.9163136801154,25.545915587576));
#9314=CARTESIAN_POINT('',(-50.5794921182753,-26.9163136801154,25.545915587576));
#9315=CARTESIAN_POINT('',(-39.6474349999973,-26.9163136801154,28.7238758405859));
#9316=CARTESIAN_POINT('Ctrl Pts',(-39.6474349999973,-26.9163136801154,28.7238758405859));
#9317=CARTESIAN_POINT('Ctrl Pts',(-39.6474349999973,-26.9163136801154,27.6645557562493));
#9318=CARTESIAN_POINT('Ctrl Pts',(-39.6474349999973,-26.9163136801154,26.6052356719127));
#9319=CARTESIAN_POINT('Ctrl Pts',(-39.6474349999973,-26.9163136801154,25.545915587576));
#9320=CARTESIAN_POINT('Ctrl Pts',(-39.6474349999973,-26.9163136801154,28.7238758405859));
#9321=CARTESIAN_POINT('Ctrl Pts',(-39.2398991387094,-26.9163136801154,28.7007161618465));
#9322=CARTESIAN_POINT('Ctrl Pts',(-38.8322578232237,-26.9163136801154,28.6799494900702));
#9323=CARTESIAN_POINT('Ctrl Pts',(-38.4244778752329,-26.9163136801154,28.6623287200929));
#9324=CARTESIAN_POINT('Ctrl Pts',(-36.8561110120474,-26.9163136801154,28.5945572863272));
#9325=CARTESIAN_POINT('Ctrl Pts',(-35.2856934180588,-26.9163136801154,28.5733218198147));
#9326=CARTESIAN_POINT('Ctrl Pts',(-33.7152758240702,-26.9163136801154,28.5520863533022));
#9327=CARTESIAN_POINT('Origin',(-50.5794921182753,-26.9163136801154,25.545915587576));
#9328=CARTESIAN_POINT('',(-27.8171563148498,-26.9163136801155,25.545915587576));
#9329=CARTESIAN_POINT('',(-27.8171563148498,-26.9163136801155,39.1901086673068));
#9330=CARTESIAN_POINT('',(-22.6162528991699,-26.9163136801155,25.545915587576));
#9331=CARTESIAN_POINT('',(-22.6162528991699,-26.9163136801155,39.1901086673068));
#9332=CARTESIAN_POINT('',(-50.5794921182753,-26.9163136801154,25.545915587576));
#9333=CARTESIAN_POINT('Ctrl Pts',(-50.5794921182753,-17.6010351499945,40.0565090018827));
#9334=CARTESIAN_POINT('Ctrl Pts',(-0.579492118275269,-17.6010351499948,
40.0565090018827));
#9335=CARTESIAN_POINT('Ctrl Pts',(-50.5794921182753,-17.3147233194419,40.5963857830193));
#9336=CARTESIAN_POINT('Ctrl Pts',(-0.579492118275269,-17.3147233194422,
40.5963857830193));
#9337=CARTESIAN_POINT('Ctrl Pts',(-50.5794921182753,-16.653853832135,41.8425378923123));
#9338=CARTESIAN_POINT('Ctrl Pts',(-0.579492118275269,-16.6538538321352,
41.8425378923123));
#9339=CARTESIAN_POINT('Ctrl Pts',(-50.5794921182753,-16.0636064884735,43.1237593274383));
#9340=CARTESIAN_POINT('Ctrl Pts',(-0.579492118275269,-16.0636064884737,
43.1237593274383));
#9341=CARTESIAN_POINT('Ctrl Pts',(-50.5794921182753,-15.7290749868781,43.8499107200223));
#9342=CARTESIAN_POINT('Ctrl Pts',(-0.579492118275269,-15.7290749868783,
43.8499107200223));
#9343=CARTESIAN_POINT('',(-28.2182186326381,-15.7290749868782,43.8499107200223));
#9344=CARTESIAN_POINT('',(-28.0918953418591,-17.0158569354673,41.1701416969301));
#9345=CARTESIAN_POINT('Ctrl Pts',(-28.2182186326381,-15.7290749868782,43.8499107200223));
#9346=CARTESIAN_POINT('Ctrl Pts',(-28.2108148126142,-15.8019330601797,43.6917612150083));
#9347=CARTESIAN_POINT('Ctrl Pts',(-28.2032845465924,-15.8762744504056,43.5303809408981));
#9348=CARTESIAN_POINT('Ctrl Pts',(-28.1956524477149,-15.9519821963419,43.3667175718987));
#9349=CARTESIAN_POINT('Ctrl Pts',(-28.1859655566717,-16.0480727603916,43.1589910672073));
#9350=CARTESIAN_POINT('Ctrl Pts',(-28.1761146184459,-16.1463653609787,42.9475870738754));
#9351=CARTESIAN_POINT('Ctrl Pts',(-28.1661499585656,-16.246700061562,42.7344825978419));
#9352=CARTESIAN_POINT('Ctrl Pts',(-28.1564628604112,-16.3442399780798,42.5273140641143));
#9353=CARTESIAN_POINT('Ctrl Pts',(-28.146668287713,-16.4437152855517,42.3185411773274));
#9354=CARTESIAN_POINT('Ctrl Pts',(-28.1368124766571,-16.5449882811215,42.1099848834281));
#9355=CARTESIAN_POINT('Ctrl Pts',(-28.1330426954494,-16.5837245183912,42.0302135086495));
#9356=CARTESIAN_POINT('Ctrl Pts',(-28.1292639550034,-16.6227234316928,41.9504736589221));
#9357=CARTESIAN_POINT('Ctrl Pts',(-28.1254788426581,-16.6619751208705,41.870866143188));
#9358=CARTESIAN_POINT('Ctrl Pts',(-28.1224494184672,-16.6933903090818,41.8071520676357));
#9359=CARTESIAN_POINT('Ctrl Pts',(-28.1194603431414,-16.7244959568237,41.7444786008001));
#9360=CARTESIAN_POINT('Ctrl Pts',(-28.1165079195079,-16.7553549131782,41.682721598776));
#9361=CARTESIAN_POINT('Ctrl Pts',(-28.1112655580911,-16.8101484733981,41.5730650708453));
#9362=CARTESIAN_POINT('Ctrl Pts',(-28.1061387521694,-16.8641599115514,41.4662958124695));
#9363=CARTESIAN_POINT('Ctrl Pts',(-28.1011068043989,-16.9175815068924,41.3616396133138));
#9364=CARTESIAN_POINT('Ctrl Pts',(-28.0980018200153,-16.9505455253687,41.2970610686147));
#9365=CARTESIAN_POINT('Ctrl Pts',(-28.0949329534283,-16.9832860738462,41.2332876378195));
#9366=CARTESIAN_POINT('Ctrl Pts',(-28.0918953418591,-17.0158569354674,41.17014169693));
#9367=CARTESIAN_POINT('',(-22.4795022233553,-15.7290749868782,43.8499107200223));
#9368=CARTESIAN_POINT('',(-50.5794921182753,-15.7290749868781,43.8499107200223));
#9369=CARTESIAN_POINT('Ctrl Pts',(-22.6125030652249,-17.6010351499947,40.0565090018827));
#9370=CARTESIAN_POINT('Ctrl Pts',(-22.6112931919778,-17.5077436703982,40.2324217597131));
#9371=CARTESIAN_POINT('Ctrl Pts',(-22.6096407247389,-17.4142164718845,40.4087728264412));
#9372=CARTESIAN_POINT('Ctrl Pts',(-22.6073233008252,-17.3204913171077,40.5866152111507));
#9373=CARTESIAN_POINT('Ctrl Pts',(-22.6053056349598,-17.2388894813778,40.7414537397982));
#9374=CARTESIAN_POINT('Ctrl Pts',(-22.6027839106731,-17.1571365661932,40.8974222275206));
#9375=CARTESIAN_POINT('Ctrl Pts',(-22.5996113728681,-17.075292174688,41.055232861613));
#9376=CARTESIAN_POINT('Ctrl Pts',(-22.5967860454023,-17.0024050346588,41.1957723118263));
#9377=CARTESIAN_POINT('Ctrl Pts',(-22.5934445624643,-16.9294449962407,41.3377725815432));
#9378=CARTESIAN_POINT('Ctrl Pts',(-22.5894832717048,-16.8564917969633,41.4817553761157));
#9379=CARTESIAN_POINT('Ctrl Pts',(-22.5876524085188,-16.8227736644227,41.548302573484));
#9380=CARTESIAN_POINT('Ctrl Pts',(-22.5856891430738,-16.7890575831087,41.6152735674427));
#9381=CARTESIAN_POINT('Ctrl Pts',(-22.5835832415759,-16.7553549131782,41.682721598776));
#9382=CARTESIAN_POINT('Ctrl Pts',(-22.5816428166057,-16.7243005156395,41.7448697307355));
#9383=CARTESIAN_POINT('Ctrl Pts',(-22.5795812908628,-16.6932577053559,41.8074229763479));
#9384=CARTESIAN_POINT('Ctrl Pts',(-22.5773906583935,-16.6622018393402,41.8704063358998));
#9385=CARTESIAN_POINT('Ctrl Pts',(-22.5725657437075,-16.5938006327816,42.0091285272011));
#9386=CARTESIAN_POINT('Ctrl Pts',(-22.5670929552433,-16.5254970589082,42.1496210884877));
#9387=CARTESIAN_POINT('Ctrl Pts',(-22.5611014772932,-16.457577983599,42.2909381742411));
#9388=CARTESIAN_POINT('Ctrl Pts',(-22.5541364447831,-16.3786227455882,42.4552178569349));
#9389=CARTESIAN_POINT('Ctrl Pts',(-22.5464704642587,-16.3001862449248,42.6206113570375));
#9390=CARTESIAN_POINT('Ctrl Pts',(-22.5383064802071,-16.2226556886617,42.7856012728475));
#9391=CARTESIAN_POINT('Ctrl Pts',(-22.528538591539,-16.1298934004009,42.9830052754521));
#9392=CARTESIAN_POINT('Ctrl Pts',(-22.5180578013759,-16.038423410156,43.1798292658716));
#9393=CARTESIAN_POINT('Ctrl Pts',(-22.5072117042356,-15.9488665581925,43.3734532736446));
#9394=CARTESIAN_POINT('Ctrl Pts',(-22.4981622197299,-15.8741444407581,43.5350042385312));
#9395=CARTESIAN_POINT('Ctrl Pts',(-22.4888584280165,-15.8007514022343,43.6943261829068));
#9396=CARTESIAN_POINT('Ctrl Pts',(-22.4795022233553,-15.7290749868782,43.8499107200223));
#9397=CARTESIAN_POINT('Ctrl Pts',(-27.6284697651865,-17.0158569354673,41.1701416969301));
#9398=CARTESIAN_POINT('Ctrl Pts',(-27.7829449574107,-17.0158569354673,41.1701416969301));
#9399=CARTESIAN_POINT('Ctrl Pts',(-27.9374201496349,-17.0158569354673,41.1701416969301));
#9400=CARTESIAN_POINT('Ctrl Pts',(-28.0918953418591,-17.0158569354673,41.1701416969301));
#9401=CARTESIAN_POINT('Ctrl Pts',(-50.5794921182753,-32.9197888693243,25.7537259894925));
#9402=CARTESIAN_POINT('Ctrl Pts',(-0.57949211827534,-32.9197888693246,25.7537259894925));
#9403=CARTESIAN_POINT('Ctrl Pts',(-50.5794921182753,-32.08510478386,25.7405396418955));
#9404=CARTESIAN_POINT('Ctrl Pts',(-0.57949211827534,-32.0851047838602,25.7405396418955));
#9405=CARTESIAN_POINT('Ctrl Pts',(-50.5794921182753,-30.0827180404256,25.7089059159358));
#9406=CARTESIAN_POINT('Ctrl Pts',(-0.579492118275331,-30.0827180404258,
25.7089059159358));
#9407=CARTESIAN_POINT('Ctrl Pts',(-50.5794921182753,-28.0826589529345,25.6059530866967));
#9408=CARTESIAN_POINT('Ctrl Pts',(-0.579492118275322,-28.0826589529348,
25.6059530866967));
#9409=CARTESIAN_POINT('Ctrl Pts',(-50.5794921182753,-26.9163136801154,25.545915587576));
#9410=CARTESIAN_POINT('Ctrl Pts',(-0.579492118275313,-26.9163136801156,
25.545915587576));
#9411=CARTESIAN_POINT('',(-17.3819791615999,-32.9197888693245,25.7537259894925));
#9412=CARTESIAN_POINT('Ctrl Pts',(-17.3819791615999,-32.9197888693245,25.7537259894925));
#9413=CARTESIAN_POINT('Ctrl Pts',(-16.8554878769071,-32.3726998764554,25.7450830720677));
#9414=CARTESIAN_POINT('Ctrl Pts',(-16.3219616972014,-31.8302536678436,25.736462920221));
#9415=CARTESIAN_POINT('Ctrl Pts',(-13.9843285248031,-29.5348603581046,25.6858886785174));
#9416=CARTESIAN_POINT('Ctrl Pts',(-12.3537550720665,-28.1312377405887,25.6084536746349));
#9417=CARTESIAN_POINT('Ctrl Pts',(-10.6254363981409,-26.9163136801155,25.545915587576));
#9418=CARTESIAN_POINT('',(-33.0903140321403,-32.9197888693244,25.7537259894925));
#9419=CARTESIAN_POINT('',(-50.5794921182753,-32.9197888693243,25.7537259894925));
#9420=CARTESIAN_POINT('Ctrl Pts',(-39.6474349999973,-26.9163136801154,25.545915587576));
#9421=CARTESIAN_POINT('Ctrl Pts',(-39.3410168397607,-27.1297773421522,25.556903606922));
#9422=CARTESIAN_POINT('Ctrl Pts',(-39.0395304859227,-27.3499339590066,25.5682407237248));
#9423=CARTESIAN_POINT('Ctrl Pts',(-38.7426535209967,-27.5760246962739,25.5797113216204));
#9424=CARTESIAN_POINT('Ctrl Pts',(-38.4387091124299,-27.8074977424843,25.5914549882068));
#9425=CARTESIAN_POINT('Ctrl Pts',(-38.1395961669605,-28.0451908124162,25.6033384034079));
#9426=CARTESIAN_POINT('Ctrl Pts',(-37.8449686882055,-28.2882914231237,25.6150736148461));
#9427=CARTESIAN_POINT('Ctrl Pts',(-37.5282144874623,-28.5496490533429,25.627690148563));
#9428=CARTESIAN_POINT('Ctrl Pts',(-37.2166447751036,-28.8172569463082,25.6401352923035));
#9429=CARTESIAN_POINT('Ctrl Pts',(-36.9098296001324,-29.0901075470355,25.6519876871115));
#9430=CARTESIAN_POINT('Ctrl Pts',(-36.6799916054461,-29.294502375049,25.6608664221844));
#9431=CARTESIAN_POINT('Ctrl Pts',(-36.4528216870454,-29.5018392724275,25.6694110163014));
#9432=CARTESIAN_POINT('Ctrl Pts',(-36.2281391050776,-29.7116953056866,25.6774254803915));
#9433=CARTESIAN_POINT('Ctrl Pts',(-35.9796302697377,-29.9438053248858,25.6862898307985));
#9434=CARTESIAN_POINT('Ctrl Pts',(-35.7345261383874,-30.1786004274108,25.6944916706776));
#9435=CARTESIAN_POINT('Ctrl Pts',(-35.4919812017294,-30.4161410650642,25.7017745811063));
#9436=CARTESIAN_POINT('Ctrl Pts',(-35.2294187890467,-30.673286168944,25.7096585574113));
#9437=CARTESIAN_POINT('Ctrl Pts',(-34.9698554284589,-30.9336489285369,25.7164584268768));
#9438=CARTESIAN_POINT('Ctrl Pts',(-34.712218515965,-31.1972855279166,25.7224771526185));
#9439=CARTESIAN_POINT('Ctrl Pts',(-34.685958578683,-31.2241569901537,25.7230906181307));
#9440=CARTESIAN_POINT('Ctrl Pts',(-34.6597186551528,-31.2510624626494,25.7236960132219));
#9441=CARTESIAN_POINT('Ctrl Pts',(-34.6334976095891,-31.2780020038873,25.7242936896487));
#9442=CARTESIAN_POINT('Ctrl Pts',(-34.3806861187553,-31.5377409058391,25.730056216095));
#9443=CARTESIAN_POINT('Ctrl Pts',(-34.1301881475935,-31.8001237882427,25.7350851120328));
#9444=CARTESIAN_POINT('Ctrl Pts',(-33.8818144701742,-32.0644080760778,25.739718420224));
#9445=CARTESIAN_POINT('Ctrl Pts',(-33.6156185496584,-32.3476562850229,25.7446841949864));
#9446=CARTESIAN_POINT('Ctrl Pts',(-33.3518627212823,-32.6330885265464,25.749196694587));
#9447=CARTESIAN_POINT('Ctrl Pts',(-33.0903140321403,-32.9197888693244,25.7537259894925));
#9448=CARTESIAN_POINT('',(-27.8171563148498,-30.885784827517,25.7149455196319));
#9449=CARTESIAN_POINT('Ctrl Pts',(-27.8171563148498,-30.885784827517,25.714945519632));
#9450=CARTESIAN_POINT('Ctrl Pts',(-29.3844716737484,-29.3475365020814,25.6755597632447));
#9451=CARTESIAN_POINT('Ctrl Pts',(-30.5567962714425,-28.1975084282892,25.6118649512502));
#9452=CARTESIAN_POINT('Ctrl Pts',(-31.9516732593775,-26.9163136801155,25.545915587576));
#9453=CARTESIAN_POINT('Ctrl Pts',(-27.8171563148498,-26.9163136801155,25.545915587576));
#9454=CARTESIAN_POINT('Ctrl Pts',(-27.8171563148499,-28.0826589529346,25.6059530866967));
#9455=CARTESIAN_POINT('Ctrl Pts',(-27.8171563148499,-29.2490042257538,25.6659905858173));
#9456=CARTESIAN_POINT('Ctrl Pts',(-27.8171563148499,-30.4161410650642,25.7017745811063));
#9457=CARTESIAN_POINT('Ctrl Pts',(-27.8171563148499,-30.5726756378929,25.7065738747521));
#9458=CARTESIAN_POINT('Ctrl Pts',(-27.8171563148499,-30.7292244492266,25.7109369022863));
#9459=CARTESIAN_POINT('Ctrl Pts',(-27.8171563148499,-30.8857848275171,25.714945519632));
#9460=CARTESIAN_POINT('',(-22.6162528991699,-31.4004590142235,25.7269535893241));
#9461=CARTESIAN_POINT('Ctrl Pts',(-22.6162528991699,-31.4004590142236,25.7269535893241));
#9462=CARTESIAN_POINT('Ctrl Pts',(-22.6162528991699,-31.0723068887777,25.719974384051));
#9463=CARTESIAN_POINT('Ctrl Pts',(-22.6162528991699,-30.7441927090517,25.7118325264025));
#9464=CARTESIAN_POINT('Ctrl Pts',(-22.6162528991699,-30.4161410650642,25.7017745811063));
#9465=CARTESIAN_POINT('Ctrl Pts',(-22.6162528991699,-29.2490042257538,25.6659905858173));
#9466=CARTESIAN_POINT('Ctrl Pts',(-22.6162528991699,-28.0826589529347,25.6059530866967));
#9467=CARTESIAN_POINT('Ctrl Pts',(-22.6162528991699,-26.9163136801155,25.545915587576));
#9468=CARTESIAN_POINT('Ctrl Pts',(-18.2492220032749,-26.9163136801155,25.545915587576));
#9469=CARTESIAN_POINT('Ctrl Pts',(-18.6065815521698,-27.2657825272815,25.5639044593907));
#9470=CARTESIAN_POINT('Ctrl Pts',(-18.9611904908742,-27.6187287826662,25.5820773478507));
#9471=CARTESIAN_POINT('Ctrl Pts',(-19.3133276424649,-27.9739136296152,25.5996846286906));
#9472=CARTESIAN_POINT('Ctrl Pts',(-19.6953556655278,-28.3592480491415,25.6187864890322));
#9473=CARTESIAN_POINT('Ctrl Pts',(-20.0744744602341,-28.7472173526379,25.637218947832));
#9474=CARTESIAN_POINT('Ctrl Pts',(-20.4510400502251,-29.1362410597534,25.6539837674356));
#9475=CARTESIAN_POINT('Ctrl Pts',(-20.6137783104836,-29.3043632753196,25.6612289264421));
#9476=CARTESIAN_POINT('Ctrl Pts',(-20.7699066799478,-29.4662264509903,25.6678881554671));
#9477=CARTESIAN_POINT('Ctrl Pts',(-20.9233940449931,-29.6258486383154,25.6741123301758));
#9478=CARTESIAN_POINT('Ctrl Pts',(-21.0586045956918,-29.7664634950861,25.6795953488579));
#9479=CARTESIAN_POINT('Ctrl Pts',(-21.191765660041,-29.9053392782083,25.6847410579353));
#9480=CARTESIAN_POINT('Ctrl Pts',(-21.3255904424804,-30.0452240678833,25.6896138229801));
#9481=CARTESIAN_POINT('Ctrl Pts',(-21.4425505233532,-30.1674804692389,25.6938725184424));
#9482=CARTESIAN_POINT('Ctrl Pts',(-21.5600175784541,-30.2905075906552,25.6979227040127));
#9483=CARTESIAN_POINT('Ctrl Pts',(-21.6798028889054,-30.4161410650642,25.7017745811063));
#9484=CARTESIAN_POINT('Ctrl Pts',(-21.8420064176615,-30.5862637019907,25.7069904799052));
#9485=CARTESIAN_POINT('Ctrl Pts',(-22.0084607862493,-30.7611654647498,25.711842159224));
#9486=CARTESIAN_POINT('Ctrl Pts',(-22.1836633382429,-30.9454008971182,25.7164549706762));
#9487=CARTESIAN_POINT('Ctrl Pts',(-22.3216966888075,-31.0905508035159,25.7200891747048));
#9488=CARTESIAN_POINT('Ctrl Pts',(-22.4651601050667,-31.2414942703256,25.7235726952423));
#9489=CARTESIAN_POINT('Ctrl Pts',(-22.6162528991699,-31.4004590142235,25.7269535893241));
#9490=CARTESIAN_POINT('Ctrl Pts',(-50.5794921182753,-15.7290749868781,43.8499107200223));
#9491=CARTESIAN_POINT('Ctrl Pts',(-0.579492118275269,-15.7290749868783,
43.8499107200223));
#9492=CARTESIAN_POINT('Ctrl Pts',(-50.5794921182753,-15.3825987971153,44.5822141295114));
#9493=CARTESIAN_POINT('Ctrl Pts',(-0.57949211827526,-15.3825987971155,44.5822141295114));
#9494=CARTESIAN_POINT('Ctrl Pts',(-50.5794921182753,-14.7599949828625,45.8981339803107));
#9495=CARTESIAN_POINT('Ctrl Pts',(-0.57949211827526,-14.7599949828627,45.8981339803107));
#9496=CARTESIAN_POINT('Ctrl Pts',(-50.5794921182753,-13.8602994432654,47.0408530354773));
#9497=CARTESIAN_POINT('Ctrl Pts',(-0.57949211827526,-13.8602994432656,47.0408530354773));
#9498=CARTESIAN_POINT('Ctrl Pts',(-50.5794921182753,-13.4612803778083,47.5476541358548));
#9499=CARTESIAN_POINT('Ctrl Pts',(-0.579492118275251,-13.4612803778085,
47.5476541358548));
#9500=CARTESIAN_POINT('',(-28.2776522636414,-15.1476361382469,45.0405835229246));
#9501=CARTESIAN_POINT('Ctrl Pts',(-28.2776522636413,-15.1476361382469,45.0405835229246));
#9502=CARTESIAN_POINT('Ctrl Pts',(-28.2688085444681,-15.2339016530524,44.8744960970676));
#9503=CARTESIAN_POINT('Ctrl Pts',(-28.2602103722743,-15.3177865819059,44.7065573629044));
#9504=CARTESIAN_POINT('Ctrl Pts',(-28.2517826666824,-15.400129334267,44.5378923656141));
#9505=CARTESIAN_POINT('Ctrl Pts',(-28.2417183339411,-15.4984627240089,44.3364732918183));
#9506=CARTESIAN_POINT('Ctrl Pts',(-28.2318971043385,-15.594603418499,44.1340226222699));
#9507=CARTESIAN_POINT('Ctrl Pts',(-28.2221911123868,-15.6900061487165,43.9324731643533));
#9508=CARTESIAN_POINT('Ctrl Pts',(-28.2208649097335,-15.7030417410159,43.9049339466014));
#9509=CARTESIAN_POINT('Ctrl Pts',(-28.2195408585454,-15.7160634831189,43.8774115089568));
#9510=CARTESIAN_POINT('Ctrl Pts',(-28.2182186326381,-15.7290749868782,43.8499107200223));
#9511=CARTESIAN_POINT('',(-22.3995494842529,-15.1476361382469,45.0405835229246));
#9512=CARTESIAN_POINT('Ctrl Pts',(-22.3995494842529,-15.1476361382469,45.0405835229246));
#9513=CARTESIAN_POINT('Ctrl Pts',(-24.3589170773824,-15.1476361382469,45.0405835229246));
#9514=CARTESIAN_POINT('Ctrl Pts',(-26.3182846705119,-15.1476361382469,45.0405835229246));
#9515=CARTESIAN_POINT('Ctrl Pts',(-28.2776522636414,-15.1476361382469,45.0405835229246));
#9516=CARTESIAN_POINT('Ctrl Pts',(-22.4795022233553,-15.7290749868782,43.8499107200223));
#9517=CARTESIAN_POINT('Ctrl Pts',(-22.4624848407273,-15.5987074896204,44.1254522018016));
#9518=CARTESIAN_POINT('Ctrl Pts',(-22.4445371821481,-15.4682385048347,44.4012182783889));
#9519=CARTESIAN_POINT('Ctrl Pts',(-22.4256255632187,-15.3330750223219,44.6743370473261));
#9520=CARTESIAN_POINT('Ctrl Pts',(-22.4171291249546,-15.2723500156996,44.7970413365621));
#9521=CARTESIAN_POINT('Ctrl Pts',(-22.4084381168305,-15.2106768579746,44.919210910852));
#9522=CARTESIAN_POINT('Ctrl Pts',(-22.3995494842529,-15.1476361382469,45.0405835229246));
#9523=CARTESIAN_POINT('Origin',(-14.5416620373728,0.,28.5520863533022));
#9524=CARTESIAN_POINT('',(-20.1241540908813,-35.8428957093224,28.5520863533022));
#9525=CARTESIAN_POINT('',(-17.3329080641271,-35.8428957093224,28.5520863533022));
#9526=CARTESIAN_POINT('',(-14.5416620373728,-30.1164867730659,28.5520863533022));
#9527=CARTESIAN_POINT('Ctrl Pts',(-14.5416620373728,-30.1164867730659,28.5520863533022));
#9528=CARTESIAN_POINT('Ctrl Pts',(-16.4835403925711,-31.9123649577456,28.5520863533022));
#9529=CARTESIAN_POINT('Ctrl Pts',(-18.3038472417263,-33.877630333534,28.5520863533022));
#9530=CARTESIAN_POINT('Ctrl Pts',(-20.1241540908813,-35.8428957093224,28.5520863533022));
#9531=CARTESIAN_POINT('',(-14.5416620373728,0.,28.5520863533022));
#9532=CARTESIAN_POINT('',(-21.9374993443491,-30.6867708079289,28.5520863533022));
#9533=CARTESIAN_POINT('Ctrl Pts',(-21.9374993443491,-30.6867708079289,28.5520863533022));
#9534=CARTESIAN_POINT('Ctrl Pts',(-20.7233360910981,-29.4116476345476,28.5520863533022));
#9535=CARTESIAN_POINT('Ctrl Pts',(-19.5036981016873,-28.1430902340514,28.5520863533022));
#9536=CARTESIAN_POINT('Ctrl Pts',(-18.2492220032749,-26.9163136801155,28.5520863533022));
#9537=CARTESIAN_POINT('',(-21.9374993443491,0.,28.5520863533022));
#9538=CARTESIAN_POINT('Origin',(-21.9374993443491,0.,28.5520863533022));
#9539=CARTESIAN_POINT('',(-21.9374993443491,-39.9873640168175,41.1701416969301));
#9540=CARTESIAN_POINT('',(-21.9374993443491,-39.9873640168175,40.6931940501698));
#9541=CARTESIAN_POINT('Ctrl Pts',(-21.9374993443491,-30.6867708079289,30.2068487031743));
#9542=CARTESIAN_POINT('Ctrl Pts',(-21.9374993443491,-30.6867708079289,29.6552612532169));
#9543=CARTESIAN_POINT('Ctrl Pts',(-21.9374993443491,-30.6867708079289,29.1036738032595));
#9544=CARTESIAN_POINT('Ctrl Pts',(-21.9374993443491,-30.6867708079289,28.5520863533022));
#9545=CARTESIAN_POINT('',(-21.9374993443491,-30.6867708079288,40.8460442182081));
#9546=CARTESIAN_POINT('Ctrl Pts',(-21.9374993443491,-30.6867708079289,40.8460442182081));
#9547=CARTESIAN_POINT('Ctrl Pts',(-21.9374993443491,-31.4310428682748,40.8549438336443));
#9548=CARTESIAN_POINT('Ctrl Pts',(-21.9374993443491,-32.1754158687996,40.8598053781822));
#9549=CARTESIAN_POINT('Ctrl Pts',(-21.9374993443491,-32.9197888693245,40.8646669227201));
#9550=CARTESIAN_POINT('',(-21.9374993443491,-30.6867708079288,41.1701416969301));
#9551=CARTESIAN_POINT('Ctrl Pts',(-21.9374993443491,-30.6867708079288,41.1701416969301));
#9552=CARTESIAN_POINT('Ctrl Pts',(-21.9374993443491,-30.6867708079288,41.0621092040227));
#9553=CARTESIAN_POINT('Ctrl Pts',(-21.9374993443491,-30.6867708079288,40.9540767111154));
#9554=CARTESIAN_POINT('Ctrl Pts',(-21.9374993443491,-30.6867708079288,40.8460442182081));
#9555=CARTESIAN_POINT('',(-21.9374993443491,0.,41.1701416969301));
#9556=CARTESIAN_POINT('Origin',(-21.9374993443491,0.,28.5520863533022));
#9557=CARTESIAN_POINT('',(-21.9374993443491,-48.2616268715294,37.1015174308577));
#9558=CARTESIAN_POINT('Origin',(-36.3298597931863,0.,41.1701416969301));
#9559=CARTESIAN_POINT('',(-27.8171563148498,-21.5133263695702,41.1701416969301));
#9560=CARTESIAN_POINT('',(-27.8171563148498,-22.5410293606943,41.1701416969301));
#9561=CARTESIAN_POINT('',(-27.8171563148498,-15.4428924137585,41.1701416969301));
#9562=CARTESIAN_POINT('Ctrl Pts',(-28.0918953418591,-17.0158569354673,41.1701416969301));
#9563=CARTESIAN_POINT('Ctrl Pts',(-28.0298225459882,-17.681456001501,41.1701416969301));
#9564=CARTESIAN_POINT('Ctrl Pts',(-27.9742885096119,-18.3474974932814,41.1701416969301));
#9565=CARTESIAN_POINT('Ctrl Pts',(-27.9322791099548,-19.0144540894493,41.1701416969301));
#9566=CARTESIAN_POINT('Ctrl Pts',(-27.8798736628458,-19.8464621378814,41.1701416969301));
#9567=CARTESIAN_POINT('Ctrl Pts',(-27.8485149888478,-20.6798942537258,41.1701416969301));
#9568=CARTESIAN_POINT('Ctrl Pts',(-27.8171563148498,-21.5133263695702,41.1701416969301));
#9569=CARTESIAN_POINT('Ctrl Pts',(-27.8171563148498,-22.5410293606943,41.1701416969301));
#9570=CARTESIAN_POINT('Ctrl Pts',(-27.7542607982954,-22.5410293606943,41.1701416969301));
#9571=CARTESIAN_POINT('Ctrl Pts',(-27.6913652817409,-22.5410293606943,41.1701416969301));
#9572=CARTESIAN_POINT('Ctrl Pts',(-27.6284697651865,-22.5410293606943,41.1701416969301));
#9573=CARTESIAN_POINT('Ctrl Pts',(-50.5794921182753,-19.4944362959296,50.410851462515));
#9574=CARTESIAN_POINT('Ctrl Pts',(-0.579492118275278,-19.4944362959298,
50.410851462515));
#9575=CARTESIAN_POINT('Ctrl Pts',(-50.5794921182753,-20.0927010136162,48.3068353840719));
#9576=CARTESIAN_POINT('Ctrl Pts',(-0.579492118275287,-20.0927010136164,
48.3068353840719));
#9577=CARTESIAN_POINT('Ctrl Pts',(-50.5794921182753,-21.2130256769735,44.3668051013323));
#9578=CARTESIAN_POINT('Ctrl Pts',(-0.579492118275287,-21.2130256769737,
44.3668051013323));
#9579=CARTESIAN_POINT('Ctrl Pts',(-50.5794921182753,-22.7745828053684,40.5805728313127));
#9580=CARTESIAN_POINT('Ctrl Pts',(-0.579492118275295,-22.7745828053686,
40.5805728313127));
#9581=CARTESIAN_POINT('Ctrl Pts',(-50.5794921182753,-23.5022526106269,38.8162269431668));
#9582=CARTESIAN_POINT('Ctrl Pts',(-0.579492118275295,-23.5022526106271,
38.8162269431668));
#9583=CARTESIAN_POINT('',(-22.6162528991699,-20.7327750569837,46.2013912200929));
#9584=CARTESIAN_POINT('Ctrl Pts',(-22.6162528991699,-20.7327750569837,46.2013912200929));
#9585=CARTESIAN_POINT('Ctrl Pts',(-22.6162528991699,-20.9494568112552,45.5114025940671));
#9586=CARTESIAN_POINT('Ctrl Pts',(-22.6162528991699,-21.1753621907052,44.8246289971585));
#9587=CARTESIAN_POINT('Ctrl Pts',(-22.6162528991699,-21.415055306855,44.1426613170225));
#9588=CARTESIAN_POINT('Ctrl Pts',(-22.6162528991699,-22.0469130001101,42.3449187194586));
#9589=CARTESIAN_POINT('Ctrl Pts',(-22.6162528991699,-22.7745828053685,40.5805728313127));
#9590=CARTESIAN_POINT('Ctrl Pts',(-22.6162528991699,-23.502252610627,38.8162269431668));
#9591=CARTESIAN_POINT('',(-27.8471673826976,-20.7327750569837,46.2013912200929));
#9592=CARTESIAN_POINT('Ctrl Pts',(-22.6162528991699,-20.7327750569837,46.2013912200929));
#9593=CARTESIAN_POINT('Ctrl Pts',(-24.3598910603458,-20.7327750569837,46.2013912200929));
#9594=CARTESIAN_POINT('Ctrl Pts',(-26.1035292215217,-20.7327750569837,46.2013912200929));
#9595=CARTESIAN_POINT('Ctrl Pts',(-27.8471673826976,-20.7327750569837,46.2013912200929));
#9596=CARTESIAN_POINT('',(-27.8171563148498,-21.5133263695702,43.8654515923805));
#9597=CARTESIAN_POINT('Ctrl Pts',(-27.8171563148498,-21.5133263695702,43.8654515923805));
#9598=CARTESIAN_POINT('Ctrl Pts',(-27.8277878739682,-21.2307671385475,44.6558681142873));
#9599=CARTESIAN_POINT('Ctrl Pts',(-27.8375455325013,-20.9727571548637,45.4372063511651));
#9600=CARTESIAN_POINT('Ctrl Pts',(-27.8471673826976,-20.7327750569837,46.2013912200929));
#9601=CARTESIAN_POINT('Ctrl Pts',(-27.8171563148498,-22.5410293606946,41.1701416969292));
#9602=CARTESIAN_POINT('Ctrl Pts',(-27.8171563148498,-22.1835369538578,42.0633760917954));
#9603=CARTESIAN_POINT('Ctrl Pts',(-27.8171563148498,-21.8368711390413,42.9603842532568));
#9604=CARTESIAN_POINT('Ctrl Pts',(-27.8171563148498,-21.5133263695702,43.8654515923804));
#9605=CARTESIAN_POINT('Origin',(-12.145829498768,0.,46.2013912200929));
#9606=CARTESIAN_POINT('',(-22.6162528991699,-18.1814958680138,46.2013912200929));
#9607=CARTESIAN_POINT('',(-22.6162528991699,-9.0907479340069,46.2013912200929));
#9608=CARTESIAN_POINT('',(-22.3995494842529,-15.1476361382469,46.2013912200929));
#9609=CARTESIAN_POINT('Ctrl Pts',(-22.3995494842529,-15.1476361382469,46.2013912200929));
#9610=CARTESIAN_POINT('Ctrl Pts',(-22.4694571623583,-15.6434413483054,46.2013912200929));
#9611=CARTESIAN_POINT('Ctrl Pts',(-22.5393648404636,-16.1392465583639,46.2013912200929));
#9612=CARTESIAN_POINT('Ctrl Pts',(-22.5756192207336,-16.6374780762657,46.2013912200929));
#9613=CARTESIAN_POINT('Ctrl Pts',(-22.6129451919264,-17.1504361008141,46.2013912200929));
#9614=CARTESIAN_POINT('Ctrl Pts',(-22.6145990455482,-17.6659659844139,46.2013912200929));
#9615=CARTESIAN_POINT('Ctrl Pts',(-22.6162528991699,-18.1814958680138,46.2013912200929));
#9616=CARTESIAN_POINT('',(-28.2776522636414,-15.1476361382469,46.2013912200929));
#9617=CARTESIAN_POINT('',(-20.2117408812047,-15.1476361382469,46.2013912200929));
#9618=CARTESIAN_POINT('Ctrl Pts',(-27.8471673826976,-20.7327750569838,46.2013912200929));
#9619=CARTESIAN_POINT('Ctrl Pts',(-27.8701468139949,-20.1596366253563,46.2013912200929));
#9620=CARTESIAN_POINT('Ctrl Pts',(-27.8962346880205,-19.5867085172768,46.2013912200929));
#9621=CARTESIAN_POINT('Ctrl Pts',(-27.9322791099548,-19.0144540894493,46.2013912200929));
#9622=CARTESIAN_POINT('Ctrl Pts',(-28.0136091778743,-17.7232281802855,46.2013912200929));
#9623=CARTESIAN_POINT('Ctrl Pts',(-28.1456307207578,-16.4354321592662,46.2013912200929));
#9624=CARTESIAN_POINT('Ctrl Pts',(-28.2776522636414,-15.1476361382469,46.2013912200929));
#9625=CARTESIAN_POINT('Origin',(-50.5794921182753,-32.9197888693243,14.8089351493436));
#9626=CARTESIAN_POINT('Ctrl Pts',(-17.3819791615999,-32.9197888693245,23.3020853996278));
#9627=CARTESIAN_POINT('Ctrl Pts',(-17.3819791615999,-32.9197888693245,24.1192989295827));
#9628=CARTESIAN_POINT('Ctrl Pts',(-17.3819791615999,-32.9197888693245,24.9365124595376));
#9629=CARTESIAN_POINT('Ctrl Pts',(-17.3819791615999,-32.9197888693245,25.7537259894925));
#9630=CARTESIAN_POINT('',(-33.0903140321403,-32.9197888693244,23.3020853996278));
#9631=CARTESIAN_POINT('',(-42.1473839711729,-32.9197888693244,23.3020853996278));
#9632=CARTESIAN_POINT('Ctrl Pts',(-33.0903140321403,-32.9197888693244,25.7537259894925));
#9633=CARTESIAN_POINT('Ctrl Pts',(-33.0903140321403,-32.9197888693244,24.9365124595376));
#9634=CARTESIAN_POINT('Ctrl Pts',(-33.0903140321403,-32.9197888693244,24.1192989295827));
#9635=CARTESIAN_POINT('Ctrl Pts',(-33.0903140321403,-32.9197888693244,23.3020853996278));
#9636=CARTESIAN_POINT('Origin',(-33.7152758240702,0.,23.3020853996278));
#9637=CARTESIAN_POINT('',(-30.4988718032837,-35.8428957093224,23.3020853996278));
#9638=CARTESIAN_POINT('',(-33.7152758240702,-35.8428957093224,23.3020853996278));
#9639=CARTESIAN_POINT('',(-37.4298717081548,-35.8428957093224,23.3020853996278));
#9640=CARTESIAN_POINT('Ctrl Pts',(-33.0903140321403,-32.9197888693244,23.3020853996278));
#9641=CARTESIAN_POINT('Ctrl Pts',(-32.2157621944983,-33.8784413957493,23.3020853996278));
#9642=CARTESIAN_POINT('Ctrl Pts',(-31.3573169988907,-34.8606685525362,23.3020853996278));
#9643=CARTESIAN_POINT('Ctrl Pts',(-30.4988718032837,-35.8428957093224,23.3020853996278));
#9644=CARTESIAN_POINT('',(-33.7152758240702,0.,23.3020853996278));
#9645=CARTESIAN_POINT('Ctrl Pts',(-33.7152758240702,0.,28.5520863533022));
#9646=CARTESIAN_POINT('Ctrl Pts',(-33.7152758240702,-50.,28.5520863533022));
#9647=CARTESIAN_POINT('Ctrl Pts',(-35.2856934180588,0.,28.5733218198147));
#9648=CARTESIAN_POINT('Ctrl Pts',(-35.2856934180588,-50.,28.5733218198147));
#9649=CARTESIAN_POINT('Ctrl Pts',(-38.5622099157303,0.,28.6176274596843));
#9650=CARTESIAN_POINT('Ctrl Pts',(-38.5622099157303,-50.,28.6176274596843));
#9651=CARTESIAN_POINT('Ctrl Pts',(-41.8297994640971,0.,28.8645068454146));
#9652=CARTESIAN_POINT('Ctrl Pts',(-41.8297994640971,-50.,28.8645068454146));
#9653=CARTESIAN_POINT('Ctrl Pts',(-43.5312500596049,0.,28.993058204651));
#9654=CARTESIAN_POINT('Ctrl Pts',(-43.5312500596049,-50.,28.993058204651));
#9655=CARTESIAN_POINT('Ctrl Pts',(-33.7152758240702,-32.2422300939432,28.5520863533022));
#9656=CARTESIAN_POINT('Ctrl Pts',(-35.6083132612651,-30.2140264575653,28.5776843428168));
#9657=CARTESIAN_POINT('Ctrl Pts',(-37.51739064843,-28.4001913564097,28.6028284737922));
#9658=CARTESIAN_POINT('Ctrl Pts',(-39.6474349999973,-26.9163136801154,28.7238758405859));
#9659=CARTESIAN_POINT('Ctrl Pts',(-43.5312500596049,0.,23.0833339691164));
#9660=CARTESIAN_POINT('Ctrl Pts',(-43.5312500596049,-50.,23.0833339691164));
#9661=CARTESIAN_POINT('Ctrl Pts',(-41.8002538279856,0.,23.1470713664374));
#9662=CARTESIAN_POINT('Ctrl Pts',(-41.8002538279856,-50.,23.1470713664374));
#9663=CARTESIAN_POINT('Ctrl Pts',(-38.5292940698133,0.,23.2675121033493));
#9664=CARTESIAN_POINT('Ctrl Pts',(-38.5292940698133,-50.,23.2675121033493));
#9665=CARTESIAN_POINT('Ctrl Pts',(-35.256230039271,0.,23.2910185810339));
#9666=CARTESIAN_POINT('Ctrl Pts',(-35.256230039271,-50.,23.2910185810339));
#9667=CARTESIAN_POINT('Ctrl Pts',(-33.7152758240702,0.,23.3020853996278));
#9668=CARTESIAN_POINT('Ctrl Pts',(-33.7152758240702,-50.,23.3020853996278));
#9669=CARTESIAN_POINT('',(-41.1444675922394,-35.8428957093224,23.168580542235));
#9670=CARTESIAN_POINT('',(-43.5312500596049,-35.7596093954454,23.0833339691164));
#9671=CARTESIAN_POINT('Ctrl Pts',(-41.1444675922394,-35.8428957093224,23.168580542235));
#9672=CARTESIAN_POINT('Ctrl Pts',(-41.9406444526806,-35.8246597455113,23.1419038173437));
#9673=CARTESIAN_POINT('Ctrl Pts',(-42.7369790815757,-35.8064220590631,23.1125799974915));
#9674=CARTESIAN_POINT('Ctrl Pts',(-43.5312500596049,-35.7596093954454,23.0833339691164));
#9675=CARTESIAN_POINT('Ctrl Pts',(-33.7152758240702,-35.8428957093224,23.3020853996278));
#9676=CARTESIAN_POINT('Ctrl Pts',(-35.256230039271,-35.8428957093224,23.2910185810339));
#9677=CARTESIAN_POINT('Ctrl Pts',(-36.7971842544718,-35.8428957093224,23.2799517624399));
#9678=CARTESIAN_POINT('Ctrl Pts',(-38.3376720547679,-35.8428957093224,23.2473993301393));
#9679=CARTESIAN_POINT('Ctrl Pts',(-39.2734116617593,-35.8428957093224,23.2276259828907));
#9680=CARTESIAN_POINT('Ctrl Pts',(-40.2089791746759,-35.8428957093224,23.1999250441847));
#9681=CARTESIAN_POINT('Ctrl Pts',(-41.1444675922394,-35.8428957093224,23.168580542235));
#9682=CARTESIAN_POINT('',(-43.5312500596049,0.,23.0833339691164));
#9683=CARTESIAN_POINT('Origin',(-43.5312500596049,0.,28.993058204651));
#9684=CARTESIAN_POINT('Ctrl Pts',(-43.5312500596049,-35.7596093954454,23.0833339691164));
#9685=CARTESIAN_POINT('Ctrl Pts',(-43.5312500596049,-35.7596093954454,25.0532420476279));
#9686=CARTESIAN_POINT('Ctrl Pts',(-43.5312500596049,-35.7596093954454,27.0231501261395));
#9687=CARTESIAN_POINT('Ctrl Pts',(-43.5312500596049,-35.7596093954454,28.993058204651));
#9688=CARTESIAN_POINT('Origin',(-27.6284697651866,0.,28.5520863533022));
#9689=CARTESIAN_POINT('',(-27.8171563148498,-15.4428924137585,28.5520863533022));
#9690=CARTESIAN_POINT('Origin',(-50.5794921182753,-24.6402745565802,40.6568565208036));
#9691=CARTESIAN_POINT('',(-6.9325701128232,-24.6402745565804,41.0954173969736));
#9692=CARTESIAN_POINT('Ctrl Pts',(-6.9325701128232,-24.6402745565804,41.0954173969736));
#9693=CARTESIAN_POINT('Ctrl Pts',(-6.9325701128232,-24.6402745565804,42.6139277674535));
#9694=CARTESIAN_POINT('Ctrl Pts',(-6.9325701128232,-24.6402745565804,44.1324381379335));
#9695=CARTESIAN_POINT('Ctrl Pts',(-6.9325701128232,-24.6402745565804,45.6509485084134));
#9696=CARTESIAN_POINT('',(-12.145829498768,-24.6402745565804,41.1701416969301));
#9697=CARTESIAN_POINT('Ctrl Pts',(-6.93257011282319,-24.6402745565804,41.0954173969736));
#9698=CARTESIAN_POINT('Ctrl Pts',(-7.19114152826118,-24.6402745565804,41.1027504809939));
#9699=CARTESIAN_POINT('Ctrl Pts',(-7.44972736508614,-24.6402745565804,41.109470012761));
#9700=CARTESIAN_POINT('Ctrl Pts',(-7.70833045244233,-24.6402745565804,41.1154556274416));
#9701=CARTESIAN_POINT('Ctrl Pts',(-9.18712074135434,-24.6402745565804,41.1496836366787));
#9702=CARTESIAN_POINT('Ctrl Pts',(-10.6664751200612,-24.6402745565804,41.1599126668044));
#9703=CARTESIAN_POINT('Ctrl Pts',(-12.145829498768,-24.6402745565804,41.1701416969301));
#9704=CARTESIAN_POINT('',(-15.8113799403947,-24.6402745565804,41.1701416969301));
#9705=CARTESIAN_POINT('',(-36.2584957313122,-24.6402745565803,41.1701416969301));
#9706=CARTESIAN_POINT('Ctrl Pts',(-15.8113799403947,-24.6402745565804,45.6509485084134));
#9707=CARTESIAN_POINT('Ctrl Pts',(-15.8113799403947,-24.6402745565804,44.157346237919));
#9708=CARTESIAN_POINT('Ctrl Pts',(-15.8113799403947,-24.6402745565804,42.6637439674245));
#9709=CARTESIAN_POINT('Ctrl Pts',(-15.8113799403947,-24.6402745565804,41.1701416969301));
#9710=CARTESIAN_POINT('Origin',(-50.5794921182753,-24.6402745565802,40.6568565208036));
#9711=CARTESIAN_POINT('',(-22.6162528991699,-24.6402745565803,40.6568565208036));
#9712=CARTESIAN_POINT('',(-22.6162528991699,-24.6402745565804,46.7455791339205));
#9713=CARTESIAN_POINT('',(-50.5794921182753,-24.6402745565802,40.6568565208036));
#9714=CARTESIAN_POINT('',(-27.8171563148498,-24.6402745565803,46.7455791339205));
#9715=CARTESIAN_POINT('Origin',(-27.6284697651866,0.,28.5520863533022));
#9716=CARTESIAN_POINT('',(-27.8171563148498,-21.5133263695702,28.5520863533022));
#9717=CARTESIAN_POINT('Ctrl Pts',(-27.8171563148498,-21.5133263695702,28.5520863533022));
#9718=CARTESIAN_POINT('Ctrl Pts',(-27.8485149888478,-20.6798942537258,28.5520863533022));
#9719=CARTESIAN_POINT('Ctrl Pts',(-27.8798736628458,-19.8464621378814,28.5520863533022));
#9720=CARTESIAN_POINT('Ctrl Pts',(-27.9322791099548,-19.0144540894493,28.5520863533022));
#9721=CARTESIAN_POINT('Ctrl Pts',(-27.9514424305311,-18.7102102019588,28.5520863533022));
#9722=CARTESIAN_POINT('Ctrl Pts',(-27.9734200757127,-18.4061567373866,28.5520863533022));
#9723=CARTESIAN_POINT('Ctrl Pts',(-27.9975489229178,-18.1022488275121,28.5520863533022));
#9724=CARTESIAN_POINT('',(-27.8171563148498,-15.4428924137585,28.5520863533022));
#9725=CARTESIAN_POINT('Ctrl Pts',(-50.5794921182753,-32.9197888693244,40.8646669227201));
#9726=CARTESIAN_POINT('Ctrl Pts',(-0.57949211827534,-32.9197888693246,40.8646669227201));
#9727=CARTESIAN_POINT('Ctrl Pts',(-50.5794921182753,-31.5506555203419,40.8557250310211));
#9728=CARTESIAN_POINT('Ctrl Pts',(-0.57949211827534,-31.5506555203421,40.8557250310211));
#9729=CARTESIAN_POINT('Ctrl Pts',(-50.5794921182753,-28.7895366356583,40.8376919986264));
#9730=CARTESIAN_POINT('Ctrl Pts',(-0.579492118275322,-28.7895366356586,
40.8376919986264));
#9731=CARTESIAN_POINT('Ctrl Pts',(-50.5794921182753,-26.0309722644348,40.7174666918928));
#9732=CARTESIAN_POINT('Ctrl Pts',(-0.579492118275313,-26.0309722644351,
40.7174666918928));
#9733=CARTESIAN_POINT('Ctrl Pts',(-50.5794921182753,-24.6402745565802,40.6568565208036));
#9734=CARTESIAN_POINT('Ctrl Pts',(-0.579492118275304,-24.6402745565804,
40.6568565208036));
#9735=CARTESIAN_POINT('',(-22.6162528991699,-31.4004590142235,40.8534720722599));
#9736=CARTESIAN_POINT('Ctrl Pts',(-22.6162528991699,-31.4004590142236,40.8534720722599));
#9737=CARTESIAN_POINT('Ctrl Pts',(-22.6162528991699,-30.5378337003373,40.845671497406));
#9738=CARTESIAN_POINT('Ctrl Pts',(-22.6162528991699,-29.67530062895,40.8341807988077));
#9739=CARTESIAN_POINT('Ctrl Pts',(-22.6162528991699,-28.8130169233711,40.8127143222409));
#9740=CARTESIAN_POINT('Ctrl Pts',(-22.6162528991699,-27.4216699722895,40.778076862982));
#9741=CARTESIAN_POINT('Ctrl Pts',(-22.6162528991699,-26.0309722644349,40.7174666918928));
#9742=CARTESIAN_POINT('Ctrl Pts',(-22.6162528991699,-24.6402745565803,40.6568565208036));
#9743=CARTESIAN_POINT('Ctrl Pts',(-21.9374993443491,-30.6867708079288,40.8460442182081));
#9744=CARTESIAN_POINT('Ctrl Pts',(-22.1639139492986,-30.9245530903279,40.8488874941869));
#9745=CARTESIAN_POINT('Ctrl Pts',(-22.3900069181263,-31.1624255947742,40.8513195762964));
#9746=CARTESIAN_POINT('Ctrl Pts',(-22.6162528991699,-31.4004590142235,40.8534720722599));
#9747=CARTESIAN_POINT('Origin',(-21.9374993443491,0.,41.1701416969301));
#9748=CARTESIAN_POINT('',(-20.1241540908813,-35.8428957093224,41.1701416969301));
#9749=CARTESIAN_POINT('',(-12.145829498768,-28.0540210254137,41.1701416969301));
#9750=CARTESIAN_POINT('Ctrl Pts',(-20.1241540908813,-35.8428957093224,41.1701416969301));
#9751=CARTESIAN_POINT('Ctrl Pts',(-17.5758884984362,-33.0917012392967,41.1701416969301));
#9752=CARTESIAN_POINT('Ctrl Pts',(-15.0276229060281,-30.3405067693004,41.1701416969301));
#9753=CARTESIAN_POINT('Ctrl Pts',(-12.145829498768,-28.0540210254137,41.1701416969301));
#9754=CARTESIAN_POINT('',(-12.145829498768,-35.8428957093224,41.1701416969301));
#9755=CARTESIAN_POINT('',(-21.0308267176152,-35.8428957093224,41.1701416969301));
#9756=CARTESIAN_POINT('',(-12.145829498768,-39.9873640168175,41.1701416969301));
#9757=CARTESIAN_POINT('',(-12.145829498768,0.,41.1701416969301));
#9758=CARTESIAN_POINT('',(-15.9247328341008,-39.9873640168175,41.1701416969301));
#9759=CARTESIAN_POINT('Ctrl Pts',(-15.8113799403947,-24.6402745565804,41.1701416969301));
#9760=CARTESIAN_POINT('Ctrl Pts',(-17.9536587883904,-26.5357985262344,41.1701416969301));
#9761=CARTESIAN_POINT('Ctrl Pts',(-19.9530165181103,-28.6026523566921,41.1701416969301));
#9762=CARTESIAN_POINT('Ctrl Pts',(-21.9374993443491,-30.6867708079288,41.1701416969301));
#9763=CARTESIAN_POINT('',(-12.145829498768,0.,41.1701416969301));
#9764=CARTESIAN_POINT('Origin',(-21.9374993443493,0.,7.42014408111587));
#9765=CARTESIAN_POINT('',(-21.9374993443493,-49.779013499853,7.42014408111587));
#9766=CARTESIAN_POINT('',(-21.9374993443492,-49.779013499853,11.3283032174042));
#9767=CARTESIAN_POINT('Ctrl Pts',(-21.9374993443493,-49.779013499853,7.42014408111587));
#9768=CARTESIAN_POINT('Ctrl Pts',(-21.9374993443493,-49.779013499853,8.722863793212));
#9769=CARTESIAN_POINT('Ctrl Pts',(-21.9374993443493,-49.779013499853,10.0255835053081));
#9770=CARTESIAN_POINT('Ctrl Pts',(-21.9374993443492,-49.779013499853,11.3283032174042));
#9771=CARTESIAN_POINT('',(-21.9374993443493,-47.5783263394389,7.42014408111587));
#9772=CARTESIAN_POINT('',(-21.9374993443493,0.,7.42014408111587));
#9773=CARTESIAN_POINT('',(-21.9374993443492,-47.578326339439,11.7004957057977));
#9774=CARTESIAN_POINT('Ctrl Pts',(-21.9374993443492,-47.578326339439,11.7004957057977));
#9775=CARTESIAN_POINT('Ctrl Pts',(-21.9374993443493,-47.5783263394389,10.2737118309038));
#9776=CARTESIAN_POINT('Ctrl Pts',(-21.9374993443493,-47.5783263394389,8.84692795600983));
#9777=CARTESIAN_POINT('Ctrl Pts',(-21.9374993443493,-47.5783263394389,7.42014408111587));
#9778=CARTESIAN_POINT('Ctrl Pts',(-21.9374993443492,-49.7790134998533,11.3283032174042));
#9779=CARTESIAN_POINT('Ctrl Pts',(-21.9374993443492,-49.4144747724776,11.4067801701442));
#9780=CARTESIAN_POINT('Ctrl Pts',(-21.9374993443492,-49.048845181639,11.4790471905962));
#9781=CARTESIAN_POINT('Ctrl Pts',(-21.9374993443492,-48.6813749989898,11.5408363181668));
#9782=CARTESIAN_POINT('Ctrl Pts',(-21.9374993443492,-48.3151603528142,11.6024143306403));
#9783=CARTESIAN_POINT('Ctrl Pts',(-21.9374993443492,-47.9471176708523,11.653585927611));
#9784=CARTESIAN_POINT('Ctrl Pts',(-21.9374993443492,-47.5783263394396,11.7004957057976));
#9785=CARTESIAN_POINT('Ctrl Pts',(-6.46527320146584,0.,28.993058204651));
#9786=CARTESIAN_POINT('Ctrl Pts',(-6.46527320146584,-50.,28.993058204651));
#9787=CARTESIAN_POINT('Ctrl Pts',(-7.88849388537566,0.,28.8645785638629));
#9788=CARTESIAN_POINT('Ctrl Pts',(-7.88849388537566,-50.,28.8645785638629));
#9789=CARTESIAN_POINT('Ctrl Pts',(-10.5755421267699,0.,28.6220083168607));
#9790=CARTESIAN_POINT('Ctrl Pts',(-10.5755421267699,-50.,28.6220083168607));
#9791=CARTESIAN_POINT('Ctrl Pts',(-13.2729581108332,0.,28.5744533698618));
#9792=CARTESIAN_POINT('Ctrl Pts',(-13.2729581108332,-50.,28.5744533698618));
#9793=CARTESIAN_POINT('Ctrl Pts',(-14.5416620373728,0.,28.5520863533022));
#9794=CARTESIAN_POINT('Ctrl Pts',(-14.5416620373728,-50.,28.5520863533022));
#9795=CARTESIAN_POINT('Ctrl Pts',(-10.6254363981409,-26.9163136801155,28.6682559068116));
#9796=CARTESIAN_POINT('Ctrl Pts',(-12.021648218423,-27.8977827572996,28.5932476649817));
#9797=CARTESIAN_POINT('Ctrl Pts',(-13.3186310701779,-28.9854094183524,28.5736481640004));
#9798=CARTESIAN_POINT('Ctrl Pts',(-14.5416620373728,-30.1164867730659,28.5520863533022));
#9799=CARTESIAN_POINT('Ctrl Pts',(-12.145829498768,0.,41.1701416969301));
#9800=CARTESIAN_POINT('Ctrl Pts',(-12.145829498768,-50.,41.1701416969301));
#9801=CARTESIAN_POINT('Ctrl Pts',(-10.6664751200612,0.,41.1599126668044));
#9802=CARTESIAN_POINT('Ctrl Pts',(-10.6664751200612,-50.,41.1599126668044));
#9803=CARTESIAN_POINT('Ctrl Pts',(-7.60970301348072,0.,41.1387765452533));
#9804=CARTESIAN_POINT('Ctrl Pts',(-7.60970301348072,-50.,41.1387765452533));
#9805=CARTESIAN_POINT('Ctrl Pts',(-4.55533931413531,0.,41.0151756823524));
#9806=CARTESIAN_POINT('Ctrl Pts',(-4.55533931413531,-50.,41.0151756823524));
#9807=CARTESIAN_POINT('Ctrl Pts',(-2.97916442155854,0.,40.9513926506044));
#9808=CARTESIAN_POINT('Ctrl Pts',(-2.97916442155854,-50.,40.9513926506044));
#9809=CARTESIAN_POINT('Ctrl Pts',(-12.145829498768,-28.0540210254137,41.1701416969301));
#9810=CARTESIAN_POINT('Ctrl Pts',(-10.8596394863158,-27.0335262460168,41.1612483062902));
#9811=CARTESIAN_POINT('Ctrl Pts',(-9.29349043303475,-25.9315577293938,41.1623730851889));
#9812=CARTESIAN_POINT('Ctrl Pts',(-6.93257011282315,-24.6402745565804,41.0954173969736));
#9813=CARTESIAN_POINT('Ctrl Pts',(-12.145829498768,0.,41.1701416969301));
#9814=CARTESIAN_POINT('Ctrl Pts',(-12.145829498768,-50.,41.1701416969301));
#9815=CARTESIAN_POINT('Ctrl Pts',(-10.6664751200612,0.,41.1599126668044));
#9816=CARTESIAN_POINT('Ctrl Pts',(-10.6664751200612,-50.,41.1599126668044));
#9817=CARTESIAN_POINT('Ctrl Pts',(-7.60970301348072,0.,41.1387765452533));
#9818=CARTESIAN_POINT('Ctrl Pts',(-7.60970301348072,-50.,41.1387765452533));
#9819=CARTESIAN_POINT('Ctrl Pts',(-4.55533931413531,0.,41.0151756823524));
#9820=CARTESIAN_POINT('Ctrl Pts',(-4.55533931413531,-50.,41.0151756823524));
#9821=CARTESIAN_POINT('Ctrl Pts',(-2.97916442155854,0.,40.9513926506044));
#9822=CARTESIAN_POINT('Ctrl Pts',(-2.97916442155854,-50.,40.9513926506044));
#9823=CARTESIAN_POINT('',(-9.6410846710205,-35.8428957093224,41.1485071303355));
#9824=CARTESIAN_POINT('Ctrl Pts',(-9.6410846710205,-35.8428957093224,41.1485071303355));
#9825=CARTESIAN_POINT('Ctrl Pts',(-10.4759320022279,-35.8428957093224,41.1585951520016));
#9826=CARTESIAN_POINT('Ctrl Pts',(-11.3108807504989,-35.8428957093224,41.1643684244659));
#9827=CARTESIAN_POINT('Ctrl Pts',(-12.145829498768,-35.8428957093224,41.1701416969301));
#9828=CARTESIAN_POINT('',(-3.08578014373778,-35.3823997605309,40.9557067534185));
#9829=CARTESIAN_POINT('Ctrl Pts',(-3.08578014373778,-35.3823997605309,40.9557067534185));
#9830=CARTESIAN_POINT('Ctrl Pts',(-3.47010919564395,-35.4232504050614,40.9712560023175));
#9831=CARTESIAN_POINT('Ctrl Pts',(-3.86258211615604,-35.4649681359094,40.9871034874292));
#9832=CARTESIAN_POINT('Ctrl Pts',(-4.25891342341505,-35.5052590756753,41.0026387968888));
#9833=CARTESIAN_POINT('Ctrl Pts',(-4.62324277639596,-35.542296704919,41.0169197006179));
#9834=CARTESIAN_POINT('Ctrl Pts',(-4.99083268933476,-35.5781286544545,41.0309320579202));
#9835=CARTESIAN_POINT('Ctrl Pts',(-5.35835442940415,-35.6109730479848,41.0441925491058));
#9836=CARTESIAN_POINT('Ctrl Pts',(-5.69241300271039,-35.6408269315721,41.0562456612998));
#9837=CARTESIAN_POINT('Ctrl Pts',(-6.02641530769763,-35.6682125305726,41.0676752365037));
#9838=CARTESIAN_POINT('Ctrl Pts',(-6.35786068955768,-35.6917917211265,41.0781565383703));
#9839=CARTESIAN_POINT('Ctrl Pts',(-6.60182237530956,-35.7091472777009,41.0858713421124));
#9840=CARTESIAN_POINT('Ctrl Pts',(-6.8387085012463,-35.7242194697342,41.0928983488501));
#9841=CARTESIAN_POINT('Ctrl Pts',(-7.07229367994015,-35.7375898122376,41.0993194957202));
#9842=CARTESIAN_POINT('Ctrl Pts',(-7.28610643999029,-35.7498283876877,41.1051971080868));
#9843=CARTESIAN_POINT('Ctrl Pts',(-7.49715341999327,-35.7606410343629,41.1105677339576));
#9844=CARTESIAN_POINT('Ctrl Pts',(-7.70833045244233,-35.7704737431054,41.1154556274416));
#9845=CARTESIAN_POINT('Ctrl Pts',(-7.93390757090211,-35.7809769407262,41.120676824627));
#9846=CARTESIAN_POINT('Ctrl Pts',(-8.1596330726629,-35.7903620006408,41.1253476494078));
#9847=CARTESIAN_POINT('Ctrl Pts',(-8.38903404555363,-35.7991725123089,41.1296021335826));
#9848=CARTESIAN_POINT('Ctrl Pts',(-8.65475789632607,-35.8093780622601,41.1345302640248));
#9849=CARTESIAN_POINT('Ctrl Pts',(-8.92541332461157,-35.8188127139474,41.1388986674994));
#9850=CARTESIAN_POINT('Ctrl Pts',(-9.20648382207859,-35.8283213120497,41.1428431118201));
#9851=CARTESIAN_POINT('Ctrl Pts',(-9.34845780264034,-35.8331242833125,41.1448355246359));
#9852=CARTESIAN_POINT('Ctrl Pts',(-9.49308915829818,-35.8379461216303,41.1467188010411));
#9853=CARTESIAN_POINT('Ctrl Pts',(-9.6410846710205,-35.8428957093224,41.1485071303355));
#9854=CARTESIAN_POINT('',(-3.08578014373778,-40.447859965609,40.9557067534185));
#9855=CARTESIAN_POINT('Ctrl Pts',(-3.08578014373778,-40.447859965609,40.9557067534185));
#9856=CARTESIAN_POINT('Ctrl Pts',(-3.08578014373778,-38.7593732305829,40.9557067534185));
#9857=CARTESIAN_POINT('Ctrl Pts',(-3.08578014373778,-37.0708864955569,40.9557067534185));
#9858=CARTESIAN_POINT('Ctrl Pts',(-3.08578014373778,-35.3823997605309,40.9557067534185));
#9859=CARTESIAN_POINT('',(-9.91196632385253,-39.9873640168175,41.1516343779719));
#9860=CARTESIAN_POINT('Ctrl Pts',(-9.91196632385253,-39.9873640168175,41.1516343779719));
#9861=CARTESIAN_POINT('Ctrl Pts',(-9.76001351127017,-39.9889982854137,41.1499589615172));
#9862=CARTESIAN_POINT('Ctrl Pts',(-9.61351547492277,-39.9905785739301,41.1482183089254));
#9863=CARTESIAN_POINT('Ctrl Pts',(-9.47184711759981,-39.9922341793642,41.1464088869723));
#9864=CARTESIAN_POINT('Ctrl Pts',(-9.31404833031638,-39.9940782928603,41.1443934433313));
#9865=CARTESIAN_POINT('Ctrl Pts',(-9.16224160476604,-39.9960151160521,41.1422926785606));
#9866=CARTESIAN_POINT('Ctrl Pts',(-9.01555878654682,-39.9981596233582,41.1401017099197));
#9867=CARTESIAN_POINT('Ctrl Pts',(-8.83433662374155,-40.0008090969425,41.1373948347685));
#9868=CARTESIAN_POINT('Ctrl Pts',(-8.66093546618411,-40.0037748251099,41.134550273771));
#9869=CARTESIAN_POINT('Ctrl Pts',(-8.49371264967868,-40.007192213942,41.1315588190433));
#9870=CARTESIAN_POINT('Ctrl Pts',(-8.23333215093211,-40.0125133861787,41.1269008633275));
#9871=CARTESIAN_POINT('Ctrl Pts',(-7.98793068107994,-40.0189224355555,41.1218867607676));
#9872=CARTESIAN_POINT('Ctrl Pts',(-7.75129752444595,-40.0267921007201,41.1164817498575));
#9873=CARTESIAN_POINT('Ctrl Pts',(-7.59390787533569,-40.0320263791977,41.112886764342));
#9874=CARTESIAN_POINT('Ctrl Pts',(-7.44039701512892,-40.0379040285104,41.1091188465385));
#9875=CARTESIAN_POINT('Ctrl Pts',(-7.28893932346474,-40.0445616897077,41.1051677682215));
#9876=CARTESIAN_POINT('Ctrl Pts',(-7.15427391521906,-40.050481208573,41.1016547503699));
#9877=CARTESIAN_POINT('Ctrl Pts',(-7.02123159798871,-40.0570167479159,41.097996934943));
#9878=CARTESIAN_POINT('Ctrl Pts',(-6.8885318761693,-40.064304859366,41.094187132511));
#9879=CARTESIAN_POINT('Ctrl Pts',(-6.76407777597948,-40.0711401061936,41.090614061467));
#9880=CARTESIAN_POINT('Ctrl Pts',(-6.63992498284731,-40.0786367847247,41.0869073047548));
#9881=CARTESIAN_POINT('Ctrl Pts',(-6.51502025282067,-40.086953108721,41.0830609315914));
#9882=CARTESIAN_POINT('Ctrl Pts',(-6.50674477501821,-40.0875041011023,41.0828060927576));
#9883=CARTESIAN_POINT('Ctrl Pts',(-6.49846599778982,-40.0880587107186,41.0825506410586));
#9884=CARTESIAN_POINT('Ctrl Pts',(-6.49018361539231,-40.0886169920876,41.0822945747695));
#9885=CARTESIAN_POINT('Ctrl Pts',(-6.48856544061612,-40.0887260666009,41.0822445456849));
#9886=CARTESIAN_POINT('Ctrl Pts',(-6.48694712670328,-40.0888352813771,41.0821944896265));
#9887=CARTESIAN_POINT('Ctrl Pts',(-6.4853286743164,-40.0889446366295,41.0821444066494));
#9888=CARTESIAN_POINT('Ctrl Pts',(-6.32113808263185,-40.1000386321863,41.0770635320394));
#9889=CARTESIAN_POINT('Ctrl Pts',(-6.15552265719152,-40.1125832992085,41.0717056122573));
#9890=CARTESIAN_POINT('Ctrl Pts',(-5.98914600988291,-40.1263832853108,41.0661281289905));
#9891=CARTESIAN_POINT('Ctrl Pts',(-5.80972779385089,-40.1412649945398,41.0601134501648));
#9892=CARTESIAN_POINT('Ctrl Pts',(-5.62942430490821,-40.1576060033621,41.0538434374583));
#9893=CARTESIAN_POINT('Ctrl Pts',(-5.44906339021964,-40.1750965989168,41.0473901770499));
#9894=CARTESIAN_POINT('Ctrl Pts',(-5.23965499265269,-40.195404089561,41.039897606259));
#9895=CARTESIAN_POINT('Ctrl Pts',(-5.03016911352031,-40.2172602451304,41.0321580099235));
#9896=CARTESIAN_POINT('Ctrl Pts',(-4.82189650011494,-40.2401069304598,41.0242842134737));
#9897=CARTESIAN_POINT('Ctrl Pts',(-4.52241744683996,-40.2729586029915,41.0129623355373));
#9898=CARTESIAN_POINT('Ctrl Pts',(-4.22544638425527,-40.3078498714794,41.0013629841369));
#9899=CARTESIAN_POINT('Ctrl Pts',(-3.93481510738903,-40.3430374333467,40.989821595414));
#9900=CARTESIAN_POINT('Ctrl Pts',(-3.74717990293604,-40.3657549654594,40.982370329824));
#9901=CARTESIAN_POINT('Ctrl Pts',(-3.56218711875492,-40.3885944979586,40.9749432239812));
#9902=CARTESIAN_POINT('Ctrl Pts',(-3.38087000255059,-40.4111181048125,40.9676305442143));
#9903=CARTESIAN_POINT('Ctrl Pts',(-3.28134203345339,-40.4234816857797,40.9636164931357));
#9904=CARTESIAN_POINT('Ctrl Pts',(-3.18292162588355,-40.4357507896154,40.9596369197091));
#9905=CARTESIAN_POINT('Ctrl Pts',(-3.08578014373778,-40.447859965609,40.9557067534185));
#9906=CARTESIAN_POINT('Ctrl Pts',(-12.145829498768,-39.9873640168175,41.1701416969301));
#9907=CARTESIAN_POINT('Ctrl Pts',(-11.4011844599617,-39.9873640168175,41.1649928315571));
#9908=CARTESIAN_POINT('Ctrl Pts',(-10.656539421158,-39.9873640168175,41.1598439661841));
#9909=CARTESIAN_POINT('Ctrl Pts',(-9.91196632385253,-39.9873640168175,41.1516343779719));
#9910=CARTESIAN_POINT('Origin',(-50.5794921182754,-48.2616268715293,45.6509485084134));
#9911=CARTESIAN_POINT('Ctrl Pts',(-28.0287750391292,-48.2616268715294,41.1701416969301));
#9912=CARTESIAN_POINT('Ctrl Pts',(-28.0287750391292,-48.2616268715294,42.5241037951019));
#9913=CARTESIAN_POINT('Ctrl Pts',(-28.0287750391292,-48.2616268715294,43.8780658932738));
#9914=CARTESIAN_POINT('Ctrl Pts',(-28.0287750391292,-48.2616268715294,45.2320279914456));
#9915=CARTESIAN_POINT('Ctrl Pts',(-50.5794921182754,-41.2091939768225,45.2320279914456));
#9916=CARTESIAN_POINT('Ctrl Pts',(-0.579492118275375,-41.2091939768228,
45.2320279914456));
#9917=CARTESIAN_POINT('Ctrl Pts',(-50.5794921182754,-42.3243871648847,45.2529311980376));
#9918=CARTESIAN_POINT('Ctrl Pts',(-0.579492118275384,-42.324387164885,45.2529311980376));
#9919=CARTESIAN_POINT('Ctrl Pts',(-50.5794921182754,-44.6807330773664,45.2970985996482));
#9920=CARTESIAN_POINT('Ctrl Pts',(-0.579492118275393,-44.6807330773666,
45.2970985996482));
#9921=CARTESIAN_POINT('Ctrl Pts',(-50.5794921182754,-47.0262028902959,45.5288687461601));
#9922=CARTESIAN_POINT('Ctrl Pts',(-0.579492118275402,-47.0262028902961,
45.5288687461601));
#9923=CARTESIAN_POINT('Ctrl Pts',(-50.5794921182754,-48.2616268715293,45.6509485084134));
#9924=CARTESIAN_POINT('Ctrl Pts',(-0.579492118275411,-48.2616268715295,
45.6509485084134));
#9925=CARTESIAN_POINT('',(-22.6162528991699,-41.2091939768227,45.2320279914456));
#9926=CARTESIAN_POINT('Ctrl Pts',(-22.6162528991699,-41.2091939768227,45.2320279914456));
#9927=CARTESIAN_POINT('Ctrl Pts',(-22.6162528991699,-42.5111473977587,45.2564318361088));
#9928=CARTESIAN_POINT('Ctrl Pts',(-22.6162528991699,-43.480532497875,45.2751643905176));
#9929=CARTESIAN_POINT('Ctrl Pts',(-22.6162528991699,-44.5923282731041,45.3390375913998));
#9930=CARTESIAN_POINT('',(-27.8171563148498,-41.2091939768226,45.2320279914456));
#9931=CARTESIAN_POINT('',(-50.5794921182754,-41.2091939768225,45.2320279914456));
#9932=CARTESIAN_POINT('',(-27.8171563148498,-44.5923282731041,45.3390375913998));
#9933=CARTESIAN_POINT('Ctrl Pts',(-27.8171563148498,-44.5923282731041,45.3390375913998));
#9934=CARTESIAN_POINT('Ctrl Pts',(-27.8171563148498,-43.4805324978749,45.2751643905177));
#9935=CARTESIAN_POINT('Ctrl Pts',(-27.8171563148498,-42.5111473977585,45.2564318361088));
#9936=CARTESIAN_POINT('Ctrl Pts',(-27.8171563148498,-41.2091939768226,45.2320279914456));
#9937=CARTESIAN_POINT('Ctrl Pts',(-27.8720025960698,-45.9999999986104,45.4393470131087));
#9938=CARTESIAN_POINT('Ctrl Pts',(-27.850597660865,-45.5313034681588,45.4004157973361));
#9939=CARTESIAN_POINT('Ctrl Pts',(-27.8338855709833,-45.0620981380163,45.3660260956004));
#9940=CARTESIAN_POINT('Ctrl Pts',(-27.8171563148498,-44.5923282731041,45.3390375913998));
#9941=CARTESIAN_POINT('Origin',(-50.5794921182753,-31.6894059500128,45.2320279914456));
#9942=CARTESIAN_POINT('',(-9.6410846710205,-35.8428957093224,45.2320279914456));
#9943=CARTESIAN_POINT('Ctrl Pts',(-9.6410846710205,-35.8428957093224,45.2320279914456));
#9944=CARTESIAN_POINT('Ctrl Pts',(-8.58832083034121,-35.8076868921584,45.2320279914456));
#9945=CARTESIAN_POINT('Ctrl Pts',(-7.5355569896619,-35.7724780749945,45.2320279914456));
#9946=CARTESIAN_POINT('Ctrl Pts',(-6.4853286743164,-35.7006837952599,45.2320279914456));
#9947=CARTESIAN_POINT('Ctrl Pts',(-5.65568898762988,-35.6439690953469,45.2320279914456));
#9948=CARTESIAN_POINT('Ctrl Pts',(-4.82763156712352,-35.564423647368,45.2320279914456));
#9949=CARTESIAN_POINT('Ctrl Pts',(-4.,-35.4787334991998,45.2320279914456));
#9950=CARTESIAN_POINT('',(-20.1241540908813,-35.8428957093224,45.2320279914456));
#9951=CARTESIAN_POINT('',(-35.3518231045783,-35.8428957093224,45.2320279914456));
#9952=CARTESIAN_POINT('Ctrl Pts',(-16.1752476182183,-31.689405950013,45.2320279914456));
#9953=CARTESIAN_POINT('Ctrl Pts',(-17.5211728321384,-33.0326283392864,45.2320279914456));
#9954=CARTESIAN_POINT('Ctrl Pts',(-18.8226634615099,-34.4377620243044,45.2320279914456));
#9955=CARTESIAN_POINT('Ctrl Pts',(-20.1241540908813,-35.8428957093224,45.2320279914456));
#9956=CARTESIAN_POINT('',(-30.4988718032837,-35.8428957093224,45.2320279914456));
#9957=CARTESIAN_POINT('Ctrl Pts',(-30.4988718032837,-35.8428957093224,45.2320279914456));
#9958=CARTESIAN_POINT('Ctrl Pts',(-31.7291056135897,-34.4352705471538,45.2320279914456));
#9959=CARTESIAN_POINT('Ctrl Pts',(-32.9593394238952,-33.027645384986,45.2320279914456));
#9960=CARTESIAN_POINT('Ctrl Pts',(-34.236978900931,-31.6894059500129,45.2320279914456));
#9961=CARTESIAN_POINT('',(-41.1444675922394,-35.8428957093224,45.2320279914456));
#9962=CARTESIAN_POINT('',(-45.8619798552574,-35.8428957093224,45.2320279914456));
#9963=CARTESIAN_POINT('Ctrl Pts',(-46.,-35.5287965719741,45.2320279914456));
#9964=CARTESIAN_POINT('Ctrl Pts',(-45.274244392658,-35.614967316818,45.2320279914456));
#9965=CARTESIAN_POINT('Ctrl Pts',(-44.547801980242,-35.6916284888575,45.2320279914456));
#9966=CARTESIAN_POINT('Ctrl Pts',(-43.8194113969803,-35.7413150895104,45.2320279914456));
#9967=CARTESIAN_POINT('Ctrl Pts',(-42.9297012410075,-35.8020059801293,45.2320279914456));
#9968=CARTESIAN_POINT('Ctrl Pts',(-42.0370844166234,-35.8224508447258,45.2320279914456));
#9969=CARTESIAN_POINT('Ctrl Pts',(-41.1444675922394,-35.8428957093224,45.2320279914456));
#9970=CARTESIAN_POINT('',(-41.1986434459686,-39.9873640168175,45.2320279914456));
#9971=CARTESIAN_POINT('Ctrl Pts',(-41.1986434459686,-39.9873640168175,45.2320279914456));
#9972=CARTESIAN_POINT('Ctrl Pts',(-42.0322112854914,-40.0070446177158,45.2320279914456));
#9973=CARTESIAN_POINT('Ctrl Pts',(-42.8657791250142,-40.0267252186142,45.2320279914456));
#9974=CARTESIAN_POINT('Ctrl Pts',(-43.6975145339966,-40.0754012692436,45.2320279914456));
#9975=CARTESIAN_POINT('Ctrl Pts',(-44.4662306596689,-40.1203892121024,45.2320279914456));
#9976=CARTESIAN_POINT('Ctrl Pts',(-45.2333815158416,-40.1901451841385,45.2320279914456));
#9977=CARTESIAN_POINT('Ctrl Pts',(-46.,-40.2683251404076,45.2320279914456));
#9978=CARTESIAN_POINT('',(-27.8171563148498,-39.9873640168175,45.2320279914456));
#9979=CARTESIAN_POINT('',(-39.1983242165626,-39.9873640168175,45.2320279914456));
#9980=CARTESIAN_POINT('',(-27.8171563148498,-38.1408671115585,45.2320279914456));
#9981=CARTESIAN_POINT('',(-22.6162528991699,-39.9873640168175,45.2320279914456));
#9982=CARTESIAN_POINT('',(-22.6162528991699,-35.8383849834152,45.2320279914456));
#9983=CARTESIAN_POINT('',(-9.91196632385253,-39.9873640168175,45.2320279914456));
#9984=CARTESIAN_POINT('',(-30.2457292210639,-39.9873640168175,45.2320279914456));
#9985=CARTESIAN_POINT('Ctrl Pts',(-4.,-40.3351636895296,45.2320279914456));
#9986=CARTESIAN_POINT('Ctrl Pts',(-4.82725378800652,-40.235477977729,45.2320279914456));
#9987=CARTESIAN_POINT('Ctrl Pts',(-5.6551318735474,-40.14503920042,45.2320279914456));
#9988=CARTESIAN_POINT('Ctrl Pts',(-6.4853286743164,-40.0889446366295,45.2320279914456));
#9989=CARTESIAN_POINT('Ctrl Pts',(-7.62463002932662,-40.0119645609704,45.2320279914456));
#9990=CARTESIAN_POINT('Ctrl Pts',(-8.76829817658957,-39.9996642888939,45.2320279914456));
#9991=CARTESIAN_POINT('Ctrl Pts',(-9.91196632385253,-39.9873640168175,45.2320279914456));
#9992=CARTESIAN_POINT('Ctrl Pts',(-50.5794921182754,-46.8102382740408,11.7940034705716));
#9993=CARTESIAN_POINT('Ctrl Pts',(-0.579492118275402,-46.8102382740411,
11.7940034705716));
#9994=CARTESIAN_POINT('Ctrl Pts',(-50.5794921182754,-47.4356982644151,11.7195637870418));
#9995=CARTESIAN_POINT('Ctrl Pts',(-0.579492118275411,-47.4356982644153,
11.7195637870418));
#9996=CARTESIAN_POINT('Ctrl Pts',(-50.5794921182754,-48.970928451387,11.5368469849723));
#9997=CARTESIAN_POINT('Ctrl Pts',(-0.579492118275411,-48.9709284513872,
11.5368469849723));
#9998=CARTESIAN_POINT('Ctrl Pts',(-50.5794921182754,-50.4745687432788,11.1742991443749));
#9999=CARTESIAN_POINT('Ctrl Pts',(-0.57949211827542,-50.474568743279,11.1742991443749));
#10000=CARTESIAN_POINT('Ctrl Pts',(-50.5794921182754,-51.3656189164549,
10.9594549972135));
#10001=CARTESIAN_POINT('Ctrl Pts',(-0.579492118275429,-51.3656189164551,
10.9594549972135));
#10002=CARTESIAN_POINT('',(-22.4537253379822,-49.8203231919273,11.3193828196557));
#10003=CARTESIAN_POINT('',(-23.9395150764281,-50.,11.2799760536172));
#10004=CARTESIAN_POINT('Ctrl Pts',(-22.4537253379822,-49.8203231918962,
11.3193828196624));
#10005=CARTESIAN_POINT('Ctrl Pts',(-22.9489917370711,-49.8802158425076,
11.3064103035749));
#10006=CARTESIAN_POINT('Ctrl Pts',(-23.4442319168183,-49.9401053225042,
11.2932689106568));
#10007=CARTESIAN_POINT('Ctrl Pts',(-23.9395150764292,-50.0000000000001,
11.2799760536172));
#10008=CARTESIAN_POINT('Ctrl Pts',(-21.9374993443492,-49.779013499853,11.3283032174042));
#10009=CARTESIAN_POINT('Ctrl Pts',(-22.0815481582197,-49.7983781349903,
11.324134448924));
#10010=CARTESIAN_POINT('Ctrl Pts',(-22.2294088172061,-49.8080024972125,
11.3220500924332));
#10011=CARTESIAN_POINT('Ctrl Pts',(-22.377110581424,-49.8161716535197,11.3202817549838));
#10012=CARTESIAN_POINT('Ctrl Pts',(-22.4026604392965,-49.8175847766716,
11.3199758631027));
#10013=CARTESIAN_POINT('Ctrl Pts',(-22.4282055425557,-49.8189543348038,
11.3196793088055));
#10014=CARTESIAN_POINT('Ctrl Pts',(-22.4537253379822,-49.8203231919273,
11.3193828196557));
#10015=CARTESIAN_POINT('',(-22.4067431977018,-46.810238274041,11.7940034705716));
#10016=CARTESIAN_POINT('Ctrl Pts',(-22.4067431977018,-46.810238274041,11.7940034705716));
#10017=CARTESIAN_POINT('Ctrl Pts',(-22.3445261994785,-46.9449347871579,
11.777972443866));
#10018=CARTESIAN_POINT('Ctrl Pts',(-22.2701131023765,-47.0757698902793,
11.7623951994658));
#10019=CARTESIAN_POINT('Ctrl Pts',(-22.1891538511564,-47.2044530167982,
11.7468029651855));
#10020=CARTESIAN_POINT('Ctrl Pts',(-22.1097859287825,-47.3306067576305,
11.731517210669));
#10021=CARTESIAN_POINT('Ctrl Pts',(-22.0241266645577,-47.4546931042033,
11.7162216926836));
#10022=CARTESIAN_POINT('Ctrl Pts',(-21.9374993443492,-47.5783263394389,
11.7004957057977));
#10023=CARTESIAN_POINT('',(-50.5794921182754,-46.8102382740408,11.7940034705716));
#10024=CARTESIAN_POINT('Ctrl Pts',(-27.6284697651867,-50.,11.2799760536172));
#10025=CARTESIAN_POINT('Ctrl Pts',(-26.9421272079154,-50.,11.2799760536172));
#10026=CARTESIAN_POINT('Ctrl Pts',(-26.255784650644,-50.,11.2799760536172));
#10027=CARTESIAN_POINT('Ctrl Pts',(-25.0261330877245,-50.,11.2799760536172));
#10028=CARTESIAN_POINT('Ctrl Pts',(-24.4828240820763,-50.,11.2799760536172));
#10029=CARTESIAN_POINT('Ctrl Pts',(-23.9395150764281,-50.,11.2799760536172));
#10030=CARTESIAN_POINT('Origin',(-50.5794921182754,-46.8102382740408,25.9747352439481));
#10031=CARTESIAN_POINT('',(-27.9146095003149,-46.8102382740409,25.9747352439481));
#10032=CARTESIAN_POINT('Ctrl Pts',(-27.9146095003149,-46.8102382740409,
23.3020853996278));
#10033=CARTESIAN_POINT('Ctrl Pts',(-27.9146095003149,-46.8102382740409,
24.1929686810679));
#10034=CARTESIAN_POINT('Ctrl Pts',(-27.9146095003149,-46.8102382740409,
25.083851962508));
#10035=CARTESIAN_POINT('Ctrl Pts',(-27.9146095003149,-46.8102382740409,
25.9747352439481));
#10036=CARTESIAN_POINT('',(-22.4067431977018,-46.810238274041,25.9747352439481));
#10037=CARTESIAN_POINT('Ctrl Pts',(-22.4067431977018,-46.810238274041,25.9747352439481));
#10038=CARTESIAN_POINT('Ctrl Pts',(-22.4067431977018,-46.810238274041,21.2478246528226));
#10039=CARTESIAN_POINT('Ctrl Pts',(-22.4067431977018,-46.810238274041,16.5209140616971));
#10040=CARTESIAN_POINT('Ctrl Pts',(-22.4067431977018,-46.810238274041,11.7940034705716));
#10041=CARTESIAN_POINT('',(-50.5794921182754,-46.8102382740408,25.9747352439481));
#10042=CARTESIAN_POINT('Ctrl Pts',(-50.5794921182754,-47.0180504640967,
33.2250823813993));
#10043=CARTESIAN_POINT('Ctrl Pts',(-0.579492118275402,-47.0180504640969,
33.2250823813993));
#10044=CARTESIAN_POINT('Ctrl Pts',(-50.5794921182754,-46.9575045034612,
32.0944633991848));
#10045=CARTESIAN_POINT('Ctrl Pts',(-0.579492118275402,-46.9575045034614,
32.0944633991848));
#10046=CARTESIAN_POINT('Ctrl Pts',(-50.5794921182754,-46.8281785016035,
29.6794644288257));
#10047=CARTESIAN_POINT('Ctrl Pts',(-0.579492118275402,-46.8281785016037,
29.6794644288257));
#10048=CARTESIAN_POINT('Ctrl Pts',(-50.5794921182754,-46.8164669057984,
27.2609727664961));
#10049=CARTESIAN_POINT('Ctrl Pts',(-0.579492118275402,-46.8164669057986,
27.2609727664961));
#10050=CARTESIAN_POINT('Ctrl Pts',(-50.5794921182754,-46.8102382740408,
25.9747352439481));
#10051=CARTESIAN_POINT('Ctrl Pts',(-0.579492118275402,-46.8102382740411,
25.9747352439481));
#10052=CARTESIAN_POINT('',(-27.9159731323358,-46.832637020956,28.5520863533022));
#10053=CARTESIAN_POINT('Ctrl Pts',(-27.9146095003149,-46.8102382740409,
25.9747352439481));
#10054=CARTESIAN_POINT('Ctrl Pts',(-27.914722543745,-46.812102890532,26.3597860527412));
#10055=CARTESIAN_POINT('Ctrl Pts',(-27.9145726622472,-46.8097291806985,
27.1543651139661));
#10056=CARTESIAN_POINT('Ctrl Pts',(-27.9159731323358,-46.832637020956,28.5520863533022));
#10057=CARTESIAN_POINT('Ctrl Pts',(-22.3002604168479,-47.0180504640968,
33.2250823813993));
#10058=CARTESIAN_POINT('Ctrl Pts',(-22.3117209883081,-46.997576095889,32.8427495370345));
#10059=CARTESIAN_POINT('Ctrl Pts',(-22.3227796825422,-46.977347537258,32.4649514139942));
#10060=CARTESIAN_POINT('Ctrl Pts',(-22.3330822331382,-46.9580591322205,
32.0865887152232));
#10061=CARTESIAN_POINT('Ctrl Pts',(-22.3400442296745,-46.9450249027052,
31.830908359784));
#10062=CARTESIAN_POINT('Ctrl Pts',(-22.3466609374866,-46.9324172967249,
31.5749702739749));
#10063=CARTESIAN_POINT('Ctrl Pts',(-22.3528230372047,-46.9204752325506,
31.3172001867641));
#10064=CARTESIAN_POINT('Ctrl Pts',(-22.3583268111744,-46.9098089945871,
31.0869688758344));
#10065=CARTESIAN_POINT('Ctrl Pts',(-22.3634679241066,-46.8996727487078,
30.8552761240596));
#10066=CARTESIAN_POINT('Ctrl Pts',(-22.368168484025,-46.890278374829,30.6209989988656));
#10067=CARTESIAN_POINT('Ctrl Pts',(-22.3724143658404,-46.8817927046299,
30.4093831482258));
#10068=CARTESIAN_POINT('Ctrl Pts',(-22.3763008007138,-46.8739119370229,
30.1956587204413));
#10069=CARTESIAN_POINT('Ctrl Pts',(-22.3797703839192,-46.8668364544077,
29.9789968246432));
#10070=CARTESIAN_POINT('Ctrl Pts',(-22.3805501624219,-46.8652462607409,
29.9303027081742));
#10071=CARTESIAN_POINT('Ctrl Pts',(-22.3813088852362,-46.8636969484866,
29.881460210495));
#10072=CARTESIAN_POINT('Ctrl Pts',(-22.3820459006893,-46.8621911725433,
29.8324599105435));
#10073=CARTESIAN_POINT('Ctrl Pts',(-22.3837000924775,-46.8588115389283,
29.722481356562));
#10074=CARTESIAN_POINT('Ctrl Pts',(-22.3852449325593,-46.8556512810163,
29.6117078654994));
#10075=CARTESIAN_POINT('Ctrl Pts',(-22.3866730528043,-46.8526968337333,
29.500034212448));
#10076=CARTESIAN_POINT('Ctrl Pts',(-22.3883532227136,-46.8492209545552,
29.3686512198963));
#10077=CARTESIAN_POINT('Ctrl Pts',(-22.3898897729629,-46.8459006717033,
29.2309710850179));
#10078=CARTESIAN_POINT('Ctrl Pts',(-22.3912959845182,-46.8428205637809,
29.0890741741458));
#10079=CARTESIAN_POINT('Ctrl Pts',(-22.3927780019711,-46.83957441374,28.9395279002365));
#10080=CARTESIAN_POINT('Ctrl Pts',(-22.39411524939,-46.8365951378298,28.7852979579704));
#10081=CARTESIAN_POINT('Ctrl Pts',(-22.3953232734537,-46.8339213220359,
28.6288214153665));
#10082=CARTESIAN_POINT('Ctrl Pts',(-22.3966332541794,-46.8310218374483,
28.4591383262658));
#10083=CARTESIAN_POINT('Ctrl Pts',(-22.3977912782751,-46.8284811042304,
28.2868134228868));
#10084=CARTESIAN_POINT('Ctrl Pts',(-22.3988171703937,-46.8262807579856,
28.1149563868638));
#10085=CARTESIAN_POINT('Ctrl Pts',(-22.400089607753,-46.8235516184253,27.9017981910388));
#10086=CARTESIAN_POINT('Ctrl Pts',(-22.4011587732012,-46.8213448707401,
27.689359800035));
#10087=CARTESIAN_POINT('Ctrl Pts',(-22.4020624944216,-46.8195343165807,
27.4835775456975));
#10088=CARTESIAN_POINT('Ctrl Pts',(-22.4030771098092,-46.8175015922529,
27.2525440842236));
#10089=CARTESIAN_POINT('Ctrl Pts',(-22.4038831870314,-46.8159607043052,
27.0299007350355));
#10090=CARTESIAN_POINT('Ctrl Pts',(-22.4045342577394,-46.8147058823462,
26.8240490747171));
#10091=CARTESIAN_POINT('Ctrl Pts',(-22.4050758496905,-46.8136620610458,
26.6528117559577));
#10092=CARTESIAN_POINT('Ctrl Pts',(-22.4055101815806,-46.8128145621256,
26.4931938524927));
#10093=CARTESIAN_POINT('Ctrl Pts',(-22.4058680670331,-46.8120862581535,
26.3500302112228));
#10094=CARTESIAN_POINT('Ctrl Pts',(-22.4062259524856,-46.8113579541814,
26.206866569953));
#10095=CARTESIAN_POINT('Ctrl Pts',(-22.4065073915007,-46.8107487820045,
26.0801571927538));
#10096=CARTESIAN_POINT('Ctrl Pts',(-22.4067431977018,-46.810238274041,25.9747352439481));
#10097=CARTESIAN_POINT('Ctrl Pts',(-27.6284697651866,-46.832637020956,28.5520863533022));
#10098=CARTESIAN_POINT('Ctrl Pts',(-27.724304220903,-46.832637020956,28.5520863533022));
#10099=CARTESIAN_POINT('Ctrl Pts',(-27.8201386766194,-46.832637020956,28.5520863533022));
#10100=CARTESIAN_POINT('Ctrl Pts',(-27.9159731323358,-46.832637020956,28.5520863533022));
#10101=CARTESIAN_POINT('Origin',(-8.65972071886099,0.,7.42014408111587));
#10102=CARTESIAN_POINT('',(-20.9638833999634,-49.3598224747643,7.42014408111587));
#10103=CARTESIAN_POINT('Ctrl Pts',(-20.9638833999634,-49.3598224747643,
7.42014408111587));
#10104=CARTESIAN_POINT('Ctrl Pts',(-21.0980102336626,-49.4569413027654,
7.42014408111587));
#10105=CARTESIAN_POINT('Ctrl Pts',(-21.2321370673618,-49.5540601307665,
7.42014408111587));
#10106=CARTESIAN_POINT('Ctrl Pts',(-21.3769769668579,-49.6239330399498,
7.42014408111587));
#10107=CARTESIAN_POINT('Ctrl Pts',(-21.5511126585562,-49.7079386724719,
7.42014408111587));
#10108=CARTESIAN_POINT('Ctrl Pts',(-21.7407334117133,-49.7525620464147,
7.42014408111587));
#10109=CARTESIAN_POINT('Ctrl Pts',(-21.9374993443493,-49.779013499853,7.42014408111587));
#10110=CARTESIAN_POINT('',(-20.8826184272766,-48.9805938828453,7.42014408111587));
#10111=CARTESIAN_POINT('Ctrl Pts',(-20.8826184272766,-48.9805938828453,
7.42014408111587));
#10112=CARTESIAN_POINT('Ctrl Pts',(-20.8886318177161,-49.0258913672067,
7.42014408111587));
#10113=CARTESIAN_POINT('Ctrl Pts',(-20.8946452081555,-49.0711888515682,
7.42014408111587));
#10114=CARTESIAN_POINT('Ctrl Pts',(-20.9029340744019,-49.1160323250755,
7.42014408111587));
#10115=CARTESIAN_POINT('Ctrl Pts',(-20.9181431546826,-49.1983147468652,
7.42014408111587));
#10116=CARTESIAN_POINT('Ctrl Pts',(-20.941013277323,-49.2790686108147,7.42014408111587));
#10117=CARTESIAN_POINT('Ctrl Pts',(-20.9638833999634,-49.3598224747643,
7.42014408111587));
#10118=CARTESIAN_POINT('',(-21.8848752975464,-47.6532795060143,7.42014408111587));
#10119=CARTESIAN_POINT('Ctrl Pts',(-21.8848752975464,-47.6532795060143,
7.42014408111587));
#10120=CARTESIAN_POINT('Ctrl Pts',(-21.5983264519963,-47.8702550902894,
7.42014408111587));
#10121=CARTESIAN_POINT('Ctrl Pts',(-21.3117776064462,-48.0872306745646,
7.42014408111587));
#10122=CARTESIAN_POINT('Ctrl Pts',(-21.1331844329834,-48.3778836358055,
7.42014408111587));
#10123=CARTESIAN_POINT('Ctrl Pts',(-21.0215340245917,-48.5595900313725,
7.42014408111586));
#10124=CARTESIAN_POINT('Ctrl Pts',(-20.9520762259342,-48.7700919571089,
7.42014408111586));
#10125=CARTESIAN_POINT('Ctrl Pts',(-20.8826184272766,-48.9805938828453,
7.42014408111586));
#10126=CARTESIAN_POINT('Ctrl Pts',(-21.9374993443493,-47.5783263394389,
7.42014408111587));
#10127=CARTESIAN_POINT('Ctrl Pts',(-21.9199869025767,-47.603319838349,7.42014408111587));
#10128=CARTESIAN_POINT('Ctrl Pts',(-21.9024311000616,-47.6282996721816,
7.42014408111587));
#10129=CARTESIAN_POINT('Ctrl Pts',(-21.8848752975464,-47.6532795060143,
7.42014408111587));
#10130=CARTESIAN_POINT('Origin',(-24.9999979138378,-50.,24.4045138359071));
#10131=CARTESIAN_POINT('',(-28.2163297254929,-50.,6.7388997622892));
#10132=CARTESIAN_POINT('',(-28.2163297254929,-50.,7.42014408111587));
#10133=CARTESIAN_POINT('Ctrl Pts',(-28.2163297254929,-50.,6.7388997622892));
#10134=CARTESIAN_POINT('Ctrl Pts',(-28.2163297254929,-50.,6.96598120189809));
#10135=CARTESIAN_POINT('Ctrl Pts',(-28.2163297254929,-50.,7.19306264150698));
#10136=CARTESIAN_POINT('Ctrl Pts',(-28.2163297254929,-50.,7.42014408111587));
#10137=CARTESIAN_POINT('',(-23.9395150764281,-50.,6.73889976228915));
#10138=CARTESIAN_POINT('Ctrl Pts',(-23.9395150764281,-50.,6.73889976228915));
#10139=CARTESIAN_POINT('Ctrl Pts',(-24.4861740903772,-50.,6.73889976228916));
#10140=CARTESIAN_POINT('Ctrl Pts',(-25.0328331043263,-50.,6.73889976228916));
#10141=CARTESIAN_POINT('Ctrl Pts',(-26.4584379873479,-50.,6.73889976228918));
#10142=CARTESIAN_POINT('Ctrl Pts',(-27.3373838564204,-50.,6.73889976228919));
#10143=CARTESIAN_POINT('Ctrl Pts',(-28.2163297254929,-50.,6.7388997622892));
#10144=CARTESIAN_POINT('',(-23.939515076428,-50.,38.6194077914723));
#10145=CARTESIAN_POINT('',(-40.0347200036053,-50.,7.42014408111587));
#10146=CARTESIAN_POINT('Ctrl Pts',(-50.5794921182754,-51.3656189164549,
10.9594549972135));
#10147=CARTESIAN_POINT('Ctrl Pts',(-0.579492118275429,-51.3656189164551,
10.9594549972135));
#10148=CARTESIAN_POINT('Ctrl Pts',(-50.5794921182754,-51.0690361773682,
9.96331115528493));
#10149=CARTESIAN_POINT('Ctrl Pts',(-0.57949211827542,-51.0690361773684,
9.96331115528493));
#10150=CARTESIAN_POINT('Ctrl Pts',(-50.5794921182754,-50.4969680886441,
8.04188408403671));
#10151=CARTESIAN_POINT('Ctrl Pts',(-0.57949211827542,-50.4969680886444,
8.04188408403671));
#10152=CARTESIAN_POINT('Ctrl Pts',(-50.5794921182754,-49.7897119870464,
6.16606893999899));
#10153=CARTESIAN_POINT('Ctrl Pts',(-0.57949211827542,-49.7897119870466,
6.16606893999899));
#10154=CARTESIAN_POINT('Ctrl Pts',(-50.5794921182754,-49.4491254410178,
5.26275060954867));
#10155=CARTESIAN_POINT('Ctrl Pts',(-0.57949211827542,-49.449125441018,5.26275060954867));
#10156=CARTESIAN_POINT('Ctrl Pts',(-28.1532915414327,-49.4491254410179,
5.26275060954867));
#10157=CARTESIAN_POINT('Ctrl Pts',(-28.1702821173224,-49.6003836560492,
5.66392417280936));
#10158=CARTESIAN_POINT('Ctrl Pts',(-28.1874983931328,-49.7508287332989,
6.06296100896196));
#10159=CARTESIAN_POINT('Ctrl Pts',(-28.2045606831651,-49.8984215953971,
6.46250767195272));
#10160=CARTESIAN_POINT('Ctrl Pts',(-28.2084934279162,-49.9324407717568,
6.55460052928334));
#10161=CARTESIAN_POINT('Ctrl Pts',(-28.2124179918349,-49.9663085815011,
6.64672041709453));
#10162=CARTESIAN_POINT('Ctrl Pts',(-28.2163297254929,-50.0000000000001,
6.73889976228948));
#10163=CARTESIAN_POINT('',(-22.4537253379822,-49.8203231919273,6.25180674544763));
#10164=CARTESIAN_POINT('Ctrl Pts',(-22.4537253379822,-49.8203231919274,
6.25180674544765));
#10165=CARTESIAN_POINT('Ctrl Pts',(-22.2167681003445,-49.8076130350744,
6.21762512381599));
#10166=CARTESIAN_POINT('Ctrl Pts',(-21.9795249240782,-49.7949510618235,
6.18345036474886));
#10167=CARTESIAN_POINT('Ctrl Pts',(-21.6295493339287,-49.7220241235823,
5.98828807362187));
#10168=CARTESIAN_POINT('Ctrl Pts',(-21.507050143144,-49.6850011752491,5.88935007912058));
#10169=CARTESIAN_POINT('Ctrl Pts',(-21.2893544347416,-49.5829472351646,
5.61779084750181));
#10170=CARTESIAN_POINT('Ctrl Pts',(-21.1946681965505,-49.5232676867739,
5.45939387227615));
#10171=CARTESIAN_POINT('Ctrl Pts',(-21.0886461069131,-49.4491254410179,
5.26275060954866));
#10172=CARTESIAN_POINT('Ctrl Pts',(-23.9395150764293,-50.0000000000001,
6.73889976228948));
#10173=CARTESIAN_POINT('Ctrl Pts',(-23.4458128587659,-49.9402965060852,
6.57555166891394));
#10174=CARTESIAN_POINT('Ctrl Pts',(-22.9491795346264,-49.8802386421745,
6.41293829354249));
#10175=CARTESIAN_POINT('Ctrl Pts',(-22.4537253379822,-49.8203231919274,
6.25180674544767));
#10176=CARTESIAN_POINT('Ctrl Pts',(-47.0173600316049,0.,40.9513926506044));
#10177=CARTESIAN_POINT('Ctrl Pts',(-47.0173600316049,-50.,40.9513926506044));
#10178=CARTESIAN_POINT('Ctrl Pts',(-45.1408048911785,0.,41.0151380983451));
#10179=CARTESIAN_POINT('Ctrl Pts',(-45.1408048911785,-50.,41.0151380983451));
#10180=CARTESIAN_POINT('Ctrl Pts',(-41.5792649450162,0.,41.1361214649532));
#10181=CARTESIAN_POINT('Ctrl Pts',(-41.5792649450162,-50.,41.1361214649532));
#10182=CARTESIAN_POINT('Ctrl Pts',(-38.0157696741575,0.,41.1592156884427));
#10183=CARTESIAN_POINT('Ctrl Pts',(-38.0157696741575,-50.,41.1592156884427));
#10184=CARTESIAN_POINT('Ctrl Pts',(-36.3298597931863,0.,41.1701416969301));
#10185=CARTESIAN_POINT('Ctrl Pts',(-36.3298597931863,-50.,41.1701416969301));
#10186=CARTESIAN_POINT('',(-41.1444675922394,-35.8428957093224,41.1200321790728));
#10187=CARTESIAN_POINT('',(-47.0173600316049,-35.4035154563228,40.9513926506044));
#10188=CARTESIAN_POINT('Ctrl Pts',(-41.1444675922394,-35.8428957093224,
41.1200321790728));
#10189=CARTESIAN_POINT('Ctrl Pts',(-41.410702248768,-35.8367977607347,41.1151697443803));
#10190=CARTESIAN_POINT('Ctrl Pts',(-41.6737891380061,-35.8307675050106,
41.1098440345325));
#10191=CARTESIAN_POINT('Ctrl Pts',(-41.9367038853697,-35.8237058351217,
41.1040362591444));
#10192=CARTESIAN_POINT('Ctrl Pts',(-42.1172063970746,-35.8188576888517,
41.1000489664744));
#10193=CARTESIAN_POINT('Ctrl Pts',(-42.2976279937804,-35.8135264779231,
41.0958344558255));
#10194=CARTESIAN_POINT('Ctrl Pts',(-42.4789302217548,-35.8073377295601,
41.0913866466795));
#10195=CARTESIAN_POINT('Ctrl Pts',(-42.6410485412299,-35.8018038235762,
41.0874094680637));
#10196=CARTESIAN_POINT('Ctrl Pts',(-42.8038710601307,-35.7955852343329,
41.0832457503616));
#10197=CARTESIAN_POINT('Ctrl Pts',(-42.9680824976217,-35.7883760651215,
41.0788911461947));
#10198=CARTESIAN_POINT('Ctrl Pts',(-43.1147624370959,-35.7819365593248,
41.0750014471251));
#10199=CARTESIAN_POINT('Ctrl Pts',(-43.2625505808708,-35.7747069917885,
41.0709594445942));
#10200=CARTESIAN_POINT('Ctrl Pts',(-43.4119320475441,-35.7664295398708,
41.0667620402597));
#10201=CARTESIAN_POINT('Ctrl Pts',(-43.546351411756,-35.7589811605715,41.062985049482));
#10202=CARTESIAN_POINT('Ctrl Pts',(-43.6820609111931,-35.750684346738,41.0590822280976));
#10203=CARTESIAN_POINT('Ctrl Pts',(-43.8194113969803,-35.7413150895104,
41.0550513186222));
#10204=CARTESIAN_POINT('Ctrl Pts',(-43.9357457356584,-35.733379432514,41.0516371829866));
#10205=CARTESIAN_POINT('Ctrl Pts',(-44.0532571361682,-35.724672120465,41.0481311582074));
#10206=CARTESIAN_POINT('Ctrl Pts',(-44.1721694569752,-35.7152048306764,
41.0445318725883));
#10207=CARTESIAN_POINT('Ctrl Pts',(-44.5029654841913,-35.68886826749,41.0345192063183));
#10208=CARTESIAN_POINT('Ctrl Pts',(-44.8338412721866,-35.6575010227608,
41.0240768696027));
#10209=CARTESIAN_POINT('Ctrl Pts',(-45.164393785617,-35.6227814485403,41.0133674116353));
#10210=CARTESIAN_POINT('Ctrl Pts',(-45.6518859214231,-35.5715777253696,
40.9975733204525));
#10211=CARTESIAN_POINT('Ctrl Pts',(-46.1386755078748,-35.513090589023,40.9811982471836));
#10212=CARTESIAN_POINT('Ctrl Pts',(-46.6234783824581,-35.4528228539035,
40.9647635861192));
#10213=CARTESIAN_POINT('Ctrl Pts',(-46.7549268947625,-35.4364819769477,
40.9603075239538));
#10214=CARTESIAN_POINT('Ctrl Pts',(-46.8862293420066,-35.4200100558347,
40.9558470811409));
#10215=CARTESIAN_POINT('Ctrl Pts',(-47.0173600316049,-35.4035154563228,
40.9513926506044));
#10216=CARTESIAN_POINT('Ctrl Pts',(-36.3298597931863,-35.8428957093224,
41.1701416969301));
#10217=CARTESIAN_POINT('Ctrl Pts',(-37.9348549323874,-35.8428957093224,
41.1597400789604));
#10218=CARTESIAN_POINT('Ctrl Pts',(-39.5398500715884,-35.8428957093224,
41.1493384609907));
#10219=CARTESIAN_POINT('Ctrl Pts',(-41.1444675922394,-35.8428957093224,
41.1200321790728));
#10220=CARTESIAN_POINT('',(-41.1986434459686,-39.9873640168175,41.119035513771));
#10221=CARTESIAN_POINT('Ctrl Pts',(-41.1986434459686,-39.9873640168175,
41.119035513771));
#10222=CARTESIAN_POINT('Ctrl Pts',(-39.5759759030023,-39.9873640168175,
41.1491043374797));
#10223=CARTESIAN_POINT('Ctrl Pts',(-37.9529178480943,-39.9873640168175,
41.1596230172049));
#10224=CARTESIAN_POINT('Ctrl Pts',(-36.3298597931863,-39.9873640168175,
41.1701416969301));
#10225=CARTESIAN_POINT('',(-47.0173600316049,-40.3756302654981,40.9513926506044));
#10226=CARTESIAN_POINT('Ctrl Pts',(-47.0173600316049,-40.3756302654981,
40.9513926506044));
#10227=CARTESIAN_POINT('Ctrl Pts',(-46.0257538861544,-40.2689650243258,
40.9850769140521));
#10228=CARTESIAN_POINT('Ctrl Pts',(-45.02711930395,-40.1635538112934,41.019007888051));
#10229=CARTESIAN_POINT('Ctrl Pts',(-44.0289937363457,-40.096293530159,41.0488384634795));
#10230=CARTESIAN_POINT('Ctrl Pts',(-43.6227945501194,-40.0689211510227,
41.0609783743855));
#10231=CARTESIAN_POINT('Ctrl Pts',(-43.2323760179285,-40.0494212313898,
41.0719734118273));
#10232=CARTESIAN_POINT('Ctrl Pts',(-42.8495352988138,-40.0344407830482,
41.0819382921675));
#10233=CARTESIAN_POINT('Ctrl Pts',(-42.5559454037114,-40.0229526940398,
41.0895800816318));
#10234=CARTESIAN_POINT('Ctrl Pts',(-42.2668119820728,-40.0141224741606,
41.0966168010814));
#10235=CARTESIAN_POINT('Ctrl Pts',(-41.9784349361515,-40.0064379521913,
41.1030660830029));
#10236=CARTESIAN_POINT('Ctrl Pts',(-41.781381005445,-40.0011869612367,41.1074730091811));
#10237=CARTESIAN_POINT('Ctrl Pts',(-41.5846802336896,-39.9964709273725,
41.1116049860416));
#10238=CARTESIAN_POINT('Ctrl Pts',(-41.3871517777444,-39.9918073762718,
41.1154532432558));
#10239=CARTESIAN_POINT('Ctrl Pts',(-41.3244117715387,-39.9903261151361,
41.1166755465454));
#10240=CARTESIAN_POINT('Ctrl Pts',(-41.2615882615843,-39.9888501487626,
41.1178691155323));
#10241=CARTESIAN_POINT('Ctrl Pts',(-41.1986434459686,-39.9873640168175,
41.119035513771));
#10242=CARTESIAN_POINT('',(-47.0173600316049,0.,40.9513926506044));
#10243=CARTESIAN_POINT('Origin',(-47.0173600316049,0.,46.642360687256));
#10244=CARTESIAN_POINT('Ctrl Pts',(-47.0173600316049,-35.4035154563228,
40.9513926506044));
#10245=CARTESIAN_POINT('Ctrl Pts',(-47.0173600316049,-35.4035154563228,
42.3782710975515));
#10246=CARTESIAN_POINT('Ctrl Pts',(-47.0173600316049,-35.4035154563228,
43.8051495444985));
#10247=CARTESIAN_POINT('Ctrl Pts',(-47.0173600316049,-35.4035154563228,
45.2320279914456));
#10248=CARTESIAN_POINT('Ctrl Pts',(-47.0173600316049,-40.3756302654981,
45.2320279914456));
#10249=CARTESIAN_POINT('Ctrl Pts',(-47.0173600316049,-40.3756302654981,
43.8051495444985));
#10250=CARTESIAN_POINT('Ctrl Pts',(-47.0173600316049,-40.3756302654981,
42.3782710975515));
#10251=CARTESIAN_POINT('Ctrl Pts',(-47.0173600316049,-40.3756302654981,
40.9513926506044));
#10252=CARTESIAN_POINT('Origin',(-27.6284697651866,0.,28.5520863533022));
#10253=CARTESIAN_POINT('',(-27.8171563148498,-44.5923282731041,28.5520863533022));
#10254=CARTESIAN_POINT('',(-27.8171563148498,-22.2961641365521,28.5520863533022));
#10255=CARTESIAN_POINT('Ctrl Pts',(-27.9159731323358,-46.832637020956,28.5520863533022));
#10256=CARTESIAN_POINT('Ctrl Pts',(-27.8703774475047,-46.0868169759017,
28.5520863533022));
#10257=CARTESIAN_POINT('Ctrl Pts',(-27.8437668811773,-45.3395726245029,
28.5520863533022));
#10258=CARTESIAN_POINT('Ctrl Pts',(-27.8171563148498,-44.5923282731041,
28.5520863533022));
#10259=CARTESIAN_POINT('Origin',(-27.6284697651867,0.,7.42014408111587));
#10260=CARTESIAN_POINT('',(-27.8171563148498,-44.5923282731041,7.42014408111587));
#10261=CARTESIAN_POINT('',(-27.8171563148498,-22.2961641365521,7.42014408111587));
#10262=CARTESIAN_POINT('Ctrl Pts',(-28.216329725493,-50.0000000000004,7.42014408111587));
#10263=CARTESIAN_POINT('Ctrl Pts',(-28.1112231642388,-49.0947264175471,
7.42014408111587));
#10264=CARTESIAN_POINT('Ctrl Pts',(-28.0115973744551,-48.1890416552755,
7.42014408111588));
#10265=CARTESIAN_POINT('Ctrl Pts',(-27.9458236694336,-47.2808172333702,
7.42014408111588));
#10266=CARTESIAN_POINT('Ctrl Pts',(-27.8810423974519,-46.386296645293,7.42014408111588));
#10267=CARTESIAN_POINT('Ctrl Pts',(-27.8490993561509,-45.4893124591985,
7.42014408111588));
#10268=CARTESIAN_POINT('Ctrl Pts',(-27.8171563148498,-44.5923282731041,
7.42014408111588));
#10269=CARTESIAN_POINT('Ctrl Pts',(-51.3024809956551,-21.5133263695702,
52.8343017470375));
#10270=CARTESIAN_POINT('Ctrl Pts',(-51.3024809956551,-21.5133263695702,
2.8343017470375));
#10271=CARTESIAN_POINT('Ctrl Pts',(-50.26259510291,-20.8533802211831,52.8343017470375));
#10272=CARTESIAN_POINT('Ctrl Pts',(-50.26259510291,-20.8533802211831,2.8343017470375));
#10273=CARTESIAN_POINT('Ctrl Pts',(-48.3387448437314,-19.6324409070945,
52.8343017470375));
#10274=CARTESIAN_POINT('Ctrl Pts',(-48.3387448437314,-19.6324409070945,
2.8343017470375));
#10275=CARTESIAN_POINT('Ctrl Pts',(-46.8244497238743,-17.9330039473658,
52.8343017470375));
#10276=CARTESIAN_POINT('Ctrl Pts',(-46.8244497238743,-17.9330039473658,
2.8343017470375));
#10277=CARTESIAN_POINT('Ctrl Pts',(-46.1286664009094,-17.1521522629723,
52.8343017470375));
#10278=CARTESIAN_POINT('Ctrl Pts',(-46.1286664009094,-17.1521522629723,
2.8343017470375));
#10279=CARTESIAN_POINT('Ctrl Pts',(-46.1286664009094,-17.1521522629723,
52.8343017470375));
#10280=CARTESIAN_POINT('Ctrl Pts',(-46.1286664009094,-17.1521522629723,
2.8343017470375));
#10281=CARTESIAN_POINT('Ctrl Pts',(-42.690483453824,-19.0900139641922,52.8343017470375));
#10282=CARTESIAN_POINT('Ctrl Pts',(-42.690483453824,-19.0900139641922,2.8343017470375));
#10283=CARTESIAN_POINT('Ctrl Pts',(-35.9849926702512,-22.8694270953011,
52.8343017470375));
#10284=CARTESIAN_POINT('Ctrl Pts',(-35.9849926702512,-22.8694270953011,
2.8343017470375));
#10285=CARTESIAN_POINT('Ctrl Pts',(-30.4931188753962,-28.2594499904863,
52.8343017470375));
#10286=CARTESIAN_POINT('Ctrl Pts',(-30.4931188753962,-28.2594499904863,
2.83430174703749));
#10287=CARTESIAN_POINT('Ctrl Pts',(-27.8171563148498,-30.885784827517,52.8343017470375));
#10288=CARTESIAN_POINT('Ctrl Pts',(-27.8171563148498,-30.8857848275169,
2.83430174703749));
#10289=CARTESIAN_POINT('',(-27.8171563148498,-30.885784827517,52.8343017470375));
#10290=CARTESIAN_POINT('Origin',(-27.8171563148498,-30.885784827517,52.8343017470375));
#10291=CARTESIAN_POINT('',(-27.8171563148498,-21.5133263695702,52.8343017470375));
#10292=CARTESIAN_POINT('Origin',(-28.2776522636414,-15.1476361382469,52.8343017470375));
#10293=CARTESIAN_POINT('',(-22.3995494842529,-15.1476361382469,52.8343017470375));
#10294=CARTESIAN_POINT('',(-28.2776522636414,-15.1476361382469,52.8343017470375));
#10295=CARTESIAN_POINT('Ctrl Pts',(-22.6162528991699,-31.4004590142235,
52.8343017470375));
#10296=CARTESIAN_POINT('Ctrl Pts',(-22.6162528991699,-31.4004590142235,
2.83430174703749));
#10297=CARTESIAN_POINT('Ctrl Pts',(-20.1130737828282,-28.7668640137357,
52.8343017470375));
#10298=CARTESIAN_POINT('Ctrl Pts',(-20.1130737828282,-28.7668640137357,
2.83430174703749));
#10299=CARTESIAN_POINT('Ctrl Pts',(-14.7929211612575,-23.1695309045985,
52.8343017470375));
#10300=CARTESIAN_POINT('Ctrl Pts',(-14.7929211612575,-23.1695309045984,
2.8343017470375));
#10301=CARTESIAN_POINT('Ctrl Pts',(-8.30754138928651,-18.9696380749153,
52.8343017470375));
#10302=CARTESIAN_POINT('Ctrl Pts',(-8.30754138928651,-18.9696380749153,
2.8343017470375));
#10303=CARTESIAN_POINT('Ctrl Pts',(-4.87359046936034,-16.74583216791,52.8343017470375));
#10304=CARTESIAN_POINT('Ctrl Pts',(-4.87359046936034,-16.74583216791,2.8343017470375));
#10305=CARTESIAN_POINT('',(-22.6162528991699,-31.4004590142235,52.8343017470375));
#10306=CARTESIAN_POINT('Ctrl Pts',(0.246047973632821,-21.1882688630089,
52.8343017470375));
#10307=CARTESIAN_POINT('Ctrl Pts',(0.246047973632821,-21.1882688630089,
2.8343017470375));
#10308=CARTESIAN_POINT('Ctrl Pts',(-3.614044157079,-22.9233749738124,52.8343017470375));
#10309=CARTESIAN_POINT('Ctrl Pts',(-3.614044157079,-22.9233749738123,2.8343017470375));
#10310=CARTESIAN_POINT('Ctrl Pts',(-11.3986512594101,-26.4225451739205,
52.8343017470375));
#10311=CARTESIAN_POINT('Ctrl Pts',(-11.3986512594101,-26.4225451739205,
2.8343017470375));
#10312=CARTESIAN_POINT('Ctrl Pts',(-17.1996507608497,-32.6855021421022,
52.8343017470375));
#10313=CARTESIAN_POINT('Ctrl Pts',(-17.1996507608497,-32.6855021421022,
2.83430174703749));
#10314=CARTESIAN_POINT('Ctrl Pts',(-20.1241540908813,-35.8428957093224,
52.8343017470375));
#10315=CARTESIAN_POINT('Ctrl Pts',(-20.1241540908813,-35.8428957093224,
2.83430174703749));
#10316=CARTESIAN_POINT('',(-20.1241540908813,-35.8428957093224,52.8343017470375));
#10317=CARTESIAN_POINT('Origin',(-20.1241540908813,-35.8428957093224,52.8343017470375));
#10318=CARTESIAN_POINT('',(-9.6410846710205,-35.8428957093224,52.8343017470375));
#10319=CARTESIAN_POINT('Ctrl Pts',(-9.6410846710205,-35.8428957093224,52.8343017470375));
#10320=CARTESIAN_POINT('Ctrl Pts',(-9.6410846710205,-35.8428957093224,2.83430174703749));
#10321=CARTESIAN_POINT('Ctrl Pts',(-8.58832083034121,-35.8076868921585,
52.8343017470375));
#10322=CARTESIAN_POINT('Ctrl Pts',(-8.58832083034121,-35.8076868921584,
2.83430174703749));
#10323=CARTESIAN_POINT('Ctrl Pts',(-6.39765878615738,-35.7344220093792,
52.8343017470375));
#10324=CARTESIAN_POINT('Ctrl Pts',(-6.39765878615738,-35.7344220093791,
2.83430174703749));
#10325=CARTESIAN_POINT('Ctrl Pts',(-4.21797559071865,-35.5027417266516,
52.8343017470375));
#10326=CARTESIAN_POINT('Ctrl Pts',(-4.21797559071865,-35.5027417266516,
2.83430174703749));
#10327=CARTESIAN_POINT('Ctrl Pts',(-3.08578014373778,-35.3823997605309,
52.8343017470375));
#10328=CARTESIAN_POINT('Ctrl Pts',(-3.08578014373778,-35.3823997605309,
2.83430174703749));
#10329=CARTESIAN_POINT('',(-3.08578014373778,-35.3823997605309,52.8343017470375));
#10330=CARTESIAN_POINT('Origin',(-3.08578014373778,-35.3823997605309,52.8343017470375));
#10331=CARTESIAN_POINT('',(-3.08578014373778,-40.447859965609,52.8343017470375));
#10332=CARTESIAN_POINT('Ctrl Pts',(-3.08578014373778,-40.447859965609,52.8343017470375));
#10333=CARTESIAN_POINT('Ctrl Pts',(-3.08578014373778,-40.447859965609,2.83430174703749));
#10334=CARTESIAN_POINT('Ctrl Pts',(-4.2175156157121,-40.306783427495,52.8343017470375));
#10335=CARTESIAN_POINT('Ctrl Pts',(-4.2175156157121,-40.306783427495,2.83430174703749));
#10336=CARTESIAN_POINT('Ctrl Pts',(-6.48419800672412,-40.0242300281833,
52.8343017470375));
#10337=CARTESIAN_POINT('Ctrl Pts',(-6.48419800672412,-40.0242300281833,
2.83430174703749));
#10338=CARTESIAN_POINT('Ctrl Pts',(-8.76829817658957,-39.9996642888939,
52.8343017470375));
#10339=CARTESIAN_POINT('Ctrl Pts',(-8.76829817658957,-39.9996642888939,
2.83430174703749));
#10340=CARTESIAN_POINT('Ctrl Pts',(-9.91196632385253,-39.9873640168175,
52.8343017470375));
#10341=CARTESIAN_POINT('Ctrl Pts',(-9.91196632385253,-39.9873640168175,
2.83430174703749));
#10342=CARTESIAN_POINT('',(-9.91196632385253,-39.9873640168175,52.8343017470375));
#10343=CARTESIAN_POINT('Ctrl Pts',(-20.8826184272766,-48.9805938828453,
52.8343017470375));
#10344=CARTESIAN_POINT('Ctrl Pts',(-20.8826184272766,-48.9805938828453,
2.83430174703748));
#10345=CARTESIAN_POINT('Ctrl Pts',(-20.8886318177161,-49.0258913672068,
52.8343017470375));
#10346=CARTESIAN_POINT('Ctrl Pts',(-20.8886318177161,-49.0258913672067,
2.83430174703748));
#10347=CARTESIAN_POINT('Ctrl Pts',(-20.90567906191,-49.1543043290886,52.8343017470375));
#10348=CARTESIAN_POINT('Ctrl Pts',(-20.90567906191,-49.1543043290886,2.83430174703748));
#10349=CARTESIAN_POINT('Ctrl Pts',(-20.941013277323,-49.2790686108148,52.8343017470375));
#10350=CARTESIAN_POINT('Ctrl Pts',(-20.941013277323,-49.2790686108147,2.83430174703748));
#10351=CARTESIAN_POINT('Ctrl Pts',(-20.9638833999634,-49.3598224747643,
52.8343017470375));
#10352=CARTESIAN_POINT('Ctrl Pts',(-20.9638833999634,-49.3598224747643,
2.83430174703748));
#10353=CARTESIAN_POINT('',(-20.8826184272766,-48.9805938828453,52.8343017470375));
#10354=CARTESIAN_POINT('',(-20.9638833999634,-49.3598224747643,52.8343017470375));
#10355=CARTESIAN_POINT('Ctrl Pts',(-20.9638833999634,-49.3598224747643,
52.8343017470375));
#10356=CARTESIAN_POINT('Ctrl Pts',(-20.9638833999634,-49.3598224747643,
2.83430174703748));
#10357=CARTESIAN_POINT('Ctrl Pts',(-21.0980102336626,-49.4569413027654,
52.8343017470375));
#10358=CARTESIAN_POINT('Ctrl Pts',(-21.0980102336626,-49.4569413027654,
2.83430174703748));
#10359=CARTESIAN_POINT('Ctrl Pts',(-21.5315484325795,-49.7708585153863,
52.8343017470375));
#10360=CARTESIAN_POINT('Ctrl Pts',(-21.5315484325795,-49.7708585153863,
2.83430174703748));
#10361=CARTESIAN_POINT('Ctrl Pts',(-22.07701422479,-49.8001167724711,52.8343017470375));
#10362=CARTESIAN_POINT('Ctrl Pts',(-22.07701422479,-49.8001167724711,2.83430174703748));
#10363=CARTESIAN_POINT('Ctrl Pts',(-22.4537253379822,-49.8203231919274,
52.8343017470375));
#10364=CARTESIAN_POINT('Ctrl Pts',(-22.4537253379822,-49.8203231919273,
2.83430174703748));
#10365=CARTESIAN_POINT('',(-22.4537253379822,-49.8203231919274,52.8343017470375));
#10366=CARTESIAN_POINT('Origin',(-22.4537253379822,-49.8203231919274,52.8343017470375));
#10367=CARTESIAN_POINT('Ctrl Pts',(-28.2776522636414,-50.5246116745934,
52.8343017470375));
#10368=CARTESIAN_POINT('Ctrl Pts',(-28.2776522636414,-50.5246116745934,
2.83430174703748));
#10369=CARTESIAN_POINT('Ctrl Pts',(-28.1509779025709,-49.4445520805519,
52.8343017470375));
#10370=CARTESIAN_POINT('Ctrl Pts',(-28.1509779025709,-49.4445520805519,
2.83430174703748));
#10371=CARTESIAN_POINT('Ctrl Pts',(-27.919740090752,-47.4729564470736,52.8343017470375));
#10372=CARTESIAN_POINT('Ctrl Pts',(-27.919740090752,-47.4729564470736,2.83430174703749));
#10373=CARTESIAN_POINT('Ctrl Pts',(-27.8490993561509,-45.4893124591986,
52.8343017470375));
#10374=CARTESIAN_POINT('Ctrl Pts',(-27.8490993561509,-45.4893124591985,
2.83430174703749));
#10375=CARTESIAN_POINT('Ctrl Pts',(-27.8171563148498,-44.5923282731041,
52.8343017470375));
#10376=CARTESIAN_POINT('Ctrl Pts',(-27.8171563148498,-44.5923282731041,
2.83430174703749));
#10377=CARTESIAN_POINT('',(-27.8171563148498,-44.5923282731041,52.8343017470375));
#10378=CARTESIAN_POINT('Origin',(-27.8171563148498,-39.9873640168175,52.8343017470375));
#10379=CARTESIAN_POINT('',(-41.1986434459686,-39.9873640168175,52.8343017470375));
#10380=CARTESIAN_POINT('',(-27.8171563148498,-39.9873640168175,52.8343017470375));
#10381=CARTESIAN_POINT('Ctrl Pts',(-47.1850997209549,-35.3823997605309,
52.8343017470375));
#10382=CARTESIAN_POINT('Ctrl Pts',(-47.1850997209549,-35.3823997605309,
2.83430174703749));
#10383=CARTESIAN_POINT('Ctrl Pts',(-46.0647527069964,-35.5234871168306,
52.8343017470375));
#10384=CARTESIAN_POINT('Ctrl Pts',(-46.0647527069964,-35.5234871168306,
2.83430174703749));
#10385=CARTESIAN_POINT('Ctrl Pts',(-44.058370874883,-35.7761544644415,52.8343017470375));
#10386=CARTESIAN_POINT('Ctrl Pts',(-44.058370874883,-35.7761544644414,2.83430174703749));
#10387=CARTESIAN_POINT('Ctrl Pts',(-42.0370844166234,-35.8224508447259,
52.8343017470375));
#10388=CARTESIAN_POINT('Ctrl Pts',(-42.0370844166234,-35.8224508447258,
2.83430174703749));
#10389=CARTESIAN_POINT('Ctrl Pts',(-41.1444675922394,-35.8428957093224,
52.8343017470375));
#10390=CARTESIAN_POINT('Ctrl Pts',(-41.1444675922394,-35.8428957093224,
2.83430174703749));
#10391=CARTESIAN_POINT('',(-41.1444675922394,-35.8428957093224,52.8343017470375));
#10392=CARTESIAN_POINT('Origin',(-41.1444675922394,-35.8428957093224,52.8343017470375));
#10393=CARTESIAN_POINT('',(-30.4988718032837,-35.8428957093224,52.8343017470375));
#10394=CARTESIAN_POINT('Ctrl Pts',(-30.4988718032837,-35.8428957093224,
52.8343017470375));
#10395=CARTESIAN_POINT('Ctrl Pts',(-30.4988718032837,-35.8428957093224,
2.83430174703749));
#10396=CARTESIAN_POINT('Ctrl Pts',(-33.4241280578763,-32.4958373897894,
52.8343017470375));
#10397=CARTESIAN_POINT('Ctrl Pts',(-33.4241280578763,-32.4958373897894,
2.83430174703749));
#10398=CARTESIAN_POINT('Ctrl Pts',(-39.1477344884074,-25.9469258231654,
52.8343017470375));
#10399=CARTESIAN_POINT('Ctrl Pts',(-39.1477344884074,-25.9469258231654,
2.8343017470375));
#10400=CARTESIAN_POINT('Ctrl Pts',(-47.3112336099054,-22.9691849691774,
52.8343017470375));
#10401=CARTESIAN_POINT('Ctrl Pts',(-47.3112336099054,-22.9691849691774,
2.8343017470375));
#10402=CARTESIAN_POINT('Ctrl Pts',(-51.3024809956551,-21.5133263695702,
52.8343017470375));
#10403=CARTESIAN_POINT('Ctrl Pts',(-51.3024809956551,-21.5133263695702,
2.8343017470375));
#10404=CARTESIAN_POINT('Ctrl Pts',(-30.4988718032837,-35.8428957093224,
52.8343017470375));
#10405=CARTESIAN_POINT('Ctrl Pts',(-30.4988718032837,-35.8428957093224,
2.83430174703749));
#10406=CARTESIAN_POINT('Ctrl Pts',(-33.4241280578763,-32.4958373897894,
52.8343017470375));
#10407=CARTESIAN_POINT('Ctrl Pts',(-33.4241280578763,-32.4958373897894,
2.83430174703749));
#10408=CARTESIAN_POINT('Ctrl Pts',(-39.1477344884074,-25.9469258231654,
52.8343017470375));
#10409=CARTESIAN_POINT('Ctrl Pts',(-39.1477344884074,-25.9469258231654,
2.8343017470375));
#10410=CARTESIAN_POINT('Ctrl Pts',(-47.3112336099054,-22.9691849691774,
52.8343017470375));
#10411=CARTESIAN_POINT('Ctrl Pts',(-47.3112336099054,-22.9691849691774,
2.8343017470375));
#10412=CARTESIAN_POINT('Ctrl Pts',(-51.3024809956551,-21.5133263695702,
52.8343017470375));
#10413=CARTESIAN_POINT('Ctrl Pts',(-51.3024809956551,-21.5133263695702,
2.8343017470375));
#10414=CARTESIAN_POINT('',(-30.4988718032837,-35.8428957093224,52.8343017470375));
#10415=CARTESIAN_POINT('Ctrl Pts',(-46.1286664009094,-17.1521522629723,
52.8343017470375));
#10416=CARTESIAN_POINT('Ctrl Pts',(-46.1286664009094,-17.1521522629723,
2.8343017470375));
#10417=CARTESIAN_POINT('Ctrl Pts',(-42.690483453824,-19.0900139641922,52.8343017470375));
#10418=CARTESIAN_POINT('Ctrl Pts',(-42.690483453824,-19.0900139641922,2.8343017470375));
#10419=CARTESIAN_POINT('Ctrl Pts',(-35.9849926702512,-22.8694270953011,
52.8343017470375));
#10420=CARTESIAN_POINT('Ctrl Pts',(-35.9849926702512,-22.8694270953011,
2.8343017470375));
#10421=CARTESIAN_POINT('Ctrl Pts',(-30.4931188753962,-28.2594499904863,
52.8343017470375));
#10422=CARTESIAN_POINT('Ctrl Pts',(-30.4931188753962,-28.2594499904863,
2.83430174703749));
#10423=CARTESIAN_POINT('Ctrl Pts',(-27.8171563148498,-30.885784827517,52.8343017470375));
#10424=CARTESIAN_POINT('Ctrl Pts',(-27.8171563148498,-30.8857848275169,
2.83430174703749));
#10425=CARTESIAN_POINT('Ctrl Pts',(-34.3740166909379,-24.7891740224423,
2.8343017470375));
#10426=CARTESIAN_POINT('Ctrl Pts',(-32.3180576696899,-26.502089422951,2.8343017470375));
#10427=CARTESIAN_POINT('Ctrl Pts',(-30.3810212908289,-28.372828890508,2.83430174703749));
#10428=CARTESIAN_POINT('Ctrl Pts',(-28.4558310340973,-30.2592895288672,
2.83430174703749));
#10429=CARTESIAN_POINT('',(-27.8171563148498,-30.885784827517,52.8343017470375));
#10430=CARTESIAN_POINT('Ctrl Pts',(-46.1286664009094,-17.1521522629723,
52.8343017470375));
#10431=CARTESIAN_POINT('Ctrl Pts',(-46.1286664009094,-17.1521522629723,
2.8343017470375));
#10432=CARTESIAN_POINT('Ctrl Pts',(-42.690483453824,-19.0900139641922,52.8343017470375));
#10433=CARTESIAN_POINT('Ctrl Pts',(-42.690483453824,-19.0900139641922,2.8343017470375));
#10434=CARTESIAN_POINT('Ctrl Pts',(-35.9849926702512,-22.8694270953011,
52.8343017470375));
#10435=CARTESIAN_POINT('Ctrl Pts',(-35.9849926702512,-22.8694270953011,
2.8343017470375));
#10436=CARTESIAN_POINT('Ctrl Pts',(-30.4931188753962,-28.2594499904863,
52.8343017470375));
#10437=CARTESIAN_POINT('Ctrl Pts',(-30.4931188753962,-28.2594499904863,
2.83430174703749));
#10438=CARTESIAN_POINT('Ctrl Pts',(-27.8171563148498,-30.885784827517,52.8343017470375));
#10439=CARTESIAN_POINT('Ctrl Pts',(-27.8171563148498,-30.8857848275169,
2.83430174703749));
#10440=CARTESIAN_POINT('',(-27.8171563148498,-30.885784827517,52.8343017470375));
#10441=CARTESIAN_POINT('Origin',(-27.8171563148498,-30.885784827517,52.8343017470375));
#10442=CARTESIAN_POINT('Origin',(-27.8171563148498,-30.885784827517,52.8343017470375));
#10443=CARTESIAN_POINT('Origin',(-27.8171563148498,-30.885784827517,52.8343017470375));
#10444=CARTESIAN_POINT('',(-27.8171563148498,-21.5133263695702,52.8343017470375));
#10445=CARTESIAN_POINT('Origin',(-27.8171563148498,-30.885784827517,52.8343017470375));
#10446=CARTESIAN_POINT('',(-27.8171563148498,-21.5133263695702,2.8343017470375));
#10447=CARTESIAN_POINT('',(-27.8171563148498,-21.5133263695702,52.8343017470375));
#10448=CARTESIAN_POINT('Origin',(-27.8171563148498,-30.885784827517,52.8343017470375));
#10449=CARTESIAN_POINT('Ctrl Pts',(-22.6162528991699,-31.4004590142235,
52.8343017470375));
#10450=CARTESIAN_POINT('Ctrl Pts',(-22.6162528991699,-31.4004590142235,
2.83430174703749));
#10451=CARTESIAN_POINT('Ctrl Pts',(-20.1130737828282,-28.7668640137357,
52.8343017470375));
#10452=CARTESIAN_POINT('Ctrl Pts',(-20.1130737828282,-28.7668640137357,
2.83430174703749));
#10453=CARTESIAN_POINT('Ctrl Pts',(-14.7929211612575,-23.1695309045985,
52.8343017470375));
#10454=CARTESIAN_POINT('Ctrl Pts',(-14.7929211612575,-23.1695309045984,
2.8343017470375));
#10455=CARTESIAN_POINT('Ctrl Pts',(-8.30754138928651,-18.9696380749153,
52.8343017470375));
#10456=CARTESIAN_POINT('Ctrl Pts',(-8.30754138928651,-18.9696380749153,
2.8343017470375));
#10457=CARTESIAN_POINT('Ctrl Pts',(-4.87359046936034,-16.74583216791,52.8343017470375));
#10458=CARTESIAN_POINT('Ctrl Pts',(-4.87359046936034,-16.74583216791,2.8343017470375));
#10459=CARTESIAN_POINT('',(-22.6162528991699,-31.4004590142235,52.8343017470375));
#10460=CARTESIAN_POINT('Ctrl Pts',(-22.6162528991699,-31.4004590142235,
52.8343017470375));
#10461=CARTESIAN_POINT('Ctrl Pts',(-22.6162528991699,-31.4004590142235,
2.83430174703749));
#10462=CARTESIAN_POINT('Ctrl Pts',(-20.1130737828282,-28.7668640137357,
52.8343017470375));
#10463=CARTESIAN_POINT('Ctrl Pts',(-20.1130737828282,-28.7668640137357,
2.83430174703749));
#10464=CARTESIAN_POINT('Ctrl Pts',(-14.7929211612575,-23.1695309045985,
52.8343017470375));
#10465=CARTESIAN_POINT('Ctrl Pts',(-14.7929211612575,-23.1695309045984,
2.8343017470375));
#10466=CARTESIAN_POINT('Ctrl Pts',(-8.30754138928651,-18.9696380749153,
52.8343017470375));
#10467=CARTESIAN_POINT('Ctrl Pts',(-8.30754138928651,-18.9696380749153,
2.8343017470375));
#10468=CARTESIAN_POINT('Ctrl Pts',(-4.87359046936034,-16.74583216791,52.8343017470375));
#10469=CARTESIAN_POINT('Ctrl Pts',(-4.87359046936034,-16.74583216791,2.8343017470375));
#10470=CARTESIAN_POINT('',(-22.6162528991699,-31.4004590142235,52.8343017470375));
#10471=CARTESIAN_POINT('Ctrl Pts',(-22.6162528991699,-31.4004590142235,
52.8343017470375));
#10472=CARTESIAN_POINT('Ctrl Pts',(-22.6162528991699,-31.4004590142235,
2.83430174703749));
#10473=CARTESIAN_POINT('Ctrl Pts',(-20.1130737828282,-28.7668640137357,
52.8343017470375));
#10474=CARTESIAN_POINT('Ctrl Pts',(-20.1130737828282,-28.7668640137357,
2.83430174703749));
#10475=CARTESIAN_POINT('Ctrl Pts',(-14.7929211612575,-23.1695309045985,
52.8343017470375));
#10476=CARTESIAN_POINT('Ctrl Pts',(-14.7929211612575,-23.1695309045984,
2.8343017470375));
#10477=CARTESIAN_POINT('Ctrl Pts',(-8.30754138928651,-18.9696380749153,
52.8343017470375));
#10478=CARTESIAN_POINT('Ctrl Pts',(-8.30754138928651,-18.9696380749153,
2.8343017470375));
#10479=CARTESIAN_POINT('Ctrl Pts',(-4.87359046936034,-16.74583216791,52.8343017470375));
#10480=CARTESIAN_POINT('Ctrl Pts',(-4.87359046936034,-16.74583216791,2.8343017470375));
#10481=CARTESIAN_POINT('Ctrl Pts',(-21.5299268180271,-30.2592895288672,
2.83430174703749));
#10482=CARTESIAN_POINT('Ctrl Pts',(-19.7305309993105,-28.3748499824962,
2.83430174703749));
#10483=CARTESIAN_POINT('Ctrl Pts',(-17.9119492523349,-26.5134198458686,
2.8343017470375));
#10484=CARTESIAN_POINT('Ctrl Pts',(-15.9789791563892,-24.7891740224423,
2.8343017470375));
#10485=CARTESIAN_POINT('',(-22.6162528991699,-31.4004590142235,52.8343017470375));
#10486=CARTESIAN_POINT('Ctrl Pts',(-4.87359046936034,-16.74583216791,52.8343017470375));
#10487=CARTESIAN_POINT('Ctrl Pts',(-4.87359046936034,-16.74583216791,2.8343017470375));
#10488=CARTESIAN_POINT('Ctrl Pts',(-4.13662836929499,-17.5637976233122,
52.8343017470375));
#10489=CARTESIAN_POINT('Ctrl Pts',(-4.13662836929499,-17.5637976233122,
2.8343017470375));
#10490=CARTESIAN_POINT('Ctrl Pts',(-2.61326822488457,-19.2545982413545,
52.8343017470375));
#10491=CARTESIAN_POINT('Ctrl Pts',(-2.61326822488457,-19.2545982413544,
2.8343017470375));
#10492=CARTESIAN_POINT('Ctrl Pts',(-0.727456819044106,-20.5299164853966,
52.8343017470375));
#10493=CARTESIAN_POINT('Ctrl Pts',(-0.727456819044106,-20.5299164853966,
2.8343017470375));
#10494=CARTESIAN_POINT('Ctrl Pts',(0.246047973632821,-21.1882688630089,
52.8343017470375));
#10495=CARTESIAN_POINT('Ctrl Pts',(0.246047973632821,-21.1882688630089,
2.8343017470375));
#10496=CARTESIAN_POINT('Ctrl Pts',(0.246047973632821,-21.1882688630089,
52.8343017470375));
#10497=CARTESIAN_POINT('Ctrl Pts',(0.246047973632821,-21.1882688630089,
2.8343017470375));
#10498=CARTESIAN_POINT('Ctrl Pts',(-3.614044157079,-22.9233749738124,52.8343017470375));
#10499=CARTESIAN_POINT('Ctrl Pts',(-3.614044157079,-22.9233749738123,2.8343017470375));
#10500=CARTESIAN_POINT('Ctrl Pts',(-11.3986512594101,-26.4225451739205,
52.8343017470375));
#10501=CARTESIAN_POINT('Ctrl Pts',(-11.3986512594101,-26.4225451739205,
2.8343017470375));
#10502=CARTESIAN_POINT('Ctrl Pts',(-17.1996507608497,-32.6855021421022,
52.8343017470375));
#10503=CARTESIAN_POINT('Ctrl Pts',(-17.1996507608497,-32.6855021421022,
2.83430174703749));
#10504=CARTESIAN_POINT('Ctrl Pts',(-20.1241540908813,-35.8428957093224,
52.8343017470375));
#10505=CARTESIAN_POINT('Ctrl Pts',(-20.1241540908813,-35.8428957093224,
2.83430174703749));
#10506=CARTESIAN_POINT('',(-20.1241540908813,-35.8428957093224,52.8343017470375));
#10507=CARTESIAN_POINT('Ctrl Pts',(0.246047973632821,-21.1882688630089,
52.8343017470375));
#10508=CARTESIAN_POINT('Ctrl Pts',(0.246047973632821,-21.1882688630089,
2.8343017470375));
#10509=CARTESIAN_POINT('Ctrl Pts',(-3.614044157079,-22.9233749738124,52.8343017470375));
#10510=CARTESIAN_POINT('Ctrl Pts',(-3.614044157079,-22.9233749738123,2.8343017470375));
#10511=CARTESIAN_POINT('Ctrl Pts',(-11.3986512594101,-26.4225451739205,
52.8343017470375));
#10512=CARTESIAN_POINT('Ctrl Pts',(-11.3986512594101,-26.4225451739205,
2.8343017470375));
#10513=CARTESIAN_POINT('Ctrl Pts',(-17.1996507608497,-32.6855021421022,
52.8343017470375));
#10514=CARTESIAN_POINT('Ctrl Pts',(-17.1996507608497,-32.6855021421022,
2.83430174703749));
#10515=CARTESIAN_POINT('Ctrl Pts',(-20.1241540908813,-35.8428957093224,
52.8343017470375));
#10516=CARTESIAN_POINT('Ctrl Pts',(-20.1241540908813,-35.8428957093224,
2.83430174703749));
#10517=CARTESIAN_POINT('Ctrl Pts',(-7.20280123431118,-24.7891740224424,
2.8343017470375));
#10518=CARTESIAN_POINT('Ctrl Pts',(-8.46205092023494,-25.4882398875821,
2.8343017470375));
#10519=CARTESIAN_POINT('Ctrl Pts',(-11.1016525822527,-27.1136844200007,
2.8343017470375));
#10520=CARTESIAN_POINT('Ctrl Pts',(-13.4701712008163,-29.1168325507574,
2.8343017470375));
#10521=CARTESIAN_POINT('Ctrl Pts',(-14.6954408150208,-30.2592895288672,
2.8343017470375));
#10522=CARTESIAN_POINT('Origin',(-25.5282165110111,-25.2650191414818,2.8343017470375));
#10523=CARTESIAN_POINT('Origin',(-25.5282165110111,-25.2650191414818,2.8343017470375));
#10524=CARTESIAN_POINT('',(-22.6162528991699,-31.4004590142235,2.83430174703749));
#10525=CARTESIAN_POINT('Origin',(-25.5282165110111,-25.2650191414818,2.8343017470375));
#10526=CARTESIAN_POINT('Origin',(-22.6162528991699,-18.1814958680138,52.8343017470375));
#10527=CARTESIAN_POINT('Origin',(-22.6162528991699,-18.1814958680138,52.8343017470375));
#10528=CARTESIAN_POINT('',(-22.6162528991699,-18.1814958680138,52.8343017470375));
#10529=CARTESIAN_POINT('',(-22.6162528991699,-18.1814958680138,52.8343017470375));
#10530=CARTESIAN_POINT('Origin',(-22.6162528991699,-18.1814958680138,52.8343017470375));
#10531=CARTESIAN_POINT('Ctrl Pts',(-27.8171563148498,-21.5133263695702,
52.8343017470375));
#10532=CARTESIAN_POINT('Ctrl Pts',(-27.8171563148498,-21.5133263695702,
2.8343017470375));
#10533=CARTESIAN_POINT('Ctrl Pts',(-27.8485149888478,-20.6798942537258,
52.8343017470375));
#10534=CARTESIAN_POINT('Ctrl Pts',(-27.8485149888478,-20.6798942537258,
2.8343017470375));
#10535=CARTESIAN_POINT('Ctrl Pts',(-27.9285404184373,-18.55302616267,52.8343017470375));
#10536=CARTESIAN_POINT('Ctrl Pts',(-27.9285404184373,-18.55302616267,2.8343017470375));
#10537=CARTESIAN_POINT('Ctrl Pts',(-28.1456307207578,-16.4354321592662,
52.8343017470375));
#10538=CARTESIAN_POINT('Ctrl Pts',(-28.1456307207578,-16.4354321592662,
2.8343017470375));
#10539=CARTESIAN_POINT('Ctrl Pts',(-28.2776522636414,-15.1476361382469,
52.8343017470375));
#10540=CARTESIAN_POINT('Ctrl Pts',(-28.2776522636414,-15.1476361382469,
2.8343017470375));
#10541=CARTESIAN_POINT('Ctrl Pts',(-27.8171563148498,-21.5133263695702,
52.8343017470375));
#10542=CARTESIAN_POINT('Ctrl Pts',(-27.8171563148498,-21.5133263695702,
2.8343017470375));
#10543=CARTESIAN_POINT('Ctrl Pts',(-27.8485149888478,-20.6798942537258,
52.8343017470375));
#10544=CARTESIAN_POINT('Ctrl Pts',(-27.8485149888478,-20.6798942537258,
2.8343017470375));
#10545=CARTESIAN_POINT('Ctrl Pts',(-27.9285404184373,-18.55302616267,52.8343017470375));
#10546=CARTESIAN_POINT('Ctrl Pts',(-27.9285404184373,-18.55302616267,2.8343017470375));
#10547=CARTESIAN_POINT('Ctrl Pts',(-28.1456307207578,-16.4354321592662,
52.8343017470375));
#10548=CARTESIAN_POINT('Ctrl Pts',(-28.1456307207578,-16.4354321592662,
2.8343017470375));
#10549=CARTESIAN_POINT('Ctrl Pts',(-28.2776522636414,-15.1476361382469,
52.8343017470375));
#10550=CARTESIAN_POINT('Ctrl Pts',(-28.2776522636414,-15.1476361382469,
2.8343017470375));
#10551=CARTESIAN_POINT('Ctrl Pts',(-27.8171563148498,-21.5133263695702,
52.8343017470375));
#10552=CARTESIAN_POINT('Ctrl Pts',(-27.8171563148498,-21.5133263695702,
2.8343017470375));
#10553=CARTESIAN_POINT('Ctrl Pts',(-27.8485149888478,-20.6798942537258,
52.8343017470375));
#10554=CARTESIAN_POINT('Ctrl Pts',(-27.8485149888478,-20.6798942537258,
2.8343017470375));
#10555=CARTESIAN_POINT('Ctrl Pts',(-27.9285404184373,-18.55302616267,52.8343017470375));
#10556=CARTESIAN_POINT('Ctrl Pts',(-27.9285404184373,-18.55302616267,2.8343017470375));
#10557=CARTESIAN_POINT('Ctrl Pts',(-28.1456307207578,-16.4354321592662,
52.8343017470375));
#10558=CARTESIAN_POINT('Ctrl Pts',(-28.1456307207578,-16.4354321592662,
2.8343017470375));
#10559=CARTESIAN_POINT('Ctrl Pts',(-28.2776522636414,-15.1476361382469,
52.8343017470375));
#10560=CARTESIAN_POINT('Ctrl Pts',(-28.2776522636414,-15.1476361382469,
2.8343017470375));
#10561=CARTESIAN_POINT('Ctrl Pts',(-22.3995494842529,-15.1476361382469,
52.8343017470375));
#10562=CARTESIAN_POINT('Ctrl Pts',(-22.3995494842529,-15.1476361382469,
2.8343017470375));
#10563=CARTESIAN_POINT('Ctrl Pts',(-22.4694571623583,-15.6434413483054,
52.8343017470375));
#10564=CARTESIAN_POINT('Ctrl Pts',(-22.4694571623583,-15.6434413483054,
2.8343017470375));
#10565=CARTESIAN_POINT('Ctrl Pts',(-22.6113388187713,-16.6497065593357,
52.8343017470375));
#10566=CARTESIAN_POINT('Ctrl Pts',(-22.6113388187713,-16.6497065593357,
2.8343017470375));
#10567=CARTESIAN_POINT('Ctrl Pts',(-22.6145990455482,-17.6659659844139,
52.8343017470375));
#10568=CARTESIAN_POINT('Ctrl Pts',(-22.6145990455482,-17.6659659844139,
2.8343017470375));
#10569=CARTESIAN_POINT('Ctrl Pts',(-22.6162528991699,-18.1814958680138,
52.8343017470375));
#10570=CARTESIAN_POINT('Ctrl Pts',(-22.6162528991699,-18.1814958680138,
2.8343017470375));
#10571=CARTESIAN_POINT('',(-22.3995494842529,-15.1476361382469,52.8343017470375));
#10572=CARTESIAN_POINT('Ctrl Pts',(-22.3995494842529,-15.1476361382469,
52.8343017470375));
#10573=CARTESIAN_POINT('Ctrl Pts',(-22.3995494842529,-15.1476361382469,
2.8343017470375));
#10574=CARTESIAN_POINT('Ctrl Pts',(-22.4694571623583,-15.6434413483054,
52.8343017470375));
#10575=CARTESIAN_POINT('Ctrl Pts',(-22.4694571623583,-15.6434413483054,
2.8343017470375));
#10576=CARTESIAN_POINT('Ctrl Pts',(-22.6113388187713,-16.6497065593357,
52.8343017470375));
#10577=CARTESIAN_POINT('Ctrl Pts',(-22.6113388187713,-16.6497065593357,
2.8343017470375));
#10578=CARTESIAN_POINT('Ctrl Pts',(-22.6145990455482,-17.6659659844139,
52.8343017470375));
#10579=CARTESIAN_POINT('Ctrl Pts',(-22.6145990455482,-17.6659659844139,
2.8343017470375));
#10580=CARTESIAN_POINT('Ctrl Pts',(-22.6162528991699,-18.1814958680138,
52.8343017470375));
#10581=CARTESIAN_POINT('Ctrl Pts',(-22.6162528991699,-18.1814958680138,
2.8343017470375));
#10582=CARTESIAN_POINT('',(-22.3995494842529,-15.1476361382469,52.8343017470375));
#10583=CARTESIAN_POINT('Origin',(-28.2776522636414,-15.1476361382469,52.8343017470375));
#10584=CARTESIAN_POINT('Origin',(-28.2776522636414,-15.1476361382469,52.8343017470375));
#10585=CARTESIAN_POINT('Origin',(-41.1444675922394,-35.8428957093224,52.8343017470375));
#10586=CARTESIAN_POINT('',(-41.1444675922394,-35.8428957093224,52.8343017470375));
#10587=CARTESIAN_POINT('Ctrl Pts',(-47.1850997209549,-35.3823997605309,
52.8343017470375));
#10588=CARTESIAN_POINT('Ctrl Pts',(-47.1850997209549,-35.3823997605309,
2.83430174703749));
#10589=CARTESIAN_POINT('Ctrl Pts',(-46.0647527069964,-35.5234871168306,
52.8343017470375));
#10590=CARTESIAN_POINT('Ctrl Pts',(-46.0647527069964,-35.5234871168306,
2.83430174703749));
#10591=CARTESIAN_POINT('Ctrl Pts',(-44.058370874883,-35.7761544644415,52.8343017470375));
#10592=CARTESIAN_POINT('Ctrl Pts',(-44.058370874883,-35.7761544644414,2.83430174703749));
#10593=CARTESIAN_POINT('Ctrl Pts',(-42.0370844166234,-35.8224508447259,
52.8343017470375));
#10594=CARTESIAN_POINT('Ctrl Pts',(-42.0370844166234,-35.8224508447258,
2.83430174703749));
#10595=CARTESIAN_POINT('Ctrl Pts',(-41.1444675922394,-35.8428957093224,
52.8343017470375));
#10596=CARTESIAN_POINT('Ctrl Pts',(-41.1444675922394,-35.8428957093224,
2.83430174703749));
#10597=CARTESIAN_POINT('Origin',(-20.1241540908813,-35.8428957093224,52.8343017470375));
#10598=CARTESIAN_POINT('',(-9.6410846710205,-35.8428957093224,52.8343017470375));
#10599=CARTESIAN_POINT('Ctrl Pts',(-9.6410846710205,-35.8428957093224,52.8343017470375));
#10600=CARTESIAN_POINT('Ctrl Pts',(-9.6410846710205,-35.8428957093224,2.83430174703749));
#10601=CARTESIAN_POINT('Ctrl Pts',(-8.58832083034121,-35.8076868921585,
52.8343017470375));
#10602=CARTESIAN_POINT('Ctrl Pts',(-8.58832083034121,-35.8076868921584,
2.83430174703749));
#10603=CARTESIAN_POINT('Ctrl Pts',(-6.39765878615738,-35.7344220093792,
52.8343017470375));
#10604=CARTESIAN_POINT('Ctrl Pts',(-6.39765878615738,-35.7344220093791,
2.83430174703749));
#10605=CARTESIAN_POINT('Ctrl Pts',(-4.21797559071865,-35.5027417266516,
52.8343017470375));
#10606=CARTESIAN_POINT('Ctrl Pts',(-4.21797559071865,-35.5027417266516,
2.83430174703749));
#10607=CARTESIAN_POINT('Ctrl Pts',(-3.08578014373778,-35.3823997605309,
52.8343017470375));
#10608=CARTESIAN_POINT('Ctrl Pts',(-3.08578014373778,-35.3823997605309,
2.83430174703749));
#10609=CARTESIAN_POINT('Origin',(-9.91196632385253,-39.9873640168175,52.8343017470375));
#10610=CARTESIAN_POINT('',(-22.6162528991699,-39.9873640168175,52.8343017470375));
#10611=CARTESIAN_POINT('Origin',(-9.91196632385253,-39.9873640168175,52.8343017470375));
#10612=CARTESIAN_POINT('',(-22.6162528991699,-39.9873640168175,52.8343017470375));
#10613=CARTESIAN_POINT('Origin',(-22.6162528991699,-39.9873640168175,52.8343017470375));
#10614=CARTESIAN_POINT('',(-22.6162528991699,-44.5923282731041,52.8343017470375));
#10615=CARTESIAN_POINT('Origin',(-22.6162528991699,-39.9873640168175,52.8343017470375));
#10616=CARTESIAN_POINT('Ctrl Pts',(-22.6162528991699,-44.5923282731041,
52.8343017470375));
#10617=CARTESIAN_POINT('Ctrl Pts',(-22.6162528991699,-44.5923282731041,
2.83430174703749));
#10618=CARTESIAN_POINT('Ctrl Pts',(-22.663712956334,-45.3211647839085,52.8343017470375));
#10619=CARTESIAN_POINT('Ctrl Pts',(-22.663712956334,-45.3211647839085,2.83430174703749));
#10620=CARTESIAN_POINT('Ctrl Pts',(-22.7366534199609,-46.4412998234116,
52.8343017470375));
#10621=CARTESIAN_POINT('Ctrl Pts',(-22.7366534199609,-46.4412998234116,
2.83430174703749));
#10622=CARTESIAN_POINT('Ctrl Pts',(-22.1053941037252,-47.3395072856584,
52.8343017470375));
#10623=CARTESIAN_POINT('Ctrl Pts',(-22.1053941037252,-47.3395072856584,
2.83430174703749));
#10624=CARTESIAN_POINT('Ctrl Pts',(-21.8848752975464,-47.6532795060143,
52.8343017470375));
#10625=CARTESIAN_POINT('Ctrl Pts',(-21.8848752975464,-47.6532795060143,
2.83430174703749));
#10626=CARTESIAN_POINT('',(-21.8848752975464,-47.6532795060143,52.8343017470375));
#10627=CARTESIAN_POINT('Ctrl Pts',(-21.8848752975464,-47.6532795060143,
52.8343017470375));
#10628=CARTESIAN_POINT('Ctrl Pts',(-21.8848752975464,-47.6532795060143,
2.83430174703749));
#10629=CARTESIAN_POINT('Ctrl Pts',(-21.5983264519963,-47.8702550902894,
52.8343017470375));
#10630=CARTESIAN_POINT('Ctrl Pts',(-21.5983264519963,-47.8702550902894,
2.83430174703749));
#10631=CARTESIAN_POINT('Ctrl Pts',(-21.1326369651244,-48.2228764673216,
52.8343017470375));
#10632=CARTESIAN_POINT('Ctrl Pts',(-21.1326369651244,-48.2228764673216,
2.83430174703748));
#10633=CARTESIAN_POINT('Ctrl Pts',(-20.9520762259342,-48.7700919571089,
52.8343017470375));
#10634=CARTESIAN_POINT('Ctrl Pts',(-20.9520762259342,-48.7700919571089,
2.83430174703748));
#10635=CARTESIAN_POINT('Ctrl Pts',(-20.8826184272766,-48.9805938828453,
52.8343017470375));
#10636=CARTESIAN_POINT('Ctrl Pts',(-20.8826184272766,-48.9805938828453,
2.83430174703748));
#10637=CARTESIAN_POINT('Ctrl Pts',(-28.2776522636414,-50.5246116745934,
52.8343017470375));
#10638=CARTESIAN_POINT('Ctrl Pts',(-28.2776522636414,-50.5246116745934,
2.83430174703748));
#10639=CARTESIAN_POINT('Ctrl Pts',(-28.1509779025709,-49.4445520805519,
52.8343017470375));
#10640=CARTESIAN_POINT('Ctrl Pts',(-28.1509779025709,-49.4445520805519,
2.83430174703748));
#10641=CARTESIAN_POINT('Ctrl Pts',(-27.919740090752,-47.4729564470736,52.8343017470375));
#10642=CARTESIAN_POINT('Ctrl Pts',(-27.919740090752,-47.4729564470736,2.83430174703749));
#10643=CARTESIAN_POINT('Ctrl Pts',(-27.8490993561509,-45.4893124591986,
52.8343017470375));
#10644=CARTESIAN_POINT('Ctrl Pts',(-27.8490993561509,-45.4893124591985,
2.83430174703749));
#10645=CARTESIAN_POINT('Ctrl Pts',(-27.8171563148498,-44.5923282731041,
52.8343017470375));
#10646=CARTESIAN_POINT('Ctrl Pts',(-27.8171563148498,-44.5923282731041,
2.83430174703749));
#10647=CARTESIAN_POINT('',(-27.8171563148498,-44.5923282731041,52.8343017470375));
#10648=CARTESIAN_POINT('Ctrl Pts',(-28.2776522636414,-50.5246116745934,
52.8343017470375));
#10649=CARTESIAN_POINT('Ctrl Pts',(-28.2776522636414,-50.5246116745934,
2.83430174703748));
#10650=CARTESIAN_POINT('Ctrl Pts',(-28.1509779025709,-49.4445520805519,
52.8343017470375));
#10651=CARTESIAN_POINT('Ctrl Pts',(-28.1509779025709,-49.4445520805519,
2.83430174703748));
#10652=CARTESIAN_POINT('Ctrl Pts',(-27.919740090752,-47.4729564470736,52.8343017470375));
#10653=CARTESIAN_POINT('Ctrl Pts',(-27.919740090752,-47.4729564470736,2.83430174703749));
#10654=CARTESIAN_POINT('Ctrl Pts',(-27.8490993561509,-45.4893124591986,
52.8343017470375));
#10655=CARTESIAN_POINT('Ctrl Pts',(-27.8490993561509,-45.4893124591985,
2.83430174703749));
#10656=CARTESIAN_POINT('Ctrl Pts',(-27.8171563148498,-44.5923282731041,
52.8343017470375));
#10657=CARTESIAN_POINT('Ctrl Pts',(-27.8171563148498,-44.5923282731041,
2.83430174703749));
#10658=CARTESIAN_POINT('',(-27.8171563148498,-44.5923282731041,52.8343017470375));
#10659=CARTESIAN_POINT('Origin',(-27.8171563148498,-44.5923282731041,52.8343017470375));
#10660=CARTESIAN_POINT('Origin',(-27.8171563148498,-44.5923282731041,52.8343017470375));
#10661=CARTESIAN_POINT('Origin',(-27.8171563148498,-44.5923282731041,52.8343017470375));
#10662=CARTESIAN_POINT('Ctrl Pts',(-41.1986434459686,-39.9873640168175,
52.8343017470375));
#10663=CARTESIAN_POINT('Ctrl Pts',(-41.1986434459686,-39.9873640168175,
2.83430174703749));
#10664=CARTESIAN_POINT('Ctrl Pts',(-42.0322112854914,-40.0070446177158,
52.8343017470375));
#10665=CARTESIAN_POINT('Ctrl Pts',(-42.0322112854914,-40.0070446177158,
2.83430174703749));
#10666=CARTESIAN_POINT('Ctrl Pts',(-44.033270427511,-40.0542897781945,52.8343017470375));
#10667=CARTESIAN_POINT('Ctrl Pts',(-44.033270427511,-40.0542897781945,2.83430174703749));
#10668=CARTESIAN_POINT('Ctrl Pts',(-46.0237695318084,-40.2686316095649,
52.8343017470375));
#10669=CARTESIAN_POINT('Ctrl Pts',(-46.0237695318084,-40.2686316095649,
2.83430174703749));
#10670=CARTESIAN_POINT('Ctrl Pts',(-47.1850997209549,-40.3936864960655,
52.8343017470375));
#10671=CARTESIAN_POINT('Ctrl Pts',(-47.1850997209549,-40.3936864960655,
2.83430174703749));
#10672=CARTESIAN_POINT('Origin',(-25.5282165110111,-25.2650191414818,2.8343017470375));
#10673=CARTESIAN_POINT('',(-28.0701700954406,-7.41210899742102,2.83430174703751));
#10674=CARTESIAN_POINT('Ctrl Pts',(-27.5166768876383,-4.,2.83430174703751));
#10675=CARTESIAN_POINT('Ctrl Pts',(-27.6754029518405,-5.14265329624358,
2.83430174703751));
#10676=CARTESIAN_POINT('Ctrl Pts',(-27.8511715679925,-6.2818125798699,2.83430174703751));
#10677=CARTESIAN_POINT('Ctrl Pts',(-28.0701700954406,-7.41210899742102,
2.83430174703751));
#10678=CARTESIAN_POINT('',(-33.6065213564711,-7.41210899742099,2.83430174703751));
#10679=CARTESIAN_POINT('Ctrl Pts',(-28.0701700954406,-7.41210899742102,
2.83430174703751));
#10680=CARTESIAN_POINT('Ctrl Pts',(-29.9156205157841,-7.41210899742101,
2.83430174703751));
#10681=CARTESIAN_POINT('Ctrl Pts',(-31.7610709361276,-7.412108997421,2.83430174703751));
#10682=CARTESIAN_POINT('Ctrl Pts',(-33.6065213564711,-7.41210899742099,
2.83430174703751));
#10683=CARTESIAN_POINT('Ctrl Pts',(-33.6065213564711,-7.41210899742099,
2.83430174703751));
#10684=CARTESIAN_POINT('Ctrl Pts',(-33.5766360256229,-7.27520003420234,
2.83430174703751));
#10685=CARTESIAN_POINT('Ctrl Pts',(-33.3367001714978,-6.14631284500685,
2.83430174703751));
#10686=CARTESIAN_POINT('Ctrl Pts',(-33.1519062981288,-5.00618407156811,
2.83430174703751));
#10687=CARTESIAN_POINT('Ctrl Pts',(-33.0115379875424,-4.,2.83430174703751));
#10688=CARTESIAN_POINT('Ctrl Pts',(-27.2212195396423,-1.76614781503527,
52.8343017470375));
#10689=CARTESIAN_POINT('Ctrl Pts',(-27.2212195396423,-1.76614781503525,
2.83430174703751));
#10690=CARTESIAN_POINT('Ctrl Pts',(-27.4865658471053,-3.82394187240937,
52.8343017470375));
#10691=CARTESIAN_POINT('Ctrl Pts',(-27.4865658471053,-3.82394187240935,
2.83430174703751));
#10692=CARTESIAN_POINT('Ctrl Pts',(-28.0077305975792,-7.86564019748463,
52.8343017470375));
#10693=CARTESIAN_POINT('Ctrl Pts',(-28.0077305975792,-7.8656401974846,2.83430174703751));
#10694=CARTESIAN_POINT('Ctrl Pts',(-29.1154220846663,-11.787090579405,52.8343017470375));
#10695=CARTESIAN_POINT('Ctrl Pts',(-29.1154220846663,-11.787090579405,2.8343017470375));
#10696=CARTESIAN_POINT('Ctrl Pts',(-29.6591424942017,-13.7119700539574,
52.8343017470375));
#10697=CARTESIAN_POINT('Ctrl Pts',(-29.6591424942017,-13.7119700539574,
2.8343017470375));
#10698=CARTESIAN_POINT('',(-27.2212195396423,-1.76614781503525,5.12134732666584));
#10699=CARTESIAN_POINT('Ctrl Pts',(-27.3250562044411,-2.56875391801237,
4.00000000071197));
#10700=CARTESIAN_POINT('Ctrl Pts',(-27.2956421278078,-2.34289037316949,
4.35558713650003));
#10701=CARTESIAN_POINT('Ctrl Pts',(-27.262317136198,-2.08486485607166,4.71714650129333));
#10702=CARTESIAN_POINT('Ctrl Pts',(-27.2212195396423,-1.76614781503526,
5.12134732666584));
#10703=CARTESIAN_POINT('',(-27.2212195396423,-1.76614781503525,7.07115440428505));
#10704=CARTESIAN_POINT('',(-27.2212195396423,-1.76614781503527,52.8343017470375));
#10705=CARTESIAN_POINT('',(-27.6284697651867,-4.78270631771655,8.0834572648951));
#10706=CARTESIAN_POINT('Ctrl Pts',(-27.2212195396423,-1.76614781503525,
7.07115440428505));
#10707=CARTESIAN_POINT('Ctrl Pts',(-27.2668510620401,-2.12002602241177,
7.17159198797607));
#10708=CARTESIAN_POINT('Ctrl Pts',(-27.3124010002018,-2.4732471835853,7.27539572481875));
#10709=CARTESIAN_POINT('Ctrl Pts',(-27.3584812766959,-2.8245284185991,7.38505233475439));
#10710=CARTESIAN_POINT('Ctrl Pts',(-27.3768996359018,-2.96493608237627,
7.42888225472772));
#10711=CARTESIAN_POINT('Ctrl Pts',(-27.395402260455,-3.10503391569239,7.4736472376139));
#10712=CARTESIAN_POINT('Ctrl Pts',(-27.4140256865473,-3.24474051844889,
7.5195060775501));
#10713=CARTESIAN_POINT('Ctrl Pts',(-27.4415552084067,-3.45125761983653,
7.58729553423834));
#10714=CARTESIAN_POINT('Ctrl Pts',(-27.469083922445,-3.65496342588056,7.65683779206216));
#10715=CARTESIAN_POINT('Ctrl Pts',(-27.4971956992335,-3.85913119439455,
7.72982793969155));
#10716=CARTESIAN_POINT('Ctrl Pts',(-27.5205731101297,-4.02891462189573,
7.79052565671384));
#10717=CARTESIAN_POINT('Ctrl Pts',(-27.544353207796,-4.19901762144656,7.85360772154197));
#10718=CARTESIAN_POINT('Ctrl Pts',(-27.5689079734569,-4.37131513708954,
7.92004893696853));
#10719=CARTESIAN_POINT('Ctrl Pts',(-27.5840774508905,-4.47775733700726,
7.96109508385475));
#10720=CARTESIAN_POINT('Ctrl Pts',(-27.5995433122694,-4.5850369330095,8.00342326351474));
#10721=CARTESIAN_POINT('Ctrl Pts',(-27.615403314067,-4.69359393619882,8.04726331363632));
#10722=CARTESIAN_POINT('Ctrl Pts',(-27.6197460738378,-4.72331883738828,
8.05926752450913));
#10723=CARTESIAN_POINT('Ctrl Pts',(-27.6241014103346,-4.75302291485223,
8.07133278027426));
#10724=CARTESIAN_POINT('Ctrl Pts',(-27.6284697651867,-4.78270631771653,
8.0834572648951));
#10725=CARTESIAN_POINT('',(-27.6284697651867,-4.78270631771661,7.42014408111587));
#10726=CARTESIAN_POINT('Ctrl Pts',(-27.6284697651867,-4.78270631771655,
8.0834572648951));
#10727=CARTESIAN_POINT('Ctrl Pts',(-27.6284697651867,-4.78270631771656,
7.86235287030202));
#10728=CARTESIAN_POINT('Ctrl Pts',(-27.6284697651867,-4.78270631771659,
7.64124847570896));
#10729=CARTESIAN_POINT('Ctrl Pts',(-27.6284697651867,-4.78270631771661,
7.42014408111587));
#10730=CARTESIAN_POINT('',(-29.6547917568579,-13.6965675597231,7.42014408111587));
#10731=CARTESIAN_POINT('Ctrl Pts',(-27.6284697651863,-4.78270631771413,
7.42014408111587));
#10732=CARTESIAN_POINT('Ctrl Pts',(-27.7825877850351,-5.82995349124175,
7.42014408111587));
#10733=CARTESIAN_POINT('Ctrl Pts',(-27.956111404145,-6.873222187317,7.42014408111587));
#10734=CARTESIAN_POINT('Ctrl Pts',(-28.1693005561829,-7.90835877542344,
7.42014408111587));
#10735=CARTESIAN_POINT('Ctrl Pts',(-28.5706283645202,-9.85699966199564,
7.42014408111587));
#10736=CARTESIAN_POINT('Ctrl Pts',(-29.1125225967046,-11.7768220441603,
7.42014408111587));
#10737=CARTESIAN_POINT('Ctrl Pts',(-29.6547917568579,-13.6965675597231,
7.42014408111587));
#10738=CARTESIAN_POINT('',(-28.8724453395312,-10.8636193594367,4.97742555919469));
#10739=CARTESIAN_POINT('Ctrl Pts',(-29.6547917568579,-13.6965675597231,
7.42014408111588));
#10740=CARTESIAN_POINT('Ctrl Pts',(-29.3834602423057,-12.7359976129735,
6.4405528558728));
#10741=CARTESIAN_POINT('Ctrl Pts',(-29.1320177421937,-11.8480124054034,
5.75525502962717));
#10742=CARTESIAN_POINT('Ctrl Pts',(-28.8724453395312,-10.8636193594367,
4.97742555919469));
#10743=CARTESIAN_POINT('Ctrl Pts',(-28.8724453395312,-10.8636193594368,
4.97742555919469));
#10744=CARTESIAN_POINT('Ctrl Pts',(-28.6480497282018,-10.0126295120095,
4.41613996938836));
#10745=CARTESIAN_POINT('Ctrl Pts',(-28.3484631638716,-8.84843672958448,
3.62364990166211));
#10746=CARTESIAN_POINT('Ctrl Pts',(-28.0701700954406,-7.41210899742102,
2.83430174703751));
#10747=CARTESIAN_POINT('Origin',(-27.6284697651866,0.,23.3020853996278));
#10748=CARTESIAN_POINT('',(-27.6284697651867,-2.93623520404217,7.42014408111587));
#10749=CARTESIAN_POINT('Ctrl Pts',(-27.6284697651867,-2.93623520401511,
7.42014408110732));
#10750=CARTESIAN_POINT('Ctrl Pts',(-27.6284697651867,-3.37106697586787,
7.5576204656569));
#10751=CARTESIAN_POINT('Ctrl Pts',(-27.6284697651867,-3.80241790439879,
7.70439942388178));
#10752=CARTESIAN_POINT('Ctrl Pts',(-27.6284697651867,-4.22846368164135,
7.86535642925085));
#10753=CARTESIAN_POINT('Ctrl Pts',(-27.6284697651867,-4.41416326351611,
7.93551238476882));
#10754=CARTESIAN_POINT('Ctrl Pts',(-27.6284697651867,-4.59885496941167,
8.0083618946026));
#10755=CARTESIAN_POINT('Ctrl Pts',(-27.6284697651867,-4.78270631771853,
8.08345726489591));
#10756=CARTESIAN_POINT('',(-27.6284697651867,0.,7.42014408111587));
#10757=CARTESIAN_POINT('Origin',(-27.6284697651867,0.,7.42014408111587));
#10758=CARTESIAN_POINT('',(-32.8706166814128,-2.93623520404214,7.42014408111587));
#10759=CARTESIAN_POINT('Ctrl Pts',(-32.8706166814128,-2.93623520404214,
7.42014408111587));
#10760=CARTESIAN_POINT('Ctrl Pts',(-31.1232343760041,-2.93623520404215,
7.42014408111587));
#10761=CARTESIAN_POINT('Ctrl Pts',(-29.3758520705954,-2.93623520404216,
7.42014408111587));
#10762=CARTESIAN_POINT('Ctrl Pts',(-27.6284697651867,-2.93623520404217,
7.42014408111587));
#10763=CARTESIAN_POINT('',(-34.9954843521118,-12.6013614762291,7.42014408111587));
#10764=CARTESIAN_POINT('Ctrl Pts',(-34.9954843521118,-12.6013614762291,
7.42014408111587));
#10765=CARTESIAN_POINT('Ctrl Pts',(-34.4521120278103,-10.7449967912123,
7.42014408111587));
#10766=CARTESIAN_POINT('Ctrl Pts',(-33.9087397035087,-8.88863210619556,
7.42014408111588));
#10767=CARTESIAN_POINT('Ctrl Pts',(-33.5191857814789,-7.0009090531334,7.42014408111588));
#10768=CARTESIAN_POINT('Ctrl Pts',(-33.2421478766219,-5.65842266037574,
7.42014408111588));
#10769=CARTESIAN_POINT('Ctrl Pts',(-33.0429049425201,-4.30007650513849,
7.42014408111588));
#10770=CARTESIAN_POINT('Ctrl Pts',(-32.8706166814128,-2.93623520404207,
7.42014408111588));
#10771=CARTESIAN_POINT('',(-29.7331496433869,-13.6965675597231,7.42014408111587));
#10772=CARTESIAN_POINT('',(-30.0535996657614,-13.6298749539908,7.42014408111587));
#10773=CARTESIAN_POINT('Ctrl Pts',(-29.6547917568579,-13.6965675597231,
7.42014408111587));
#10774=CARTESIAN_POINT('Ctrl Pts',(-29.6809110523676,-13.6965675597231,
7.42014408111587));
#10775=CARTESIAN_POINT('Ctrl Pts',(-29.7070303478772,-13.6965675597231,
7.42014408111587));
#10776=CARTESIAN_POINT('Ctrl Pts',(-29.7331496433869,-13.6965675597231,
7.42014408111587));
#10777=CARTESIAN_POINT('Ctrl Pts',(-50.5794921182752,-3.97117665618957,
1.12299822154821));
#10778=CARTESIAN_POINT('Ctrl Pts',(-0.579492118275216,-3.9711766561898,
1.12299822154821));
#10779=CARTESIAN_POINT('Ctrl Pts',(-50.5794921182752,-3.58691757568451,
2.0385695463551));
#10780=CARTESIAN_POINT('Ctrl Pts',(-0.579492118275207,-3.58691757568474,
2.0385695463551));
#10781=CARTESIAN_POINT('Ctrl Pts',(-50.5794921182752,-2.72346673151141,
4.09590761177207));
#10782=CARTESIAN_POINT('Ctrl Pts',(-0.579492118275207,-2.72346673151164,
4.09590761177207));
#10783=CARTESIAN_POINT('Ctrl Pts',(-50.5794921182752,-1.2433129956965,5.77120445760759));
#10784=CARTESIAN_POINT('Ctrl Pts',(-0.579492118275198,-1.24331299569673,
5.77120445760759));
#10785=CARTESIAN_POINT('Ctrl Pts',(-50.5794921182752,-0.421867879334109,
6.70094869914831));
#10786=CARTESIAN_POINT('Ctrl Pts',(-0.579492118275198,-0.421867879334334,
6.70094869914831));
#10787=CARTESIAN_POINT('',(-32.6117372512817,-0.763888560579688,6.31294281626055));
#10788=CARTESIAN_POINT('Ctrl Pts',(-32.6117372512817,-0.763888560579687,
6.31294281626055));
#10789=CARTESIAN_POINT('Ctrl Pts',(-32.7041826149408,-1.5635864162569,5.40152837426188));
#10790=CARTESIAN_POINT('Ctrl Pts',(-32.767097339557,-2.09940538905272,4.73891650168988));
#10791=CARTESIAN_POINT('Ctrl Pts',(-32.8248252487357,-2.5687539360647,3.99999997229134));
#10792=CARTESIAN_POINT('Ctrl Pts',(-27.2212195396423,-1.76614781503525,
5.12134732666584));
#10793=CARTESIAN_POINT('Ctrl Pts',(-28.9926466887529,-1.43678626782127,
5.5390476441542));
#10794=CARTESIAN_POINT('Ctrl Pts',(-30.9151830784243,-1.07932897120296,
5.95343585523641));
#10795=CARTESIAN_POINT('Ctrl Pts',(-32.6117372512817,-0.763888560579688,
6.31294281626055));
#10796=CARTESIAN_POINT('Ctrl Pts',(-50.5794921182753,-15.7868008932501,
9.81483839336217));
#10797=CARTESIAN_POINT('Ctrl Pts',(-0.579492118275269,-15.7868008932504,
9.81483839336217));
#10798=CARTESIAN_POINT('Ctrl Pts',(-50.5794921182753,-15.0257270832748,
8.89044714211536));
#10799=CARTESIAN_POINT('Ctrl Pts',(-0.57949211827526,-15.025727083275,8.89044714211536));
#10800=CARTESIAN_POINT('Ctrl Pts',(-50.5794921182753,-13.5548385250283,
7.10392328992002));
#10801=CARTESIAN_POINT('Ctrl Pts',(-0.579492118275251,-13.5548385250285,
7.10392328992002));
#10802=CARTESIAN_POINT('Ctrl Pts',(-50.5794921182752,-11.7396060417412,
5.66959649639769));
#10803=CARTESIAN_POINT('Ctrl Pts',(-0.579492118275242,-11.7396060417414,
5.66959649639769));
#10804=CARTESIAN_POINT('Ctrl Pts',(-50.5794921182752,-10.8636193594366,
4.97742555919469));
#10805=CARTESIAN_POINT('Ctrl Pts',(-0.579492118275242,-10.8636193594369,
4.97742555919469));
#10806=CARTESIAN_POINT('',(-34.9954843521118,-12.6013614762291,6.39433584908866));
#10807=CARTESIAN_POINT('Ctrl Pts',(-34.9954843521118,-12.6013614762291,
6.39433584908866));
#10808=CARTESIAN_POINT('Ctrl Pts',(-33.2929050916664,-12.9557051785746,
6.70189341510109));
#10809=CARTESIAN_POINT('Ctrl Pts',(-31.5485354206563,-13.3187463725118,
7.03484125027516));
#10810=CARTESIAN_POINT('Ctrl Pts',(-29.7331496433869,-13.6965675597231,
7.42014408111587));
#10811=CARTESIAN_POINT('',(-34.4917776676944,-10.8636193594367,4.97742555919469));
#10812=CARTESIAN_POINT('Ctrl Pts',(-34.4917776676944,-10.8636193594367,
4.97742555919469));
#10813=CARTESIAN_POINT('Ctrl Pts',(-34.6588340735719,-11.4514693223281,
5.44192195847644));
#10814=CARTESIAN_POINT('Ctrl Pts',(-34.8306981056212,-12.0383895417368,
5.90569649481291));
#10815=CARTESIAN_POINT('Ctrl Pts',(-34.9954843521118,-12.6013614762291,
6.39433584908866));
#10816=CARTESIAN_POINT('',(-50.5794921182752,-10.8636193594366,4.97742555919469));
#10817=CARTESIAN_POINT('Ctrl Pts',(-50.5794921182752,-10.8636193594366,
4.97742555919469));
#10818=CARTESIAN_POINT('Ctrl Pts',(-0.579492118275242,-10.8636193594369,
4.97742555919469));
#10819=CARTESIAN_POINT('Ctrl Pts',(-50.5794921182752,-9.86293131344239,
4.31740384235975));
#10820=CARTESIAN_POINT('Ctrl Pts',(-0.579492118275242,-9.86293131344262,
4.31740384235975));
#10821=CARTESIAN_POINT('Ctrl Pts',(-50.5794921182752,-7.66033214653004,
2.86464012697002));
#10822=CARTESIAN_POINT('Ctrl Pts',(-0.579492118275224,-7.66033214653026,
2.86464012697002));
#10823=CARTESIAN_POINT('Ctrl Pts',(-50.5794921182752,-5.27357748208394,
1.73785868540582));
#10824=CARTESIAN_POINT('Ctrl Pts',(-0.579492118275216,-5.27357748208416,
1.73785868540582));
#10825=CARTESIAN_POINT('Ctrl Pts',(-50.5794921182752,-3.97117665618957,
1.12299822154821));
#10826=CARTESIAN_POINT('Ctrl Pts',(-0.579492118275216,-3.9711766561898,
1.12299822154821));
#10827=CARTESIAN_POINT('Ctrl Pts',(-33.6065213564711,-7.41210899742099,
2.83430174703751));
#10828=CARTESIAN_POINT('Ctrl Pts',(-33.6368975943314,-7.55126687568082,
2.9107773395824));
#10829=CARTESIAN_POINT('Ctrl Pts',(-33.6675870838411,-7.68835094290114,
2.9874974528799));
#10830=CARTESIAN_POINT('Ctrl Pts',(-33.6985664698163,-7.8235440573127,3.06464575115025));
#10831=CARTESIAN_POINT('Ctrl Pts',(-33.7337673247022,-7.97715953586904,
3.15230681887689));
#10832=CARTESIAN_POINT('Ctrl Pts',(-33.7693424657156,-8.12833588207038,
3.24051667785747));
#10833=CARTESIAN_POINT('Ctrl Pts',(-33.805257629926,-8.27755210694093,3.32917170992029));
#10834=CARTESIAN_POINT('Ctrl Pts',(-33.8441947502344,-8.43932361007835,
3.42528631012506));
#10835=CARTESIAN_POINT('Ctrl Pts',(-33.8835315211632,-8.59879114845673,
3.52192434677647));
#10836=CARTESIAN_POINT('Ctrl Pts',(-33.9232242828439,-8.75653327202131,
3.61901013508536));
#10837=CARTESIAN_POINT('Ctrl Pts',(-33.9560683380352,-8.88705810307324,
3.69934445435407));
#10838=CARTESIAN_POINT('Ctrl Pts',(-33.9891561348104,-9.01640083345362,
3.77998664316704));
#10839=CARTESIAN_POINT('Ctrl Pts',(-34.0224629377777,-9.14487612049175,
3.86091704456671));
#10840=CARTESIAN_POINT('Ctrl Pts',(-34.0828665734226,-9.37787279793435,
4.00768857600234));
#10841=CARTESIAN_POINT('Ctrl Pts',(-34.144664596165,-9.6102279696722,4.15681357048524));
#10842=CARTESIAN_POINT('Ctrl Pts',(-34.2074480940953,-9.84165013443862,
4.30699502499453));
#10843=CARTESIAN_POINT('Ctrl Pts',(-34.2862702721424,-10.1321914339293,
4.49554185237629));
#10844=CARTESIAN_POINT('Ctrl Pts',(-34.3666457365904,-10.4212659494028,
4.68574711913951));
#10845=CARTESIAN_POINT('Ctrl Pts',(-34.4477653197585,-10.7083181165183,
4.87500662855042));
#10846=CARTESIAN_POINT('Ctrl Pts',(-34.4624134270073,-10.7601523440341,
4.90918202101975));
#10847=CARTESIAN_POINT('Ctrl Pts',(-34.4770857977776,-10.8119205626139,
4.94332669214629));
#10848=CARTESIAN_POINT('Ctrl Pts',(-34.4917776676944,-10.8636193594367,
4.97742555919469));
#10849=CARTESIAN_POINT('Ctrl Pts',(-50.5794921182752,-0.421867879334109,
6.70094869914831));
#10850=CARTESIAN_POINT('Ctrl Pts',(-0.579492118275198,-0.421867879334334,
6.70094869914831));
#10851=CARTESIAN_POINT('Ctrl Pts',(-50.5794921182752,-1.70568777964481,
7.04911826733829));
#10852=CARTESIAN_POINT('Ctrl Pts',(-0.579492118275198,-1.70568777964504,
7.04911826733829));
#10853=CARTESIAN_POINT('Ctrl Pts',(-50.5794921182752,-4.14722824631094,
7.71125949897974));
#10854=CARTESIAN_POINT('Ctrl Pts',(-0.579492118275216,-4.14722824631117,
7.71125949897974));
#10855=CARTESIAN_POINT('Ctrl Pts',(-50.5794921182752,-6.42650677543974,
8.80704668623423));
#10856=CARTESIAN_POINT('Ctrl Pts',(-0.579492118275224,-6.42650677543997,
8.80704668623423));
#10857=CARTESIAN_POINT('Ctrl Pts',(-50.5794921182752,-7.50728658050599,
9.32664297405065));
#10858=CARTESIAN_POINT('Ctrl Pts',(-0.579492118275224,-7.50728658050621,
9.32664297405065));
#10859=CARTESIAN_POINT('',(-32.6117372512817,-0.763888560579688,6.79379658219057));
#10860=CARTESIAN_POINT('Ctrl Pts',(-32.6117372512817,-0.763888560579688,
6.79379658219057));
#10861=CARTESIAN_POINT('Ctrl Pts',(-30.8204244841641,-1.09694744184289,
6.88439184074896));
#10862=CARTESIAN_POINT('Ctrl Pts',(-29.0168560274038,-1.43228502415507,
6.9763975888006));
#10863=CARTESIAN_POINT('Ctrl Pts',(-27.2212195396423,-1.76614781503526,
7.07115440428506));
#10864=CARTESIAN_POINT('Ctrl Pts',(-32.8706166814128,-2.93623520404219,
7.42014408111589));
#10865=CARTESIAN_POINT('Ctrl Pts',(-32.8563405178999,-2.82309771551162,
7.38437454014151));
#10866=CARTESIAN_POINT('Ctrl Pts',(-32.8418097828821,-2.7066907459519,7.34827578066926));
#10867=CARTESIAN_POINT('Ctrl Pts',(-32.8270062902002,-2.58647605969131,
7.31169422388561));
#10868=CARTESIAN_POINT('Ctrl Pts',(-32.7858914405767,-2.25259480245538,
7.21009352474893));
#10869=CARTESIAN_POINT('Ctrl Pts',(-32.7459288716282,-1.91670004580621,
7.11309650724963));
#10870=CARTESIAN_POINT('Ctrl Pts',(-32.7065288806074,-1.58027888828368,
7.01871239672564));
#10871=CARTESIAN_POINT('Ctrl Pts',(-32.6746677307906,-1.30822895569116,
6.94238785431294));
#10872=CARTESIAN_POINT('Ctrl Pts',(-32.6431744670346,-1.03583593609929,
6.86776891616957));
#10873=CARTESIAN_POINT('Ctrl Pts',(-32.6117372512817,-0.763888560579687,
6.79379658219057));
#10874=CARTESIAN_POINT('Origin',(-29.6591424942017,-13.7119700539574,52.8343017470375));
#10875=CARTESIAN_POINT('',(-34.9954843521118,-12.6013614762291,52.8343017470375));
#10876=CARTESIAN_POINT('Ctrl Pts',(-34.9954843521118,-12.6013614762291,
52.8343017470375));
#10877=CARTESIAN_POINT('Ctrl Pts',(-34.9954843521118,-12.6013614762291,
2.8343017470375));
#10878=CARTESIAN_POINT('Ctrl Pts',(-34.4521120278103,-10.7449967912123,
52.8343017470375));
#10879=CARTESIAN_POINT('Ctrl Pts',(-34.4521120278103,-10.7449967912123,
2.8343017470375));
#10880=CARTESIAN_POINT('Ctrl Pts',(-33.3174333247611,-6.86850662236051,
52.8343017470375));
#10881=CARTESIAN_POINT('Ctrl Pts',(-33.3174333247611,-6.86850662236048,
2.83430174703751));
#10882=CARTESIAN_POINT('Ctrl Pts',(-32.8535021391167,-2.85527372828415,
52.8343017470375));
#10883=CARTESIAN_POINT('Ctrl Pts',(-32.8535021391167,-2.85527372828413,
2.83430174703751));
#10884=CARTESIAN_POINT('Ctrl Pts',(-32.6117372512817,-0.763888560579709,
52.8343017470375));
#10885=CARTESIAN_POINT('Ctrl Pts',(-32.6117372512817,-0.763888560579686,
2.83430174703751));
#10886=CARTESIAN_POINT('',(-32.6117372512817,-0.763888560579709,52.8343017470375));
#10887=CARTESIAN_POINT('Origin',(-32.6117372512817,-0.763888560579709,52.8343017470375));
#10888=UNCERTAINTY_MEASURE_WITH_UNIT(LENGTH_MEASURE(0.01),#10892,
'DISTANCE_ACCURACY_VALUE',
'Maximum model space distance between geometric entities at asserted c
onnectivities');
#10889=UNCERTAINTY_MEASURE_WITH_UNIT(LENGTH_MEASURE(0.01),#10892,
'DISTANCE_ACCURACY_VALUE',
'Maximum model space distance between geometric entities at asserted c
onnectivities');
#10890=(
GEOMETRIC_REPRESENTATION_CONTEXT(3)
GLOBAL_UNCERTAINTY_ASSIGNED_CONTEXT((#10888))
GLOBAL_UNIT_ASSIGNED_CONTEXT((#10892,#10893,#10894))
REPRESENTATION_CONTEXT('','3D')
);
#10891=(
GEOMETRIC_REPRESENTATION_CONTEXT(3)
GLOBAL_UNCERTAINTY_ASSIGNED_CONTEXT((#10889))
GLOBAL_UNIT_ASSIGNED_CONTEXT((#10892,#10893,#10894))
REPRESENTATION_CONTEXT('','3D')
);
#10892=(
LENGTH_UNIT()
NAMED_UNIT(*)
SI_UNIT(.MILLI.,.METRE.)
);
#10893=(
NAMED_UNIT(*)
PLANE_ANGLE_UNIT()
SI_UNIT($,.RADIAN.)
);
#10894=(
NAMED_UNIT(*)
SI_UNIT($,.STERADIAN.)
SOLID_ANGLE_UNIT()
);
#10895=SHAPE_DEFINITION_REPRESENTATION(#10896,#10897);
#10896=PRODUCT_DEFINITION_SHAPE('',$,#10899);
#10897=SHAPE_REPRESENTATION('',(#5042),#10890);
#10898=PRODUCT_DEFINITION_CONTEXT('part definition',#10903,'design');
#10899=PRODUCT_DEFINITION('2','2 v5',#10900,#10898);
#10900=PRODUCT_DEFINITION_FORMATION('',$,#10905);
#10901=PRODUCT_RELATED_PRODUCT_CATEGORY('2 v5','2 v5',(#10905));
#10902=APPLICATION_PROTOCOL_DEFINITION('international standard',
'automotive_design',2009,#10903);
#10903=APPLICATION_CONTEXT(
'Core Data for Automotive Mechanical Design Process');
#10904=PRODUCT_CONTEXT('part definition',#10903,'mechanical');
#10905=PRODUCT('2','2 v5',$,(#10904));
#10906=PRESENTATION_STYLE_ASSIGNMENT((#10907));
#10907=SURFACE_STYLE_USAGE(.BOTH.,#10908);
#10908=SURFACE_SIDE_STYLE('',(#10909));
#10909=SURFACE_STYLE_FILL_AREA(#10910);
#10910=FILL_AREA_STYLE('\X2\94A2\X0\ - \X2\7F0E5149\X0\',(#10911));
#10911=FILL_AREA_STYLE_COLOUR('\X2\94A2\X0\ - \X2\7F0E5149\X0\',#10912);
#10912=COLOUR_RGB('\X2\94A2\X0\ - \X2\7F0E5149\X0\',0.627450980392157,0.627450980392157,
0.627450980392157);
ENDSEC;
END-ISO-10303-21;
